year,org_short,utility_parent_company,utility_entity_matched,contributor_name,amount_usd,contribution_date,match_type
2026,DGA,Avangrid,Avangrid,AVANGRID INC.,250000,2026-03-06,entity_simplified
2026,DGA,Dominion Energy,Dominion Energy Services,DOMINION ENERGY SERVICES INC.,250000,2026-02-18,entity_simplified
2026,DGA,Vistra Energy,Vistra Corporate Services,VISTRA CORPORATE SERVICES CO,250000,2026-01-30,entity_simplified
2026,RAGA,Dominion Energy,Dominion Energy,DOMINION ENERGY,250000,2026-06-26,entity_exact
2026,RGA,Vistra Energy,Vistra Energy,VISTRA OPERATIONS COMPANY LLC,250000,2026-06-29,entity_word_boundary
2026,RSLC,NextEra,NextEra,NEXTERA ENERGY CAPITAL HOLDINGS INC.,250000,2026-05-07,entity_word_boundary
2026,DGA,Southern Company,Southern Company Services,"SOUTHERN COMPANY SERVICES, INC.",150000,2026-01-05,entity_simplified
2026,RGA,Dominion Energy,Dominion Energy Services,DOMINION ENERGY SERVICES INC,150000,2026-02-10,entity_simplified
2026,RSLC,Dominion Energy,Dominion Energy Services,"DOMINION ENERGY SERVICES, INC.",150000,2026-01-26,entity_simplified
2026,RSLC,Dominion Energy,Dominion Energy Services,"DOMINION ENERGY SERVICES, INC.",150000,2026-06-12,entity_simplified
2026,DAGA,Dominion Energy,Dominion Energy,DOMINION ENERGY,125000,2026-02-18,entity_exact
2026,RAGA,NextEra,Florida Power & Light,FLORIDA POWER AND LIGHT COMPANY,125000,2026-01-06,entity_simplified
2026,RGA,American Electric Power,American Electric Power,AMERICAN ELECTRIC POWER,125000,2026-03-06,entity_exact
2026,DGA,American Electric Power,American Electric Power,AMERICAN ELECTRIC POWER,100000,2026-03-06,entity_exact
2026,DGA,Nuclear Energy Institute,Nuclear Energy Institute,NUCLEAR ENERGY INSTITUTE,100000,2026-01-16,entity_exact
2026,DLCC,Avangrid,Avangrid PAC,AVANGRID PAC,100000,2026-05-26,entity_exact
2026,DLCC,Vistra Energy,Vistra Corporate Services,VISTRA CORPORATE SERVICES COMPANY,100000,2026-02-12,entity_simplified
2026,GOPAC,Dominion Energy,Dominion Energy,DOMINION ENERGY,100000,2026-02-02,entity_exact
2026,RGA,Avangrid,Avangrid,AVANGRID INC,100000,2026-03-13,entity_simplified
2026,RGA,Duke Energy,Duke Energy,DUKE ENERGY CORP,100000,2026-03-04,entity_simplified
2026,RGA,Edison Electric Institute,Edison Electric Institute,EDISON ELECTRIC INSTITUTE,100000,2026-02-13,entity_exact
2026,RGA,Nuclear Energy Institute,Nuclear Energy Institute,NUCLEAR ENERGY INSTITUTE,100000,2026-04-02,entity_exact
2026,RSLC,Avangrid,Avangrid,AVANGRID,100000,2026-06-30,entity_exact
2026,RSLC,Southern Company,Southern Company Services,"SOUTHERN COMPANY SERVICES, INC.",100000,2026-03-12,entity_simplified
2026,RSLC,Vistra Energy,Vistra Energy,VISTRA OPERATIONS COMPANY LLC,100000,2026-02-11,entity_word_boundary
2026,DGA,NextEra,NextEra,NEXTERA ENERGY MARKETING LLC,75000,2026-05-29,entity_word_boundary
2026,DAGA,NRG Energy,NRG Energy,"NRG ENERGY, INC.",50000,2026-02-02,entity_simplified
2026,DGA,Exelon,Exelon Business Services,EXELON BUSINESS SERVICES,50000,2026-04-24,entity_exact
2026,DGA,FirstEnergy,First Energy,FIRST ENERGY SOLUTIONS CORPORATION,50000,2026-06-09,entity_simplified
2026,DGA,NRG Energy,NRG Energy,NRG ENERGY INC.,50000,2026-06-11,entity_simplified
2026,DGA,Xcel Energy,Xcel Energy,XCEL ENERGY,50000,2026-05-14,entity_exact
2026,DLCC,NextEra,NextEra,NEXTERA ENERGY RESOURCES,50000,2026-02-06,entity_word_boundary
2026,DLCC,Nuclear Energy Institute,Nuclear Energy Institute,NUCLEAR ENERGY INSTITUTE,50000,2026-04-02,entity_exact
2026,GOPAC,Pinnacle West Capital,APS,APS,50000,2026-02-05,entity_word_boundary
2026,GOPAC,Dominion Energy,Dominion Energy,DOMINION ENERGY,50000,2026-04-03,entity_exact
2026,GOPAC,NextEra,Florida Power & Light,FLORIDA POWER AND LIGHT COMPANY,50000,2026-01-09,entity_simplified
2026,GOPAC,NextEra,Florida Power & Light,FLORIDA POWER AND LIGHT COMPANY,50000,2026-01-28,entity_simplified
2026,RAGA,NRG Energy,NRG Energy,NRG ENERGY INC,50000,2026-02-05,entity_simplified
2026,RAGA,OGE Energy Corp,OGE Energy,OGE ENERGY CORP.,50000,2026-03-05,entity_simplified
2026,RGA,OGE Energy Corp,OGE Energy,OGE ENERGY CORPORATION,50000,2026-03-27,entity_simplified
2026,RGA,Xcel Energy,Xcel Energy Services,XCEL ENERGY SERVICES,50000,2026-05-28,entity_exact
2026,RSLC,American Gas Association,American Gas Association,AMERICAN GAS ASSOCIATION,50000,2026-02-27,entity_exact
2026,RSLC,NextEra,NextEra,NEXTERA ENERGY RESOURCES LLC,50000,2026-04-23,entity_word_boundary
2026,RSLC,Nuclear Energy Institute,Nuclear Energy Institute,NUCLEAR ENERGY INSTITUTE,50000,2026-01-15,entity_exact
2026,RSLC,Essential Utilities,Peoples Natural Gas,PEOPLES NATURAL GAS CO LLC,50000,2026-01-08,entity_simplified
2026,DAGA,Southern Company,Southern Company Services,"SOUTHERN COMPANY SERVICES, INC. IN-KIND",45675,2026-06-24,entity_simplified
2026,GOPAC,Pinnacle West Capital,APS,APS,35000,2026-02-02,entity_word_boundary
2026,DGA,National Grid,National Grid,NATIONAL GRID USA,30000,2026-03-31,entity_simplified
2026,RSLC,Essential Utilities,Peoples Natural Gas,PEOPLES NATURAL GAS CO LLC,30000,2026-01-08,entity_simplified
2026,DAGA,Alliant Energy,Alliant Energy,ALLIANT ENERGY,25000,2026-05-01,entity_exact
2026,DAGA,Edison Electric Institute,Edison Electric Institute,EDISON ELECTRIC INSTITUTE,25000,2026-06-08,entity_exact
2026,DAGA,Vistra Energy,Vistra Corporate Services,VISTRA CORPORATE SERVICES COMPANY,25000,2026-01-21,entity_simplified
2026,DGA,American Gas Association,American Gas Association,AMERICAN GAS ASSOCIATION,25000,2026-03-03,entity_exact
2026,DGA,Avangrid,Avangrid,AVANGRID INC.,25000,2026-06-22,entity_simplified
2026,DGA,Dominion Energy,Dominion Energy Services,DOMINION ENERGY SERVICES INC.,25000,2026-04-29,entity_simplified
2026,DGA,Fortis,ITC Holdings,ITC HOLDINGS CORPORATION,25000,2026-02-02,entity_simplified
2026,DGA,Fortis,ITC Holdings,ITC HOLDINGS CORPORATION,25000,2026-04-28,entity_simplified
2026,DGA,NextEra,NextEra,NEXTERA ENERGY POINT BEACH LLC,25000,2026-05-21,entity_word_boundary
2026,DGA,NextEra,NextEra,NEXTERA ENERGY RESOURCES LLC,25000,2026-03-03,entity_word_boundary
2026,DGA,NextEra,NextEra,NEXTERA ENERGY RESOURCES LLC,25000,2026-05-18,entity_word_boundary
2026,DGA,UGI Corp,UGI Energy Services,UGI ENERGY SERVICES LLC,25000,2026-06-15,entity_simplified
2026,DGA,Xcel Energy,Xcel Energy,XCEL ENERGY,25000,2026-05-28,entity_exact
2026,DLCC,Edison Electric Institute,Edison Electric Institute,EDISON ELECTRIC INSTITUTE,25000,2026-05-01,entity_exact
2026,DLCC,Fortis,ITC Holdings,ITC HOLDINGS CORP,25000,2026-02-04,entity_exact
2026,DLCC,NextEra,NextEra,NEXTERA ENERGY RESOURCES,25000,2026-02-06,entity_word_boundary
2026,DLCC,NRG Energy,NRG Energy,NRG ENERGY INC.,25000,2026-02-12,entity_simplified
2026,GOPAC,Edison Electric Institute,Edison Electric Institute,EDISON ELECTRIC INSTITUTE,25000,2026-02-13,entity_exact
2026,GOPAC,Emera,Tampa Electric,TECO ENERGY/ TAMPA ELECTRIC COMPANY,25000,2026-01-23,entity_simplified
2026,GOPAC,Xcel Energy,Xcel Energy,XCEL ENERGY,25000,2026-06-02,entity_exact
2026,RAGA,Alliant Energy,Alliant Energy,ALLIANT ENERGY CORPORATION SERVICES INC,25000,2026-06-08,entity_simplified
2026,RAGA,American Electric Power,American Electric Power,AMERICAN ELECTRIC POWER SERVICE CORPORATION,25000,2026-06-12,entity_simplified
2026,RAGA,Vistra Energy,Vistra Corporate Services,VISTRA CORPORATE SERVICES COMPANY,25000,2026-02-04,entity_simplified
2026,RGA,American Gas Association,American Gas Association,AMERICAN GAS ASSOCIATION,25000,2026-05-13,entity_exact
2026,RGA,American Gas Association,American Gas Association,AMERICAN GAS ASSOCIATION,25000,2026-05-13,entity_exact
2026,RGA,Atmos Energy,Atmos Energy,ATMOS ENERGY CORPORATION PAC,25000,2026-04-24,entity_simplified
2026,RGA,NextEra,NextEra,NEXTERA ENERGY RESOURCES LLC,25000,2026-01-21,entity_word_boundary
2026,RGA,NextEra,NextEra,NEXTERA ENERGY RESOURCES LLC,25000,2026-03-02,entity_word_boundary
2026,RGA,NextEra,NextEra,NEXTERA ENERGY RESOURCES LLC,25000,2026-03-12,entity_word_boundary
2026,RSLC,American Electric Power,American Electric Power,AMERICAN ELECTRIC POWER SERVICE CORPORATION,25000,2026-03-07,entity_simplified
2026,RSLC,NextEra,NextEra,NEXTERA ENERGY RESOURCES LLC,25000,2026-01-21,entity_word_boundary
2026,RSLC,NextEra,NextEra,NEXTERA ENERGY RESOURCES LLC,25000,2026-06-22,entity_word_boundary
2026,RSLC,NRG Energy,NRG Energy,NRG ENERGY INC.,25000,2026-03-02,entity_simplified
2026,RSLC,Pinnacle West Capital,Pinnacle West,PINNACLE WEST CAPITAL CORPORATION,25000,2026-04-07,entity_simplified
2026,RSLC,Southern Company,Southern Company Services,"SOUTHERN COMPANY SERVICES, INC.",25000,2026-05-12,entity_simplified
2026,RSLC,Vistra Energy,Vistra Energy,VISTRA OPERATIONS COMPANY LLC,25000,2026-02-20,entity_word_boundary
2026,RSLC,Vistra Energy,Vistra Energy,VISTRA OPERATIONS COMPANY LLC,22500,2026-06-30,entity_word_boundary
2026,DLCC,Duquesne Light Company,Duquesne Light Company,DUQUESNE LIGHT COMPANY,22000,2026-02-25,entity_exact
2026,DAGA,Nuclear Energy Institute,Nuclear Energy Institute,NUCLEAR ENERGY INSTITUTE,20000,2026-05-01,entity_exact
2026,GOPAC,NextEra,Florida Power & Light,FLORIDA POWER AND LIGHT COMPANY,20000,2026-06-29,entity_simplified
2026,GOPAC,NextEra,NextEra,NEXTERA ENERGY RESOURCES LLC,20000,2026-06-24,entity_word_boundary
2026,RAGA,NRG Energy,NRG Energy,NRG ENERGY INC,20000,2026-03-19,entity_simplified
2026,RGA,Constellation,Constellation Energy (post spinoff 2022),CONSTELLATION ENERGY GENERATION,20000,2026-04-06,entity_simplified
2026,RSLC,Duquesne Light Company,Duquesne Light Company,DUQUESNE LIGHT COMPANY,20000,2026-04-07,entity_exact
2026,RSLC,Essential Utilities,Peoples Natural Gas,PEOPLES NATURAL GAS CO LLC,20000,2026-01-08,entity_simplified
2026,DAGA,American Gas Association,American Gas Association,AMERICAN GAS ASSOCIATION,15000,2026-03-06,entity_exact
2026,DGA,Dominion Energy,Dominion Energy Services,DOMINION ENERGY SERVICES INC.,15000,2026-01-05,entity_simplified
2026,DGA,National Grid,National Grid,NATIONAL GRID USA,15000,2026-06-30,entity_simplified
2026,DGA,NextEra,NextEra,NEXTERA ENERGY POINT BEACH LLC,15000,2026-06-22,entity_word_boundary
2026,GOPAC,Southwest Gas,Southwest Gas,SOUTHWEST GAS CORPORATION,15000,2026-01-06,entity_simplified
2026,GOPAC,Emera,Tampa Electric,TECO ENERGY/ TAMPA ELECTRIC COMPANY,15000,2026-01-09,entity_simplified
2026,RGA,NextEra,Florida Power & Light,FLORIDA POWER AND LIGHT COMPANY,15000,2026-04-16,entity_simplified
2026,RSLC,American Gas Association,American Gas Association,AMERICAN GAS ASSOCIATION,15000,2026-02-27,entity_exact
2026,RSLC,Edison Electric Institute,Edison Electric Institute,EDISON ELECTRIC INSTITUTE,15000,2026-03-20,entity_exact
2026,RSLC,Vistra Energy,Vistra Energy,VISTRA OPERATIONS COMPANY LLC,15000,2026-01-29,entity_word_boundary
2026,RSLC,Vistra Energy,Vistra Energy,VISTRA OPERATIONS COMPANY LLC,15000,2026-01-29,entity_word_boundary
2026,DGA,Avangrid,Avangrid,AVANGRID INC.,10000,2026-04-16,entity_simplified
2026,DGA,Edison Electric Institute,Edison Electric Institute,EDISON ELECTRIC INSTITUTE,10000,2026-03-27,entity_exact
2026,DGA,NiSource,Nisource Corporate Services,NISOURCE CORPORATE SERVICES,10000,2026-01-13,entity_exact
2026,DGA,Southwest Gas,Southwest Gas,SOUTHWEST GAS,10000,2026-04-20,entity_exact
2026,DGA,Fortis,Tucson Electric Power,TUCSON ELECTRIC POWER,10000,2026-01-29,entity_exact
2026,DGA,Fortis,Tucson Electric Power,TUCSON ELECTRIC POWER,10000,2026-06-02,entity_exact
2026,DGA,Vistra Energy,Vistra Corporate Services,VISTRA CORPORATE SERVICES CO,10000,2026-06-30,entity_simplified
2026,DLCC,NRG Energy,NRG Energy,NRG ENERGY INC.,10000,2026-02-12,entity_simplified
2026,GOPAC,Pinnacle West Capital,APS,APS,10000,2026-01-05,entity_word_boundary
2026,RAGA,NRG Energy,NRG Energy,NRG ENERGY INC,10000,2026-06-25,entity_simplified
2026,RAGA,NRG Energy,NRG Energy,NRG ENERGY INC,10000,2026-06-25,entity_simplified
2026,RGA,NextEra,NextEra,NEXTERA ENERGY RESOURCES LLC,10000,2026-06-04,entity_word_boundary
2026,RGA,NextEra,NextEra,NEXTERA ENERGY RESOURCES LLC,10000,2026-06-10,entity_word_boundary
2026,RSLC,Edison Electric Institute,Edison Electric Institute,EDISON ELECTRIC INSTITUTE,10000,2026-06-26,entity_exact
2026,RSLC,Edison Electric Institute,Edison Electric Institute,EDISON ELECTRIC INSTITUTE,10000,2026-06-26,entity_exact
2026,RSLC,NextEra,Florida Power & Light,FLORIDA POWER AND LIGHT COMPANY,10000,2026-04-27,entity_simplified
2026,RSLC,NextEra,NextEra,NEXTERA ENERGY CORP,10000,2026-02-23,entity_word_boundary
2026,RSLC,Emera,Tampa Electric,TAMPA ELECTRIC COMPANY,10000,2026-04-23,entity_simplified
2026,DGA,AES Corporation,AES Corporation,AES CORPORATION,5000,2026-04-09,entity_exact
2026,DGA,Duke Energy,Duke Energy,DUKE ENERGY CORPORATION,5000,2026-04-08,entity_simplified
2026,DGA,NiSource,Nisource Corporate Services,NISOURCE CORPORATE SERVICES,5000,2026-06-11,entity_exact
2026,DGA,Xcel Energy,Xcel Energy,XCEL ENERGY,5000,2026-05-18,entity_exact
2026,RAGA,NextEra,Florida Power & Light,FLORIDA POWER AND LIGHT COMPANY,5000,2026-04-06,entity_simplified
2026,RSLC,American Gas Association,American Gas Association,AMERICAN GAS ASSOCIATION,5000,2026-02-27,entity_exact
2026,RSLC,Edison Electric Institute,Edison Electric Institute,EDISON ELECTRIC INSTITUTE,5000,2026-03-20,entity_exact
2026,RSLC,Southwest Gas,Southwest Gas,SOUTHWEST GAS CORPORATION,5000,2026-06-30,entity_simplified
2026,RSLC,Xcel Energy,Xcel Energy Services,XCEL ENERGY SERVICES INC.,5000,2026-06-18,entity_simplified
2026,DAGA,PG&E Corp,PACIFIC GAS AND ELECTRIC COMPANY,PACIFIC GAS AND ELECTRIC COMPANY IN-KIND,4750,2026-06-19,entity_simplified
2026,RSLC,Vistra Energy,Vistra Energy,VISTRA OPERATIONS COMPANY LLC,3500,2026-01-13,entity_word_boundary
2026,RSLC,Duke Energy,Duke Energy Business Services,DUKE ENERGY BUSINESS SERVICES LLC,2500,2026-05-27,entity_simplified
2026,GOPAC,NextEra,NextEra,NEXTERA ENERGY RESOURCES LLC,1000,2026-04-08,entity_word_boundary
2026,GOPAC,Xcel Energy,Xcel Energy,XCEL ENERGY,1000,2026-06-15,entity_exact
2026,DLCC,Edison Electric Institute,Edison Electric Institute,EDISON ELECTRIC INSTITUTE,300,2026-04-15,entity_exact
2025,RGA,Edison Electric Institute,Edison Electric Institute,EDISON ELECTRIC INSTITUTE - IN-KIND,410036,2025-01-20,entity_simplified
2025,DGA,Dominion Energy,Dominion Energy Services,DOMINION ENERGY SERVICES INC.,300000,2025-09-11,entity_simplified
2025,DGA,Pinnacle West Capital,APS,APS,250000,2025-12-30,entity_word_boundary
2025,DGA,Avangrid,Avangrid,AVANGRID INC.,250000,2025-02-27,entity_simplified
2025,DGA,NextEra,NextEra,NEXTERA ENERGY RESOURCES LLC,250000,2025-12-03,entity_word_boundary
2025,DGA,Vistra Energy,Vistra Corporate Services,VISTRA CORPORATE SERVICES CO,250000,2025-02-28,entity_simplified
2025,GOPAC,Duke Energy,Duke Energy,DUKE ENERGY,250000,2025-12-19,entity_exact
2025,RAGA,Dominion Energy,Dominion Energy,DOMINION ENERGY,250000,2025-08-08,entity_exact
2025,RAGA,Dominion Energy,Dominion Energy,DOMINION ENERGY,250000,2025-09-04,entity_exact
2025,RAGA,Dominion Energy,Dominion Energy,DOMINION ENERGY,250000,2025-10-15,entity_exact
2025,RGA,American Electric Power,American Electric Power,AMERICAN ELECTRIC POWER COMPANY INC,250000,2025-08-11,entity_simplified
2025,RGA,NextEra,NextEra,NEXTERA ENERGY RESOURCES LLC,250000,2025-12-15,entity_word_boundary
2025,DGA,Dominion Energy,Dominion Energy Services,DOMINION ENERGY SERVICES INC.,200000,2025-10-31,entity_simplified
2025,RGA,Vistra Energy,Vistra Energy,VISTRA OPERATIONS COMPANY LLC,200000,2025-06-26,entity_word_boundary
2025,DGA,Southern Company,Southern Company Services,"SOUTHERN COMPANY SERVICES, INC.",150000,2025-01-07,entity_simplified
2025,RGA,Southern Company,Southern Company Services,SOUTHERN COMPANY SERVICES INC,150000,2025-12-31,entity_simplified
2025,DAGA,Dominion Energy,Dominion Energy,DOMINION ENERGY,125000,2025-01-10,entity_exact
2025,DAGA,Dominion Energy,Dominion Energy,DOMINION ENERGY,125000,2025-09-26,entity_exact
2025,DGA,Dominion Energy,Dominion Energy Services,DOMINION ENERGY SERVICES INC.,125000,2025-10-01,entity_simplified
2025,DLCC,Public Service Enterprise Group,PSEG,PSEG SERVICES,125000,2025-10-14,entity_word_boundary
2025,RAGA,Southern Company,Southern Company Services,"SOUTHERN COMPANY SERVICES, INC.",125000,2025-01-08,entity_simplified
2025,RAGA,Southern Company,Southern Company Services,"SOUTHERN COMPANY SERVICES, INC.",125000,2025-12-30,entity_simplified
2025,DGA,Public Service Enterprise Group,PSEG Services Corp,PSEG SERVICES CORPORATION,110000,2025-10-31,entity_simplified
2025,DGA,American Electric Power,American Electric Power,AMERICAN ELECTRIC POWER,100000,2025-03-17,entity_exact
2025,DGA,Dominion Energy,Dominion Energy Services,DOMINION ENERGY SERVICES INC.,100000,2025-01-30,entity_simplified
2025,DGA,Duke Energy,Duke Energy,DUKE ENERGY CORPORATION,100000,2025-08-04,entity_simplified
2025,DGA,Edison Electric Institute,Edison Electric Institute,EDISON ELECTRIC INSTITUTE,100000,2025-10-24,entity_exact
2025,DGA,NRG Energy,NRG Energy,NRG ENERGY INC.,100000,2025-07-08,entity_simplified
2025,DGA,Nuclear Energy Institute,Nuclear Energy Institute,NUCLEAR ENERGY INSTITUTE,100000,2025-02-03,entity_exact
2025,DGA,Public Service Enterprise Group,PSEG Services Corp,PSEG SERVICES CORPORATION,100000,2025-01-07,entity_simplified
2025,DLCC,Avangrid,Avangrid PAC,AVANGRID PAC,100000,2025-05-23,entity_exact
2025,DLCC,Vistra Energy,Vistra Corporate Services,VISTRA CORPORATE SERVICES COMPANY,100000,2025-02-14,entity_simplified
2025,GOPAC,Dominion Energy,Dominion Energy,DOMINION ENERGY,100000,2025-10-14,entity_exact
2025,GOPAC,Dominion Energy,Dominion Energy,DOMINION ENERGY,100000,2025-10-14,entity_exact
2025,GOPAC,Duke Energy,Duke Energy,DUKE ENERGY,100000,2025-11-13,entity_exact
2025,RGA,Avangrid,Avangrid,AVANGRID INC,100000,2025-03-17,entity_simplified
2025,RGA,Dominion Energy,Dominion Energy Services,DOMINION ENERGY SERVICES INC,100000,2025-02-27,entity_simplified
2025,RGA,Edison Electric Institute,Edison Electric Institute,EDISON ELECTRIC INSTITUTE,100000,2025-11-07,entity_exact
2025,RGA,NRG Energy,NRG Energy,NRG ENERGY INC,100000,2025-12-09,entity_simplified
2025,RGA,Nuclear Energy Institute,Nuclear Energy Institute,NUCLEAR ENERGY INSTITUTE,100000,2025-02-19,entity_exact
2025,RGA,Public Service Enterprise Group,PSEG Services Corp,PSEG SERVICES CORPORATION,100000,2025-09-30,entity_simplified
2025,RGA,Vistra Energy,Vistra Energy,VISTRA OPERATIONS COMPANY LLC,100000,2025-02-19,entity_word_boundary
2025,RSLC,Avangrid,Avangrid,AVANGRID,100000,2025-05-27,entity_exact
2025,RSLC,Dominion Energy,Dominion Energy Services,"DOMINION ENERGY SERVICES, INC.",100000,2025-04-02,entity_simplified
2025,RSLC,Vistra Energy,Vistra Energy,VISTRA OPERATIONS COMPANY LLC,100000,2025-01-22,entity_word_boundary
2025,GOPAC,Dominion Energy,Dominion Energy,DOMINION ENERGY,75000,2025-04-22,entity_exact
2025,RSLC,Public Service Enterprise Group,PSEG Services Corp,PSEG SERVICES CORPORATION,60000,2025-01-09,entity_simplified
2025,RGA,NiSource,Nisource Corporate Services,NISOURCE CORPORATE SERVICES COMPANY,55000,2025-12-31,entity_simplified
2025,DAGA,NextEra,NextEra,NEXTERA ENERGY RESOURCES LLC,50000,2025-12-10,entity_word_boundary
2025,DAGA,PG&E Corp,PACIFIC GAS AND ELECTRIC COMPANY,PACIFIC GAS AND ELECTRIC COMPANY,50000,2025-09-22,entity_exact
2025,DAGA,Southern Company,Southern Company Services,"SOUTHERN COMPANY SERVICES, INC.",50000,2025-12-23,entity_simplified
2025,DGA,AES Corporation,AES Corporation,AES CORPORATION,50000,2025-09-02,entity_exact
2025,DGA,Alliant Energy,Alliant Energy,ALLIANT ENERGY CORP SERVICES INC.,50000,2025-07-16,entity_simplified
2025,DGA,Avangrid,Avangrid,AVANGRID INC.,50000,2025-09-08,entity_simplified
2025,DGA,Dominion Energy,Dominion Energy Services,DOMINION ENERGY SERVICES INC.,50000,2025-05-06,entity_simplified
2025,DGA,Dominion Energy,Dominion Energy Services,DOMINION ENERGY SERVICES INC.,50000,2025-06-03,entity_simplified
2025,DGA,DTE Energy,DTE Energy,DTE ENERGY,50000,2025-05-05,entity_exact
2025,DGA,NextEra,NextEra,NEXTERA ENERGY RESOURCES LLC,50000,2025-09-04,entity_word_boundary
2025,DGA,NiSource,Nisource Corporate Services,NISOURCE CORPORATE SERVICES,50000,2025-01-07,entity_exact
2025,DGA,Salt River Project,Salt River Project,SALT RIVER PROJECT,50000,2025-11-07,entity_exact
2025,DGA,Alta Gas,Washington Gas,WASHINGTON GAS,50000,2025-07-08,entity_exact
2025,DLCC,Duke Energy,Duke Energy,DUKE ENERGY CORPORATION,50000,2025-11-18,entity_simplified
2025,DLCC,Nuclear Energy Institute,Nuclear Energy Institute,NUCLEAR ENERGY INSTITUTE,50000,2025-03-10,entity_exact
2025,GOPAC,NextEra,Florida Power & Light,FLORIDA POWER AND LIGHT COMPANY,50000,2025-04-10,entity_simplified
2025,RAGA,American Gas Association,American Gas Association,AMERICAN GAS ASSOCIATION,50000,2025-02-03,entity_exact
2025,RAGA,American Gas Association,American Gas Association,AMERICAN GAS ASSOCIATION,50000,2025-12-22,entity_exact
2025,RAGA,Dominion Energy,Dominion Energy,DOMINION ENERGY,50000,2025-10-06,entity_exact
2025,RAGA,OGE Energy Corp,OGE Energy,OGE ENERGY CORP.,50000,2025-02-24,entity_simplified
2025,RGA,AES Corporation,AES Corporation,AES CORPORATION,50000,2025-11-13,entity_exact
2025,RGA,Alliant Energy,Alliant Energy,ALLIANT ENERGY CORPORATION SERVICES INC,50000,2025-10-02,entity_simplified
2025,RGA,Berkshire Hathaway Energy,Berkshire Hathaway Energy,BERKSHIRE HATHAWAY ENERGY COMPANY,50000,2025-08-04,entity_simplified
2025,RGA,Berkshire Hathaway Energy,MidAmerican Energy,MIDAMERICAN ENERGY COMPANY,50000,2025-07-28,entity_simplified
2025,RGA,NextEra,NextEra,NEXTERA ENERGY RESOURCES LLC,50000,2025-10-15,entity_word_boundary
2025,RGA,OGE Energy Corp,OGE Energy,OGE ENERGY CORPORATION,50000,2025-02-28,entity_simplified
2025,RGA,Public Service Enterprise Group,PSEG Services Corp,PSEG SERVICES CORPORATION,50000,2025-01-08,entity_simplified
2025,RGA,Public Service Enterprise Group,PSEG Services Corp,PSEG SERVICES CORPORATION,50000,2025-01-08,entity_simplified
2025,RSLC,American Gas Association,American Gas Association,AMERICAN GAS ASSOCIATION,50000,2025-03-11,entity_exact
2025,RSLC,Nuclear Energy Institute,Nuclear Energy Institute,NUCLEAR ENERGY INSTITUTE,50000,2025-01-24,entity_exact
2025,DGA,Xcel Energy,Xcel Energy,XCEL ENERGY,40000,2025-08-20,entity_exact
2025,GOPAC,Pinnacle West Capital,APS,APS,35000,2025-01-13,entity_word_boundary
2025,GOPAC,Edison Electric Institute,Edison Electric Institute,EDISON ELECTRIC INSTITUTE,35000,2025-03-17,entity_exact
2025,RGA,NextEra,NextEra,NEXTERA ENERGY RESOURCES LLC,35000,2025-12-31,entity_word_boundary
2025,RGA,NiSource,Nisource Corporate Services,NISOURCE CORPORATE SERVICES COMPANY,35000,2025-12-31,entity_simplified
2025,DGA,AES Corporation,AES Corporation,AES CORPORATION,30000,2025-06-30,entity_exact
2025,RAGA,Berkshire Hathaway Energy,Berkshire Hathaway Energy,BERKSHIRE HATHAWAY ENERGY CO,30000,2025-06-03,entity_simplified
2025,RAGA,Berkshire Hathaway Energy,MidAmerican Energy,MIDAMERICAN ENERGY COMPANY,30000,2025-06-03,entity_simplified
2025,RSLC,Essential Utilities,Peoples Natural Gas,PEOPLES NATURAL GAS CO LLC,30000,2025-02-21,entity_simplified
2025,RGA,Southern Company,Southern Company Services,SOUTHERN COMPANY SERVICES INC. - IN-KIND,29463,2025-06-17,entity_simplified
2025,DAGA,Alliant Energy,Alliant Energy,ALLIANT ENERGY,25000,2025-08-25,entity_exact
2025,DAGA,Edison Electric Institute,Edison Electric Institute,EDISON ELECTRIC INSTITUTE,25000,2025-05-12,entity_exact
2025,DAGA,NRG Energy,NRG Energy,"NRG ENERGY, INC.",25000,2025-02-07,entity_simplified
2025,DAGA,NRG Energy,NRG Energy,"NRG ENERGY, INC.",25000,2025-03-03,entity_simplified
2025,DAGA,Nuclear Energy Institute,Nuclear Energy Institute,NUCLEAR ENERGY INSTITUTE,25000,2025-04-16,entity_exact
2025,DAGA,Vistra Energy,Vistra Corporate Services,VISTRA CORPORATE SERVICES COMPANY,25000,2025-01-16,entity_simplified
2025,DGA,American Gas Association,American Gas Association,AMERICAN GAS ASSOCIATION,25000,2025-03-03,entity_exact
2025,DGA,Pinnacle West Capital,Arizona Public Service,ARIZONA PUBLIC SERVICE,25000,2025-07-08,entity_exact
2025,DGA,Avangrid,Avangrid,AVANGRID INC.,25000,2025-05-27,entity_simplified
2025,DGA,CMS Energy,CMS Energy,CMS ENERGY CORPORATION,25000,2025-06-30,entity_simplified
2025,DGA,Constellation,Constellation Energy (post spinoff 2022),"CONSTELLATION ENERGY GROUP, INC.",25000,2025-10-13,entity_simplified
2025,DGA,Fortis,ITC Holdings,ITC HOLDINGS CORPORATION,25000,2025-06-02,entity_simplified
2025,DGA,NextEra,NextEra,NEXTERA ENERGY POINT BEACH LLC,25000,2025-04-28,entity_word_boundary
2025,DGA,NiSource,Nisource Corporate Services,NISOURCE CORPORATE SERVICES,25000,2025-12-12,entity_exact
2025,DGA,NRG Energy,NRG Energy,NRG ENERGY INC.,25000,2025-10-02,entity_simplified
2025,DGA,NRG Energy,NRG Energy,NRG ENERGY INC.,25000,2025-10-07,entity_simplified
2025,DGA,Public Service Enterprise Group,PSEG Services Corp,PSEG SERVICES CORPORATION,25000,2025-06-30,entity_simplified
2025,DGA,Public Service Enterprise Group,PSEG Services Corp,PSEG SERVICES CORPORATION,25000,2025-09-15,entity_simplified
2025,DGA,Xcel Energy,Xcel Energy,XCEL ENERGY,25000,2025-06-18,entity_exact
2025,DGA,Xcel Energy,Xcel Energy,XCEL ENERGY,25000,2025-09-19,entity_exact
2025,DLCC,Edison Electric Institute,Edison Electric Institute,EDISON ELECTRIC INSTITUTE,25000,2025-06-03,entity_exact
2025,DLCC,Fortis,ITC Holdings,ITC HOLDINGS CORP,25000,2025-08-05,entity_exact
2025,GOPAC,NextEra,Florida Power & Light,FLORIDA POWER AND LIGHT COMPANY,25000,2025-11-06,entity_simplified
2025,GOPAC,NextEra,Florida Power & Light,FLORIDA POWER AND LIGHT COMPANY,25000,2025-11-06,entity_simplified
2025,GOPAC,Southern Company,Southern Company,SOUTHERN COMPANY,25000,2025-08-11,entity_exact
2025,GOPAC,Xcel Energy,Xcel Energy,XCEL ENERGY,25000,2025-08-26,entity_exact
2025,RAGA,Alliant Energy,Alliant Energy,ALLIANT ENERGY CORPORATION SERVICES INC,25000,2025-05-27,entity_simplified
2025,RAGA,American Electric Power,American Electric Power,AMERICAN ELECTRIC POWER SERVICE CORPORATION,25000,2025-06-13,entity_simplified
2025,RAGA,Duke Energy,Duke Energy,DUKE ENERGY,25000,2025-03-28,entity_exact
2025,RAGA,Edison Electric Institute,Edison Electric Institute,EDISON ELECTRIC INSTITUTE,25000,2025-08-25,entity_exact
2025,RAGA,Enbridge,Enbridge,"ENBRIDGE, INC.",25000,2025-06-18,entity_simplified
2025,RAGA,Enbridge,Enbridge,"ENBRIDGE, INC.",25000,2025-06-27,entity_simplified
2025,RAGA,NRG Energy,NRG Energy,NRG ENERGY INC,25000,2025-02-10,entity_simplified
2025,RAGA,NRG Energy,NRG Energy,NRG ENERGY INC,25000,2025-03-03,entity_simplified
2025,RAGA,Nuclear Energy Institute,Nuclear Energy Institute,NUCLEAR ENERGY INSTITUTE,25000,2025-04-30,entity_exact
2025,RAGA,Vistra Energy,Vistra Corporate Services,VISTRA CORPORATE SERVICES COMPANY,25000,2025-01-14,entity_simplified
2025,RGA,American Gas Association,American Gas Association,AMERICAN GAS ASSOCIATION,25000,2025-02-14,entity_exact
2025,RGA,CenterPoint Energy,CenterPoint Energy,CENTERPOINT ENERGY INC,25000,2025-12-22,entity_simplified
2025,RGA,Fortis,ITC Holdings,ITC HOLDINGS CORPORATION,25000,2025-12-16,entity_simplified
2025,RGA,NextEra,NextEra,NEXTERA ENERGY RESOURCES LLC,25000,2025-03-20,entity_word_boundary
2025,RGA,NextEra,NextEra,NEXTERA ENERGY RESOURCES LLC,25000,2025-06-20,entity_word_boundary
2025,RGA,Public Service Enterprise Group,PSEG Services Corp,PSEG SERVICES CORPORATION,25000,2025-11-25,entity_simplified
2025,RSLC,American Electric Power,American Electric Power,AMERICAN ELECTRIC POWER SERVICE CORPORATION,25000,2025-06-13,entity_simplified
2025,RSLC,American Electric Power,American Electric Power,AMERICAN ELECTRIC POWER SERVICE CORPORATION,25000,2025-06-13,entity_simplified
2025,RSLC,Duke Energy,Duke Energy,DUKE ENERGY - KYOH,25000,2025-02-28,entity_simplified
2025,RSLC,NRG Energy,NRG Energy,NRG ENERGY INC.,25000,2025-02-19,entity_simplified
2025,RSLC,Pinnacle West Capital,Pinnacle West,PINNACLE WEST CAPITAL CORPORATION,25000,2025-02-19,entity_simplified
2025,RSLC,Vistra Energy,Vistra Energy,VISTRA OPERATIONS COMPANY LLC,25000,2025-05-23,entity_word_boundary
2025,DAGA,PG&E Corp,PACIFIC GAS AND ELECTRIC COMPANY,PACIFIC GAS AND ELECTRIC COMPANY IN-KIND,21656,2025-05-12,entity_simplified
2025,DGA,CenterPoint Energy,CenterPoint Energy Service,"CENTERPOINT ENERGY SERVICE COMPANY, LLC",20000,2025-08-28,entity_simplified
2025,DGA,Constellation,Constellation Energy (post spinoff 2022),"CONSTELLATION ENERGY GROUP, INC.",20000,2025-05-12,entity_simplified
2025,DGA,NiSource,Nisource Corporate Services,NISOURCE CORPORATE SERVICES,20000,2025-01-15,entity_exact
2025,DLCC,Vistra Energy,Vistra Corporate Services,VISTRA CORPORATE SERVICES COMPANY,20000,2025-03-05,entity_simplified
2025,RSLC,Calpine,Calpine,CALPINE CORPORATION,20000,2025-03-25,entity_word_boundary
2025,RSLC,Essential Utilities,Peoples Natural Gas,PEOPLES NATURAL GAS CO LLC,20000,2025-02-21,entity_simplified
2025,RSLC,Vistra Energy,Vistra Energy,VISTRA OPERATIONS COMPANY LLC,20000,2025-03-04,entity_word_boundary
2025,DAGA,American Gas Association,American Gas Association,AMERICAN GAS ASSOCIATION,15000,2025-03-17,entity_exact
2025,DAGA,National Rural Electric Cooperative Association,National Rural Electric Cooperative Association,NATIONAL RURAL ELECTRIC COOPERATIVE ASSOCIATION,15000,2025-07-25,entity_exact
2025,DGA,NextEra,NextEra,NEXTERA ENERGY POINT BEACH LLC,15000,2025-05-13,entity_word_boundary
2025,DGA,NRG Energy,NRG Energy,NRG ENERGY INC.,15000,2025-05-29,entity_simplified
2025,DLCC,American Gas Association,American Gas Association,AMERICAN GAS ASSOCIATION,15000,2025-02-03,entity_exact
2025,DLCC,NRG Energy,NRG Energy,NRG ENERGY INC.,15000,2025-10-14,entity_simplified
2025,GOPAC,Emera,Tampa Electric,TECO ENERGY/ TAMPA ELECTRIC COMPANY,15000,2025-01-27,entity_simplified
2025,RAGA,NextEra,Florida Power & Light,FLORIDA POWER AND LIGHT COMPANY,15000,2025-10-27,entity_simplified
2025,RAGA,PPL Corporation,LGandE and KU Services,LGANDE AND KU SERVICES COMPANY,15000,2025-10-28,entity_simplified
2025,RAGA,Berkshire Hathaway Energy,MidAmerican Energy,MIDAMERICAN ENERGY COMPANY,15000,2025-03-25,entity_simplified
2025,RGA,NextEra,NextEra,NEXTERA ENERGY RESOURCES LLC,15000,2025-03-28,entity_word_boundary
2025,RSLC,American Gas Association,American Gas Association,AMERICAN GAS ASSOCIATION,15000,2025-03-11,entity_exact
2025,RSLC,Duquesne Light Company,Duquesne Light Company,DUQUESNE LIGHT COMPANY,15000,2025-05-13,entity_exact
2025,RSLC,Edison Electric Institute,Edison Electric Institute,EDISON ELECTRIC INSTITUTE,15000,2025-02-20,entity_exact
2025,DGA,NextEra,NextEra,NEXTERA ENERGY RESOURCES LLC,13000,2025-01-09,entity_word_boundary
2025,DAGA,Duke Energy,Duke Energy,DUKE ENERGY CORPORATION,10000,2025-11-18,entity_simplified
2025,DGA,AES Corporation,AES Corporation,AES CORPORATION,10000,2025-10-21,entity_exact
2025,DGA,American Gas Association,American Gas Association,AMERICAN GAS ASSOCIATION,10000,2025-09-23,entity_exact
2025,DGA,CenterPoint Energy,CenterPoint Energy Service,"CENTERPOINT ENERGY SERVICE COMPANY, LLC",10000,2025-12-17,entity_simplified
2025,DGA,NiSource,Columbia Gas of Pennsylvania,COLUMBIA GAS OF PENNSYLVANIA,10000,2025-05-09,entity_exact
2025,DGA,NiSource,Columbia Gas of Virginia,COLUMBIA GAS OF VIRGINIA,10000,2025-10-27,entity_exact
2025,DGA,Constellation,Constellation Energy (post spinoff 2022),"CONSTELLATION ENERGY GROUP, INC.",10000,2025-08-11,entity_simplified
2025,DGA,Edison Electric Institute,Edison Electric Institute,EDISON ELECTRIC INSTITUTE,10000,2025-08-29,entity_exact
2025,DGA,NextEra,NextEra,NEXTERA ENERGY RESOURCES LLC,10000,2025-04-14,entity_word_boundary
2025,DGA,NextEra,NextEra,NEXTERA ENERGY RESOURCES LLC,10000,2025-07-21,entity_word_boundary
2025,DGA,Berkshire Hathaway Energy,Pacificorp,PACIFICORP,10000,2025-05-09,entity_exact
2025,DGA,Portland General Electric,Portland General Electric,PORTLAND GENERAL ELECTRIC COMPANY,10000,2025-07-07,entity_simplified
2025,DGA,Southwest Gas,Southwest Gas,SOUTHWEST GAS,10000,2025-12-01,entity_exact
2025,DGA,Xcel Energy,Xcel Energy,XCEL ENERGY,10000,2025-08-20,entity_exact
2025,DLCC,NRG Energy,NRG Energy,NRG ENERGY INC.,10000,2025-03-31,entity_simplified
2025,GOPAC,American Electric Power,American Electric Power,AMERICAN ELECTRIC POWER AEP,10000,2025-01-22,entity_simplified
2025,GOPAC,Pinnacle West Capital,APS,APS,10000,2025-05-27,entity_word_boundary
2025,GOPAC,Duke Energy,Duke Energy,DUKE ENERGY,10000,2025-03-19,entity_exact
2025,GOPAC,NextEra,NextEra,NEXTERA ENERGY RESOURCES LLC,10000,2025-11-07,entity_word_boundary
2025,GOPAC,NiSource,Northern Indiana Public Service Company,NORTHERN INDIANA PUBLIC SERVICE COMPANY,10000,2025-12-30,entity_exact
2025,GOPAC,Puget Sound Energy,Puget Sound Energy,PUGET SOUND ENERGY,10000,2025-09-16,entity_exact
2025,GOPAC,Emera,Tampa Electric,TECO ENERGY/ TAMPA ELECTRIC COMPANY,10000,2025-03-18,entity_simplified
2025,RGA,NextEra,NextEra,NEXTERA ENERGY TRANSMISSION CORPORATION,10000,2025-01-10,entity_word_boundary
2025,RSLC,NextEra,NextEra,NEXTERA ENERGY RESOURCES LLC,10000,2025-03-28,entity_word_boundary
2025,RSLC,Emera,Tampa Electric,TAMPA ELECTRIC COMPANY,10000,2025-01-29,entity_simplified
2025,DLCC,Vistra Energy,Vistra Corporate Services,VISTRA CORPORATE SERVICES COMPANY,7500,2025-12-30,entity_simplified
2025,RGA,Ameren,Ameren,AMEREN MISSOURI COMPANY,7500,2025-11-11,entity_word_boundary
2025,RSLC,Emera,Tampa Electric,TAMPA ELECTRIC COMPANY,7500,2025-01-31,entity_simplified
2025,RGA,Nuclear Energy Institute,Nuclear Energy Institute,NUCLEAR ENERGY INSTITUTE - IN-KIND,6947,2025-03-24,entity_simplified
2025,DGA,Exelon,Baltimore Gas and Electric,BALTIMORE GAS   ELECTRIC COMPANY,5000,2025-05-21,entity_simplified
2025,DLCC,Xcel Energy,Xcel Energy,XCEL ENERGY,5000,2025-08-25,entity_exact
2025,GOPAC,American Electric Power,American Electric Power,AMERICAN ELECTRIC POWER AEP,5000,2025-10-16,entity_simplified
2025,GOPAC,Duke Energy,Duke Energy,DUKE ENERGY,5000,2025-11-05,entity_exact
2025,RAGA,NextEra,Florida Power & Light,FLORIDA POWER AND LIGHT COMPANY,5000,2025-10-28,entity_simplified
2025,RAGA,NextEra,Florida Power & Light,FLORIDA POWER AND LIGHT COMPANY,5000,2025-12-30,entity_simplified
2025,RGA,AES Corporation,AES Clean Energy,AES CLEAN ENERGY,5000,2025-06-02,entity_exact
2025,RGA,Fortis,ITC Midwest LLC,ITC MIDWEST LLC,5000,2025-07-15,entity_exact
2025,RGA,NiSource,Nisource Corporate Services,NISOURCE CORPORATE SERVICES COMPANY,5000,2025-12-31,entity_simplified
2025,RGA,Northwestern Energy,Northwestern Energy Montana Employee PAC,NORTHWESTERN ENERGY MONTANA EMPLOYEE PAC,5000,2025-05-27,entity_exact
2025,RSLC,American Gas Association,American Gas Association,AMERICAN GAS ASSOCIATION,5000,2025-03-11,entity_exact
2025,RSLC,Edison Electric Institute,Edison Electric Institute,EDISON ELECTRIC INSTITUTE,5000,2025-02-20,entity_exact
2025,RSLC,PPL Corporation,LGandE and KU Services,LGANDE AND KU SERVICES COMPANY,5000,2025-06-23,entity_simplified
2025,RSLC,NextEra,NextEra,NEXTERA ENERGY RESOURCES LLC,5000,2025-05-15,entity_word_boundary
2025,RSLC,Public Service Enterprise Group,PSEG Services Corp,PSEG SERVICES CORPORATION,5000,2025-01-09,entity_simplified
2025,RGA,Southern Company,Georgia Power,GEORGIA POWER COMPANY - IN-KIND,3306,2025-03-20,entity_simplified
2025,DAGA,NextEra,NextEra,NEXTERA ENERGY RESOURCES LLC,2500,2025-06-02,entity_word_boundary
2025,RGA,OGE Energy Corp,OGE Energy,OGE ENERGY CORPORATION,2500,2025-05-29,entity_simplified
2025,RSLC,Duke Energy,Duke Energy,DUKE ENERGY - KYOH,2500,2025-06-05,entity_simplified
2025,RSLC,NextEra,NextEra,NEXTERA ENERGY RESOURCES LLC,2500,2025-01-17,entity_word_boundary
2025,RSLC,Vistra Energy,Vistra Corporate Services,VISTRA CORPORATE SERVICES COMPANY,950,2025-05-19,entity_simplified
2025,RGA,AES Corporation,AES Clean Energy,AES CLEAN ENERGY,500,2025-10-07,entity_exact
2025,RGA,Berkshire Hathaway Energy,Berkshire Hathaway Energy,BERKSHIRE HATHAWAY ENERGY COMPANY,500,2025-11-05,entity_simplified
2025,RGA,OGE Energy Corp,OGE Energy,OGE ENERGY CORPORATION,500,2025-09-30,entity_simplified
2025,RGA,Vistra Energy,Vistra Energy,VISTRA OPERATIONS COMPANY LLC,500,2025-09-30,entity_word_boundary
2025,RGA,Vistra Energy,Vistra Energy,VISTRA OPERATIONS COMPANY LLC,500,2025-10-01,entity_word_boundary
2025,RGA,Vistra Energy,Vistra Energy,VISTRA OPERATIONS COMPANY LLC,500,2025-10-13,entity_word_boundary
2025,DLCC,American Gas Association,American Gas Association,AMERICAN GAS ASSOCIATION,300,2025-06-27,entity_exact
2025,DLCC,American Gas Association,American Gas Association,AMERICAN GAS ASSOCIATION,300,2025-09-23,entity_exact
2025,DLCC,Edison Electric Institute,Edison Electric Institute,EDISON ELECTRIC INSTITUTE,300,2025-07-16,entity_exact
2025,DLCC,Edison Electric Institute,Edison Electric Institute,EDISON ELECTRIC INSTITUTE,300,2025-09-03,entity_exact
2025,DLCC,Edison Electric Institute,Edison Electric Institute,EDISON ELECTRIC INSTITUTE,300,2025-10-06,entity_exact
2024,DGA,Avangrid,Avangrid,AVANGRID INC.,250000,2024-04-19,entity_simplified
2024,DGA,NextEra,NextEra,NEXTERA ENERGY RESOURCES LLC,250000,2024-01-11,entity_word_boundary
2024,DGA,NextEra,NextEra,NEXTERA ENERGY RESOURCES LLC,250000,2024-11-06,entity_word_boundary
2024,DGA,Vistra Energy,Vistra Corporate Services,VISTRA CORPORATE SERVICES CO,250000,2024-02-05,entity_simplified
2024,RGA,American Electric Power,American Electric Power,AMERICAN ELECTRIC POWER COMPANY INC,250000,2024-04-16,entity_simplified
2024,RGA,NextEra,NextEra,NEXTERA ENERGY RESOURCES LLC,250000,2024-11-06,entity_word_boundary
2024,GOPAC,Duke Energy,Duke Energy,DUKE ENERGY,150000,2024-09-04,entity_exact
2024,RGA,Southern Company,Southern Company Services,SOUTHERN COMPANY SERVICES INC,150000,2024-11-25,entity_simplified
2024,RSLC,Duke Energy,Duke Energy Business Services,DUKE ENERGY BUSINESS SERVICES LLC,150000,2024-09-04,entity_simplified
2024,GOPAC,Dominion Energy,Dominion Energy,DOMINION ENERGY,125000,2024-04-08,entity_exact
2024,RAGA,Dominion Energy,Dominion Energy,DOMINION ENERGY,125000,2024-12-23,entity_exact
2024,DGA,American Electric Power,American Electric Power,AMERICAN ELECTRIC POWER,100000,2024-02-14,entity_exact
2024,DGA,Dominion Energy,Dominion Energy Services,DOMINION ENERGY SERVICES INC.,100000,2024-03-04,entity_simplified
2024,DGA,Duke Energy,Duke Energy,DUKE ENERGY CORPORATION,100000,2024-06-28,entity_simplified
2024,DGA,Edison Electric Institute,Edison Electric Institute,EDISON ELECTRIC INSTITUTE,100000,2024-11-04,entity_exact
2024,DGA,Exelon,Exelon Business Services,EXELON BUSINESS SERVICES,100000,2024-10-15,entity_exact
2024,DGA,NRG Energy,NRG Energy,NRG ENERGY INC.,100000,2024-08-05,entity_simplified
2024,DGA,Nuclear Energy Institute,Nuclear Energy Institute,NUCLEAR ENERGY INSTITUTE,100000,2024-02-09,entity_exact
2024,DLCC,Avangrid,Avangrid PAC,AVANGRID PAC,100000,2024-05-21,entity_exact
2024,DLCC,Dominion Energy,Dominion Energy,DOMINION ENERGY,100000,2024-02-16,entity_exact
2024,DLCC,Vistra Energy,Vistra Corporate Services,VISTRA CORPORATE SERVICES COMPANY,100000,2024-02-27,entity_simplified
2024,GOPAC,Duke Energy,Duke Energy,DUKE ENERGY,100000,2024-05-17,entity_exact
2024,RAGA,NextEra,NextEra,NEXTERA ENERGY RESOURCES LLC,100000,2024-01-03,entity_word_boundary
2024,RAGA,NextEra,NextEra,NEXTERA ENERGY RESOURCES LLC,100000,2024-11-06,entity_word_boundary
2024,RGA,Berkshire Hathaway Energy,Berkshire Hathaway Energy,BERKSHIRE HATHAWAY ENERGY COMPANY,100000,2024-08-27,entity_simplified
2024,RGA,Dominion Energy,Dominion Energy Services,DOMINION ENERGY SERVICES INC,100000,2024-02-07,entity_simplified
2024,RGA,Duke Energy,Duke Energy,DUKE ENERGY CORPORATION,100000,2024-06-28,entity_simplified
2024,RGA,Edison Electric Institute,Edison Electric Institute,EDISON ELECTRIC INSTITUTE,100000,2024-10-08,entity_exact
2024,RGA,Berkshire Hathaway Energy,MidAmerican Energy,MIDAMERICAN ENERGY COMPANY,100000,2024-06-25,entity_simplified
2024,RGA,NRG Energy,NRG Energy,NRG ENERGY INC,100000,2024-12-02,entity_simplified
2024,RGA,Nuclear Energy Institute,Nuclear Energy Institute,NUCLEAR ENERGY INSTITUTE,100000,2024-01-26,entity_exact
2024,RGA,Vistra Energy,Vistra Corporate Services,VISTRA CORPORATE SERVICES COMPANY,100000,2024-01-29,entity_simplified
2024,RSLC,Alliant Energy,Alliant Energy,ALLIANT ENERGY CORPORATION SERVICES INC,100000,2024-05-20,entity_simplified
2024,RSLC,Avangrid,Avangrid,AVANGRID,100000,2024-05-01,entity_exact
2024,RSLC,Calpine,Calpine,CALPINE CORPORATION,100000,2024-02-27,entity_word_boundary
2024,RSLC,Dominion Energy,Dominion Energy Services,"DOMINION ENERGY SERVICES, INC.",100000,2024-02-13,entity_simplified
2024,RSLC,NextEra,NextEra,NEXTERA ENERGY RESOURCES LLC,100000,2024-11-07,entity_word_boundary
2024,DLCC,NextEra,NextEra,NEXTERA ENERGY RESOURCES,75000,2024-01-30,entity_word_boundary
2024,DLCC,NextEra,NextEra,NEXTERA ENERGY RESOURCES,75000,2024-11-12,entity_word_boundary
2024,RSLC,NextEra,NextEra,NEXTERA ENERGY RESOURCES LLC,75000,2024-11-07,entity_word_boundary
2024,RSLC,Vistra Energy,Vistra Corporate Services,"VISTRA CORPORATE SERVICES COMPANY, AS AGENT",75000,2024-01-30,entity_simplified
2024,RSLC,Berkshire Hathaway Energy,MidAmerican Energy,MIDAMERICAN ENERGY COMPANY,70000,2024-06-03,entity_simplified
2024,GOPAC,Dominion Energy,Dominion Energy,DOMINION ENERGY,65000,2024-11-25,entity_exact
2024,RSLC,Southern Company,Southern Company Services,"SOUTHERN COMPANY SERVICES, INC.",65000,2024-12-31,entity_simplified
2024,RGA,Edison Electric Institute,Edison Electric Institute,EDISON ELECTRIC INSTITUTE - IN-KIND,53864,2024-07-15,entity_simplified
2024,DAGA,NextEra,NextEra,NEXTERA ENERGY RESOURCES LLC,50000,2024-11-06,entity_word_boundary
2024,DAGA,PG&E Corp,PACIFIC GAS AND ELECTRIC COMPANY,PACIFIC GAS AND ELECTRIC COMPANY,50000,2024-06-25,entity_exact
2024,DAGA,Southern Company,Southern Company Services,"SOUTHERN COMPANY SERVICES, INC.",50000,2024-12-27,entity_simplified
2024,DGA,AES Corporation,AES Corporation,AES CORPORATION,50000,2024-08-05,entity_exact
2024,DGA,Alliant Energy,Alliant Energy,ALLIANT ENERGY CORP SERVICES INC.,50000,2024-05-20,entity_simplified
2024,DGA,Pinnacle West Capital,Arizona Public Service,ARIZONA PUBLIC SERVICE,50000,2024-03-13,entity_exact
2024,DGA,Avangrid,Avangrid,AVANGRID INC.,50000,2024-05-16,entity_simplified
2024,DGA,Avangrid,Avangrid,AVANGRID INC.,50000,2024-10-25,entity_simplified
2024,DGA,Dominion Energy,Dominion Energy Services,DOMINION ENERGY SERVICES INC.,50000,2024-05-29,entity_simplified
2024,DGA,Fortis,ITC Holdings,ITC HOLDINGS CORPORATION,50000,2024-02-26,entity_simplified
2024,DGA,NextEra,NextEra,NEXTERA ENERGY RESOURCES LLC,50000,2024-07-29,entity_word_boundary
2024,DGA,NRG Energy,NRG Energy,NRG ENERGY INC.,50000,2024-10-01,entity_simplified
2024,DGA,Public Service Enterprise Group,PSEG Services Corp,PSEG SERVICES CORPORATION,50000,2024-10-02,entity_simplified
2024,DGA,Southern Company,Southern Company Services,"SOUTHERN COMPANY SERVICES, INC.",50000,2024-10-01,entity_simplified
2024,DGA,Alta Gas,Washington Gas Light Company,WASHINGTON GAS LIGHT COMPANY,50000,2024-05-30,entity_exact
2024,DGA,Xcel Energy,Xcel Energy,XCEL ENERGY,50000,2024-06-11,entity_exact
2024,DGA,Xcel Energy,Xcel Energy,XCEL ENERGY,50000,2024-09-24,entity_exact
2024,DLCC,Duke Energy,Duke Energy,DUKE ENERGY CORPORATION,50000,2024-09-18,entity_simplified
2024,DLCC,Nuclear Energy Institute,Nuclear Energy Institute,NUCLEAR ENERGY INSTITUTE,50000,2024-01-26,entity_exact
2024,GOPAC,Pinnacle West Capital,APS,APS,50000,2024-07-26,entity_word_boundary
2024,GOPAC,NextEra,Florida Power & Light,FLORIDA POWER AND LIGHT COMPANY,50000,2024-01-31,entity_simplified
2024,GOPAC,NextEra,NextEra,NEXTERA ENERGY RESOURCES LLC,50000,2024-11-06,entity_word_boundary
2024,RAGA,OGE Energy Corp,OGE Energy,OGE ENERGY CORP.,50000,2024-02-15,entity_simplified
2024,RGA,AES Corporation,AES United States,AES UNITED STATES,50000,2024-10-16,entity_exact
2024,RGA,Alliant Energy,Alliant Energy,ALLIANT ENERGY CORPORATION SERVICES INC,50000,2024-05-24,entity_simplified
2024,RGA,Entergy,Entergy,ENTERGY CORPORATION,50000,2024-06-28,entity_word_boundary
2024,RGA,Fortis,ITC Holdings,ITC HOLDINGS CORPORATION,50000,2024-09-18,entity_simplified
2024,RGA,OGE Energy Corp,OGE Energy,OGE ENERGY CORPORATION,50000,2024-01-09,entity_simplified
2024,RSLC,American Gas Association,American Gas Association,AMERICAN GAS ASSOCIATION,50000,2024-02-05,entity_exact
2024,RSLC,Dominion Energy,Dominion Energy Services,"DOMINION ENERGY SERVICES, INC.",50000,2024-08-08,entity_simplified
2024,RSLC,NextEra,NextEra,NEXTERA ENERGY RESOURCES LLC,50000,2024-09-05,entity_word_boundary
2024,RSLC,Nuclear Energy Institute,Nuclear Energy Institute,NUCLEAR ENERGY INSTITUTE,50000,2024-02-07,entity_exact
2024,RSLC,Essential Utilities,Peoples Natural Gas,PEOPLES NATURAL GAS CO LLC,50000,2024-11-01,entity_simplified
2024,RSLC,Public Service Enterprise Group,PSEG Services Corp,PSEG SERVICES CORPORATION,50000,2024-12-17,entity_simplified
2024,RSLC,Vistra Energy,Vistra Corporate Services,"VISTRA CORPORATE SERVICES COMPANY, AS AGENT",50000,2024-08-02,entity_simplified
2024,GOPAC,Pinnacle West Capital,APS,APS,35000,2024-01-09,entity_word_boundary
2024,GOPAC,Edison Electric Institute,Edison Electric Institute,EDISON ELECTRIC INSTITUTE,35000,2024-02-26,entity_exact
2024,RGA,Edison Electric Institute,Edison Electric Institute,EDISON ELECTRIC INSTITUTE,35000,2024-10-08,entity_exact
2024,RGA,NiSource,Nisource Corporate Services,NISOURCE CORPORATE SERVICES COMPANY,35000,2024-03-28,entity_simplified
2024,DAGA,PG&E Corp,PACIFIC GAS AND ELECTRIC COMPANY,PACIFIC GAS AND ELECTRIC COMPANY IN-KIND,30560,2024-10-16,entity_simplified
2024,RSLC,Avangrid,Avangrid,AVANGRID,30000,2024-11-05,entity_exact
2024,RSLC,Berkshire Hathaway Energy,MidAmerican Energy,MIDAMERICAN ENERGY COMPANY,30000,2024-02-06,entity_simplified
2024,DAGA,NRG Energy,NRG Energy,"NRG ENERGY, INC. IN-KIND",27220,2024-01-07,entity_simplified
2024,DAGA,Alliant Energy,Alliant Energy,ALLIANT ENERGY,25000,2024-05-28,entity_exact
2024,DAGA,Duke Energy,Duke Energy,DUKE ENERGY CORPORATION,25000,2024-07-26,entity_simplified
2024,DAGA,Edison Electric Institute,Edison Electric Institute,EDISON ELECTRIC INSTITUTE,25000,2024-05-28,entity_exact
2024,DAGA,NRG Energy,NRG Energy,"NRG ENERGY, INC.",25000,2024-06-03,entity_simplified
2024,DAGA,Nuclear Energy Institute,Nuclear Energy Institute,NUCLEAR ENERGY INSTITUTE,25000,2024-01-19,entity_exact
2024,DGA,AES Corporation,AES Corporation,AES CORPORATION,25000,2024-07-08,entity_exact
2024,DGA,American Gas Association,American Gas Association,AMERICAN GAS ASSOCIATION,25000,2024-02-23,entity_exact
2024,DGA,Berkshire Hathaway Energy,Berkshire Hathaway Energy,BERKSHIRE HATHAWAY ENERGY,25000,2024-10-04,entity_exact
2024,DGA,NiSource,Columbia Gas of Pennsylvania,COLUMBIA GAS OF PENNSYLVANIA,25000,2024-06-28,entity_exact
2024,DGA,NiSource,Columbia Gas of Pennsylvania,COLUMBIA GAS OF PENNSYLVANIA,25000,2024-08-26,entity_exact
2024,DGA,Constellation,Constellation Energy (post spinoff 2022),"CONSTELLATION ENERGY GROUP, INC.",25000,2024-09-26,entity_simplified
2024,DGA,Constellation,Constellation Energy (post spinoff 2022),"CONSTELLATION ENERGY GROUP, INC.",25000,2024-10-04,entity_simplified
2024,DGA,Duke Energy,Duke Energy,DUKE ENERGY CORPORATION,25000,2024-04-23,entity_simplified
2024,DGA,National Grid,National Grid,NATIONAL GRID USA,25000,2024-09-04,entity_simplified
2024,DGA,NextEra,NextEra,NEXTERA ENERGY RESOURCES LLC,25000,2024-05-06,entity_word_boundary
2024,DGA,NextEra,NextEra,NEXTERA ENERGY RESOURCES LLC,25000,2024-10-07,entity_word_boundary
2024,DGA,TXNM Energy,PNM Resources,PNM RESOURCES,25000,2024-03-27,entity_exact
2024,DGA,Xcel Energy,Xcel Energy,XCEL ENERGY,25000,2024-03-12,entity_exact
2024,DLCC,Edison Electric Institute,Edison Electric Institute,EDISON ELECTRIC INSTITUTE,25000,2024-02-26,entity_exact
2024,DLCC,Fortis,ITC Holdings,ITC HOLDINGS CORP,25000,2024-01-30,entity_exact
2024,DLCC,NRG Energy,NRG Energy,NRG ENERGY INC.,25000,2024-11-13,entity_simplified
2024,GOPAC,Duke Energy,Duke Energy,DUKE ENERGY,25000,2024-06-11,entity_exact
2024,GOPAC,Fortis,ITC Holdings,ITC HOLDINGS CORP,25000,2024-03-19,entity_exact
2024,RAGA,Alliant Energy,Alliant Energy,ALLIANT ENERGY CORPORATION SERVICES INC,25000,2024-05-07,entity_simplified
2024,RAGA,American Electric Power,American Electric Power,AMERICAN ELECTRIC POWER SERVICE CORPORATION,25000,2024-03-15,entity_simplified
2024,RAGA,American Gas Association,American Gas Association,AMERICAN GAS ASSOCIATION,25000,2024-03-12,entity_exact
2024,RAGA,Berkshire Hathaway Energy,Berkshire Hathaway Energy,BERKSHIRE HATHAWAY ENERGY CO,25000,2024-05-15,entity_simplified
2024,RAGA,Duke Energy,Duke Energy,DUKE ENERGY,25000,2024-02-26,entity_exact
2024,RAGA,Duke Energy,Duke Energy,DUKE ENERGY,25000,2024-07-29,entity_exact
2024,RAGA,Edison Electric Institute,Edison Electric Institute,EDISON ELECTRIC INSTITUTE,25000,2024-07-18,entity_exact
2024,RAGA,Enbridge,Enbridge,"ENBRIDGE, INC. US",25000,2024-04-15,entity_simplified
2024,RAGA,Berkshire Hathaway Energy,MidAmerican Energy,MIDAMERICAN ENERGY COMPANY,25000,2024-07-30,entity_simplified
2024,RAGA,NRG Energy,NRG Energy,NRG ENERGY INC,25000,2024-01-03,entity_simplified
2024,RAGA,NRG Energy,NRG Energy,NRG ENERGY INC,25000,2024-07-09,entity_simplified
2024,RAGA,Nuclear Energy Institute,Nuclear Energy Institute,NUCLEAR ENERGY INSTITUTE,25000,2024-05-17,entity_exact
2024,RAGA,Vistra Energy,Vistra Corporate Services,VISTRA CORPORATE SERVICES COMPANY,25000,2024-02-14,entity_simplified
2024,RGA,Alliant Energy,Alliant Energy,ALLIANT ENERGY CORPORATION SERVICES INC,25000,2024-07-15,entity_simplified
2024,RGA,American Gas Association,American Gas Association,AMERICAN GAS ASSOCIATION,25000,2024-02-06,entity_exact
2024,RGA,Avangrid,Avangrid,AVANGRID INC,25000,2024-01-25,entity_simplified
2024,RGA,Avangrid,Avangrid,AVANGRID INC,25000,2024-04-09,entity_simplified
2024,RGA,Berkshire Hathaway Energy,Nevada Power Company,NEVADA POWER COMPANY,25000,2024-01-10,entity_exact
2024,RGA,NextEra,NextEra,NEXTERA ENERGY RESOURCES LLC,25000,2024-12-02,entity_word_boundary
2024,RGA,NiSource,Nisource Corporate Services,NISOURCE CORPORATE SERVICES COMPANY,25000,2024-12-02,entity_simplified
2024,RGA,Xcel Energy,Xcel Energy Services,XCEL ENERGY SERVICES INC,25000,2024-03-19,entity_simplified
2024,RSLC,Alliant Energy,Alliant Energy,ALLIANT ENERGY CORPORATION SERVICES INC,25000,2024-06-30,entity_simplified
2024,RSLC,American Electric Power,American Electric Power,AMERICAN ELECTRIC POWER SERVICE CORPORATION,25000,2024-03-21,entity_simplified
2024,RSLC,American Electric Power,American Electric Power,AMERICAN ELECTRIC POWER SERVICE CORPORATION,25000,2024-10-03,entity_simplified
2024,RSLC,Avangrid,Avangrid,AVANGRID,25000,2024-06-27,entity_exact
2024,RSLC,CenterPoint Energy,CenterPoint Energy Service,"CENTERPOINT ENERGY SERVICE COMPANY, LLC",25000,2024-08-21,entity_simplified
2024,RSLC,Dominion Energy,Dominion Energy Services,"DOMINION ENERGY SERVICES, INC.",25000,2024-09-18,entity_simplified
2024,RSLC,Dominion Energy,Dominion Energy Services,"DOMINION ENERGY SERVICES, INC.",25000,2024-12-02,entity_simplified
2024,RSLC,Duquesne Light Company,Duquesne Light Company,DUQUESNE LIGHT COMPANY,25000,2024-04-30,entity_exact
2024,RSLC,Fortis,ITC Holdings,ITC HOLDINGS CORP,25000,2024-02-09,entity_exact
2024,RSLC,NRG Energy,NRG Energy,NRG ENERGY INC.,25000,2024-08-20,entity_simplified
2024,RSLC,Public Service Enterprise Group,PSEG Services Corp,PSEG SERVICES CORPORATION,25000,2024-12-17,entity_simplified
2024,RSLC,Southern Company,Southern Company Services,"SOUTHERN COMPANY SERVICES, INC.",25000,2024-12-31,entity_simplified
2024,RSLC,Vistra Energy,Vistra Corporate Services,"VISTRA CORPORATE SERVICES COMPANY, AS AGENT",25000,2024-04-29,entity_simplified
2024,DGA,CenterPoint Energy,CenterPoint Energy Service,"CENTERPOINT ENERGY SERVICE COMPANY, LLC",20000,2024-06-12,entity_simplified
2024,DGA,Public Service Enterprise Group,PSEG Services Corp,PSEG SERVICES CORPORATION,20000,2024-06-11,entity_simplified
2024,RGA,NiSource,Nisource Corporate Services,NISOURCE CORPORATE SERVICES COMPANY,20000,2024-12-30,entity_simplified
2024,RSLC,Pinnacle West Capital,APS,APS,20000,2024-01-09,entity_word_boundary
2024,RSLC,Calpine,Calpine,CALPINE CORPORATION,20000,2024-09-30,entity_word_boundary
2024,RSLC,NextEra,NextEra,NEXTERA ENERGY RESOURCES LLC,20000,2024-09-03,entity_word_boundary
2024,RSLC,Vistra Energy,Vistra Corporate Services,"VISTRA CORPORATE SERVICES COMPANY, AS AGENT",20000,2024-03-05,entity_simplified
2024,DAGA,American Gas Association,American Gas Association,AMERICAN GAS ASSOCIATION,15000,2024-02-12,entity_exact
2024,DAGA,Avangrid,Avangrid,"AVANGRID, INC.",15000,2024-11-25,entity_simplified
2024,DGA,Edison Electric Institute,Edison Electric Institute,EDISON ELECTRIC INSTITUTE,15000,2024-05-03,entity_exact
2024,DGA,NextEra,NextEra,NEXTERA ENERGY RESOURCES LLC,15000,2024-12-17,entity_word_boundary
2024,DGA,NRG Energy,NRG Energy,NRG ENERGY INC.,15000,2024-04-30,entity_simplified
2024,DLCC,American Gas Association,American Gas Association,AMERICAN GAS ASSOCIATION,15000,2024-08-15,entity_exact
2024,DLCC,Xcel Energy,Xcel Energy,XCEL ENERGY,15000,2024-03-12,entity_exact
2024,GOPAC,Dominion Energy,Dominion Energy,DOMINION ENERGY,15000,2024-06-14,entity_exact
2024,GOPAC,Emera,Tampa Electric,TECO ENERGY TAMPA ELECTRIC COMPANY,15000,2024-02-02,entity_simplified
2024,RAGA,American Gas Association,American Gas Association,AMERICAN GAS ASSOCIATION,15000,2024-01-16,entity_exact
2024,RAGA,Emera,Tampa Electric,TAMPA ELECTRIC COMPANY,15000,2024-01-29,entity_simplified
2024,RAGA,Emera,Tampa Electric,TAMPA ELECTRIC COMPANY,15000,2024-12-02,entity_simplified
2024,RGA,NextEra,NextEra,NEXTERA ENERGY RESOURCES LLC,15000,2024-10-07,entity_word_boundary
2024,RGA,NiSource,Nisource Corporate Services,NISOURCE CORPORATE SERVICES COMPANY,15000,2024-11-18,entity_simplified
2024,RSLC,American Gas Association,American Gas Association,AMERICAN GAS ASSOCIATION,15000,2024-03-12,entity_exact
2024,RSLC,Calpine,Calpine,CALPINE CORPORATION,15000,2024-05-07,entity_word_boundary
2024,RSLC,CenterPoint Energy,CenterPoint Energy Service,"CENTERPOINT ENERGY SERVICE COMPANY, LLC",15000,2024-08-21,entity_simplified
2024,RSLC,NextEra,NextEra,NEXTERA ENERGY RESOURCES LLC,15000,2024-03-28,entity_word_boundary
2024,RSLC,Emera,Tampa Electric,TAMPA ELECTRIC TECO ENERGY,15000,2024-04-30,entity_simplified
2024,RSLC,Xcel Energy,Xcel Energy Services,XCEL ENERGY SERVICES INC.,15000,2024-03-13,entity_simplified
2024,RGA,NextEra,NextEra,NEXTERA ENERGY RESOURCES LLC - IN-KIND,11838,2024-11-20,entity_word_boundary
2024,DGA,NiSource,Columbia Gas of Pennsylvania,COLUMBIA GAS OF PENNSYLVANIA,10000,2024-11-25,entity_exact
2024,DGA,Duquesne Light Company,Duquesne Light Company,DUQUESNE LIGHT COMPANY,10000,2024-10-07,entity_exact
2024,DGA,Edison Electric Institute,Edison Electric Institute,EDISON ELECTRIC INSTITUTE,10000,2024-04-12,entity_exact
2024,DGA,Enbridge,Enbridge,ENBRIDGE US INC.,10000,2024-07-03,entity_simplified
2024,DGA,NextEra,NextEra,NEXTERA ENERGY RESOURCES LLC,10000,2024-08-21,entity_word_boundary
2024,DGA,Public Service Enterprise Group,PSEG Services Corp,PSEG SERVICES CORPORATION,10000,2024-10-28,entity_simplified
2024,DGA,Southwest Gas,Southwest Gas,SOUTHWEST GAS,10000,2024-10-15,entity_exact
2024,DLCC,Berkshire Hathaway Energy,Nevada Power Company,NEVADA POWER COMPANY,10000,2024-04-09,entity_exact
2024,GOPAC,American Electric Power,American Electric Power,AMERICAN ELECTRIC POWER AEP,10000,2024-11-14,entity_simplified
2024,GOPAC,Duke Energy,Duke Energy,DUKE ENERGY,10000,2024-04-23,entity_exact
2024,GOPAC,NextEra,NextEra,NEXTERA ENERGY RESOURCES LLC,10000,2024-10-09,entity_word_boundary
2024,GOPAC,Southwest Gas,Southwest Gas,SOUTHWEST GAS CORPORATION,10000,2024-10-08,entity_simplified
2024,GOPAC,Southwest Gas,Southwest Gas,SOUTHWEST GAS CORPORATION,10000,2024-11-04,entity_simplified
2024,RAGA,Berkshire Hathaway Energy,MidAmerican Energy,MIDAMERICAN ENERGY COMPANY,10000,2024-03-12,entity_simplified
2024,RGA,Atmos Energy,Atmos Energy,ATMOS ENERGY CORPORATION PAC,10000,2024-05-02,entity_simplified
2024,RGA,NiSource,Nisource Corporate Services,NISOURCE CORPORATE SERVICES COMPANY,10000,2024-03-25,entity_simplified
2024,RSLC,American Electric Power,American Electric Power,AMERICAN ELECTRIC POWER SERVICE CORPORATION,10000,2024-08-23,entity_simplified
2024,RSLC,Fortis,ITC Holdings,ITC HOLDINGS CORP,10000,2024-03-01,entity_exact
2024,RSLC,NextEra,NextEra,NEXTERA ENERGY RESOURCES LLC,10000,2024-05-20,entity_word_boundary
2024,RSLC,NextEra,NextEra,NEXTERA ENERGY RESOURCES LLC,10000,2024-08-07,entity_word_boundary
2024,RSLC,NextEra,NextEra,NEXTERA ENERGY RESOURCES LLC,10000,2024-10-21,entity_word_boundary
2024,RSLC,Southern Company,Southern Company Services,"SOUTHERN COMPANY SERVICES, INC.",10000,2024-12-31,entity_simplified
2024,RSLC,Emera,Tampa Electric,TAMPA ELECTRIC TECO ENERGY,10000,2024-02-27,entity_simplified
2024,RSLC,Emera,Tampa Electric,TAMPA ELECTRIC TECO ENERGY,10000,2024-08-26,entity_simplified
2024,RGA,Southern Company,Georgia Power,GEORGIA POWER COMPANY - IN-KIND,8652,2024-05-15,entity_simplified
2024,DLCC,Xcel Energy,Xcel Energy,XCEL ENERGY,7500,2024-06-25,entity_exact
2024,RSLC,American Gas Association,American Gas Association,AMERICAN GAS ASSOCIATION,7500,2024-08-09,entity_exact
2024,DGA,NRG Energy,NRG Energy,NRG ENERGY INC. IN-KIND,6983,2024-01-03,entity_simplified
2024,DLCC,Avangrid,Avangrid PAC,AVANGRID PAC,5000,2024-08-26,entity_exact
2024,DLCC,CenterPoint Energy,CenterPoint Energy,CENTERPOINT ENERGY,5000,2024-09-13,entity_exact
2024,GOPAC,Duke Energy,Duke Energy,DUKE ENERGY,5000,2024-09-05,entity_exact
2024,RGA,Fortis,ITC Midwest LLC,ITC MIDWEST LLC,5000,2024-06-25,entity_exact
2024,RGA,NextEra,NextEra,NEXTERA ENERGY RESOURCES LLC,5000,2024-12-19,entity_word_boundary
2024,RSLC,American Gas Association,American Gas Association,AMERICAN GAS ASSOCIATION,5000,2024-04-23,entity_exact
2024,RSLC,Calpine,Calpine,CALPINE CORPORATION,5000,2024-08-07,entity_word_boundary
2024,RSLC,Duke Energy,Duke Energy Business Services,DUKE ENERGY BUSINESS SERVICES LLC,5000,2024-06-10,entity_simplified
2024,RSLC,Edison Electric Institute,Edison Electric Institute,EDISON ELECTRIC INSTITUTE,5000,2024-06-04,entity_exact
2024,RSLC,Edison Electric Institute,Edison Electric Institute,EDISON ELECTRIC INSTITUTE,5000,2024-09-13,entity_exact
2024,RSLC,NextEra,NextEra,NEXTERA ENERGY RESOURCES LLC,5000,2024-05-14,entity_word_boundary
2024,RSLC,NextEra,NextEra,NEXTERA ENERGY RESOURCES LLC,5000,2024-12-31,entity_word_boundary
2024,RSLC,Nuclear Energy Institute,Nuclear Energy Institute,NUCLEAR ENERGY INSTITUTE,5000,2024-02-07,entity_exact
2024,RSLC,Southwest Gas,Southwest Gas,SOUTHWEST GAS CORPORATION,5000,2024-12-02,entity_simplified
2024,RSLC,Evergy,Evergy,EVERGY,4689,2024-12-12,entity_word_boundary
2024,DGA,NextEra,NextEra,NEXTERA ENERGY MARKETING LLC,2500,2024-10-17,entity_word_boundary
2024,RGA,OGE Energy Corp,OGE Energy,OGE ENERGY CORPORATION,2500,2024-11-13,entity_simplified
2024,RSLC,Fortis,ITC Holdings,ITC HOLDINGS CORP,2500,2024-06-14,entity_exact
2024,RAGA,NextEra,NextEra,NEXTERA ENERGY RESOURCES LLC,1400,2024-05-22,entity_word_boundary
2024,RSLC,Duke Energy,Piedmont Natural Gas,PIEDMONT NATURAL GAS CO.,1000,2024-11-07,entity_simplified
2024,RGA,AES Corporation,AES United States,AES UNITED STATES,500,2024-09-27,entity_exact
2024,RGA,Alliant Energy,Alliant Energy,ALLIANT ENERGY CORPORATION SERVICES INC,500,2024-09-16,entity_simplified
2024,RGA,Edison Electric Institute,Edison Electric Institute,EDISON ELECTRIC INSTITUTE,500,2024-09-12,entity_exact
2024,RGA,NiSource,Nisource Corporate Services,NISOURCE CORPORATE SERVICES COMPANY,500,2024-09-24,entity_simplified
2024,RGA,NiSource,Northern Indiana Public Service Company,NORTHERN INDIANA PUBLIC SERVICE COMPANY,500,2024-09-20,entity_exact
2024,RGA,OGE Energy Corp,OGE Energy,OGE ENERGY CORPORATION,500,2024-09-12,entity_simplified
2024,RGA,Southern Company,Southern Company Services,SOUTHERN COMPANY SERVICES INC,500,2024-09-25,entity_simplified
2024,RGA,Southern Company,Southern Company Services,SOUTHERN COMPANY SERVICES INC,500,2024-10-16,entity_simplified
2024,RGA,Vistra Energy,Vistra Corporate Services,VISTRA CORPORATE SERVICES COMPANY,500,2024-09-12,entity_simplified
2024,DLCC,Edison Electric Institute,Edison Electric Institute,EDISON ELECTRIC INSTITUTE,300,2024-05-23,entity_exact
2024,DLCC,Edison Electric Institute,Edison Electric Institute,EDISON ELECTRIC INSTITUTE,300,2024-07-02,entity_exact
2024,DLCC,Edison Electric Institute,Edison Electric Institute,EDISON ELECTRIC INSTITUTE,300,2024-08-26,entity_exact
2023,DGA,Avangrid,Avangrid,AVANGRID INC.,250000,2023-03-28,entity_simplified
2023,DGA,NextEra,NextEra,NEXTERA ENERGY RESOURCES LLC,250000,2023-01-05,entity_word_boundary
2023,DGA,NRG Energy,NRG Energy,NRG ENERGY INC.,250000,2023-04-17,entity_simplified
2023,RGA,American Electric Power,American Electric Power,AMERICAN ELECTRIC POWER,250000,2023-01-10,entity_exact
2023,RGA,Dominion Energy,Dominion Energy Services,DOMINION ENERGY SERVICES INC,250000,2023-06-09,entity_simplified
2023,RGA,NextEra,NextEra,NEXTERA ENERGY RESOURCES,250000,2023-01-04,entity_word_boundary
2023,RGA,NextEra,NextEra,NEXTERA ENERGY RESOURCES,250000,2023-12-20,entity_word_boundary
2023,RGA,NRG Energy,NRG Energy,NRG ENERGY INC,250000,2023-08-11,entity_simplified
2023,DGA,Public Service Enterprise Group,PSEG Services Corp,PSEG SERVICES CORPORATION,200000,2023-09-27,entity_simplified
2023,DGA,Southern Company,Southern Company Services,"SOUTHERN COMPANY SERVICES, INC.",150000,2023-12-27,entity_simplified
2023,RGA,Southern Company,Southern Company Services,SOUTHERN COMPANY SERVICES INC,150000,2023-11-27,entity_simplified
2023,RSLC,Dominion Energy,Dominion Energy Services,"DOMINION ENERGY SERVICES, INC.",150000,2023-01-09,entity_simplified
2023,RAGA,Southern Company,Southern Company Services,"SOUTHERN COMPANY SERVICES, INC.",125000,2023-12-27,entity_simplified
2023,DGA,Exelon,Exelon Business Services,EXELON BUSINESS SERVICES,110000,2023-11-02,entity_exact
2023,DGA,Alliant Energy,Alliant Energy,ALLIANT ENERGY CORP SERVICES INC.,100000,2023-06-30,entity_simplified
2023,DGA,American Electric Power,American Electric Power,AMERICAN ELECTRIC POWER,100000,2023-02-01,entity_exact
2023,DGA,Dominion Energy,Dominion Energy Services,DOMINION ENERGY SERVICES INC.,100000,2023-02-21,entity_simplified
2023,DGA,Duke Energy,Duke Energy,DUKE ENERGY CORPORATION,100000,2023-10-27,entity_simplified
2023,DGA,Edison Electric Institute,Edison Electric Institute,EDISON ELECTRIC INSTITUTE,100000,2023-06-08,entity_exact
2023,DGA,National Grid,National Grid,NATIONAL GRID USA,100000,2023-04-26,entity_simplified
2023,DGA,Nuclear Energy Institute,Nuclear Energy Institute,NUCLEAR ENERGY INSTITUTE,100000,2023-03-01,entity_exact
2023,DGA,Vistra Energy,Vistra Corporate Services,VISTRA CORPORATE SERVICES CO,100000,2023-03-29,entity_simplified
2023,DLCC,Avangrid,Avangrid PAC,AVANGRID PAC,100000,2023-07-10,entity_exact
2023,GOPAC,Dominion Energy,Dominion Energy,DOMINION ENERGY,100000,2023-08-11,entity_exact
2023,GOPAC,Dominion Energy,Dominion Energy,DOMINION ENERGY,100000,2023-08-31,entity_exact
2023,GOPAC,Duke Energy,Duke Energy,DUKE ENERGY,100000,2023-12-13,entity_exact
2023,GOPAC,Duke Energy,Duke Energy,DUKE ENERGY,100000,2023-12-26,entity_exact
2023,RAGA,NextEra,NextEra,NEXTERA ENERGY RESOURCES LLC,100000,2023-01-09,entity_word_boundary
2023,RGA,Berkshire Hathaway Energy,Berkshire Hathaway Energy,BERKSHIRE HATHAWAY ENERGY COMPANY,100000,2023-07-10,entity_simplified
2023,RGA,Edison Electric Institute,Edison Electric Institute,EDISON ELECTRIC INSTITUTE,100000,2023-11-30,entity_exact
2023,RGA,Berkshire Hathaway Energy,MidAmerican Energy,MIDAMERICAN ENERGY COMPANY,100000,2023-06-20,entity_simplified
2023,RGA,Nuclear Energy Institute,Nuclear Energy Institute,NUCLEAR ENERGY INSTITUTE,100000,2023-03-01,entity_exact
2023,RGA,Vistra Energy,Vistra Corporate Services,VISTRA CORPORATE SERVICES COMPANY,100000,2023-02-28,entity_simplified
2023,RSLC,Alliant Energy,Alliant Energy,ALLIANT ENERGY CORPORATION SERVICES INC,100000,2023-05-15,entity_simplified
2023,RSLC,Dominion Energy,Dominion Energy Services,"DOMINION ENERGY SERVICES, INC.",100000,2023-08-14,entity_simplified
2023,RSLC,Dominion Energy,Dominion Energy Services,"DOMINION ENERGY SERVICES, INC.",100000,2023-09-12,entity_simplified
2023,RSLC,Duke Energy,Duke Energy Business Services,DUKE ENERGY BUSINESS SERVICES LLC,100000,2023-11-30,entity_simplified
2023,RSLC,NextEra,NextEra,NEXTERA ENERGY RESOURCES LLC,100000,2023-01-04,entity_word_boundary
2023,RSLC,NextEra,NextEra,NEXTERA ENERGY RESOURCES LLC,100000,2023-12-19,entity_word_boundary
2023,DLCC,Duke Energy,Duke Energy,DUKE ENERGY CORPORATION,90000,2023-12-20,entity_simplified
2023,DGA,NextEra,NextEra,NEXTERA ENERGY POINT BEACH LLC,75000,2023-08-09,entity_word_boundary
2023,DLCC,Public Service Enterprise Group,PSEG,PSEG SERVICES,75000,2023-10-31,entity_word_boundary
2023,RSLC,NextEra,NextEra,NEXTERA ENERGY RESOURCES LLC,75000,2023-01-04,entity_word_boundary
2023,RSLC,NextEra,NextEra,NEXTERA ENERGY RESOURCES LLC,75000,2023-12-19,entity_word_boundary
2023,DAGA,Dominion Energy,Dominion Energy,DOMINION ENERGY,50000,2023-05-30,entity_exact
2023,DAGA,Dominion Energy,Dominion Energy,DOMINION ENERGY,50000,2023-12-05,entity_exact
2023,DAGA,NextEra,NextEra,NEXTERA ENERGY RESOURCES LLC,50000,2023-12-19,entity_word_boundary
2023,DAGA,NRG Energy,NRG Energy,"NRG ENERGY, INC.",50000,2023-07-10,entity_simplified
2023,DAGA,PG&E Corp,PACIFIC GAS AND ELECTRIC COMPANY,PACIFIC GAS AND ELECTRIC COMPANY,50000,2023-09-12,entity_exact
2023,DAGA,Southern Company,Southern Company Services,"SOUTHERN COMPANY SERVICES, INC.",50000,2023-11-27,entity_simplified
2023,DGA,AES Corporation,AES Corporation,AES CORPORATION,50000,2023-07-24,entity_exact
2023,DGA,Constellation,Constellation Energy (post spinoff 2022),"CONSTELLATION ENERGY GROUP, INC.",50000,2023-05-16,entity_simplified
2023,DGA,Dominion Energy,Dominion Energy Services,DOMINION ENERGY SERVICES INC.,50000,2023-07-11,entity_simplified
2023,DGA,Fortis,ITC Holdings,ITC HOLDINGS CORPORATION,50000,2023-01-03,entity_simplified
2023,DGA,NextEra,NextEra,NEXTERA ENERGY POINT BEACH LLC,50000,2023-05-03,entity_word_boundary
2023,DLCC,NextEra,NextEra,NEXTERA ENERGY RESOURCES,50000,2023-01-09,entity_word_boundary
2023,DLCC,Nuclear Energy Institute,Nuclear Energy Institute,NUCLEAR ENERGY INSTITUTE,50000,2023-01-18,entity_exact
2023,GOPAC,NextEra,Florida Power & Light,FLORIDA POWER AND LIGHT COMPANY,50000,2023-06-23,entity_simplified
2023,GOPAC,NextEra,NextEra,NEXTERA ENERGY RESOURCES LLC,50000,2023-12-20,entity_word_boundary
2023,RAGA,Dominion Energy,Dominion Energy,DOMINION ENERGY,50000,2023-12-11,entity_exact
2023,RGA,AES Corporation,AES United States,AES UNITED STATES,50000,2023-07-24,entity_exact
2023,RGA,CenterPoint Energy,CenterPoint Energy,CENTERPOINT ENERGY INC,50000,2023-12-21,entity_simplified
2023,RGA,Fortis,ITC Holdings,ITC HOLDINGS CORPORATION,50000,2023-08-21,entity_simplified
2023,RGA,Public Service Enterprise Group,PSEG Services Corp,PSEG SERVICES CORPORATION,50000,2023-03-07,entity_simplified
2023,RGA,Southern Company,Southern Company Services,SOUTHERN COMPANY SERVICES INC,50000,2023-12-28,entity_simplified
2023,RGA,Spire,Spire Missouri,SPIRE MISSOURI INC,50000,2023-07-17,entity_word_boundary
2023,RSLC,Avangrid,Avangrid,AVANGRID,50000,2023-07-17,entity_exact
2023,RSLC,Dominion Energy,Dominion Energy Services,"DOMINION ENERGY SERVICES, INC.",50000,2023-04-10,entity_simplified
2023,RSLC,Dominion Energy,Dominion Energy Services,"DOMINION ENERGY SERVICES, INC.",50000,2023-08-08,entity_simplified
2023,RSLC,Dominion Energy,Dominion Energy Services,"DOMINION ENERGY SERVICES, INC.",50000,2023-10-10,entity_simplified
2023,RSLC,Dominion Energy,Dominion Energy Services,"DOMINION ENERGY SERVICES, INC.",50000,2023-10-13,entity_simplified
2023,RSLC,Nuclear Energy Institute,Nuclear Energy Institute,NUCLEAR ENERGY INSTITUTE,50000,2023-01-18,entity_exact
2023,DAGA,Avangrid,Avangrid,AVANGRID,45000,2023-04-03,entity_exact
2023,RAGA,Berkshire Hathaway Energy,Berkshire Hathaway Energy,BERKSHIRE HATHAWAY ENERGY CO,37500,2023-06-30,entity_simplified
2023,RAGA,Berkshire Hathaway Energy,MidAmerican Energy,MIDAMERICAN ENERGY COMPANY,37500,2023-05-30,entity_simplified
2023,DGA,Duke Energy,Duke Energy,DUKE ENERGY CORPORATION,35000,2023-04-21,entity_simplified
2023,DAGA,Alliant Energy,Alliant Energy,ALLIANT ENERGY,25000,2023-06-21,entity_exact
2023,DAGA,Edison Electric Institute,Edison Electric Institute,EDISON ELECTRIC INSTITUTE,25000,2023-08-30,entity_exact
2023,DAGA,Eversource,Eversource Energy Service,EVERSOURCE ENERGY SERVICE COMPANY,25000,2023-10-26,entity_simplified
2023,DAGA,Southern Company,Nicor Gas,NICOR GAS,25000,2023-12-12,entity_exact
2023,DAGA,NRG Energy,NRG Energy,"NRG ENERGY, INC.",25000,2023-11-27,entity_simplified
2023,DAGA,Vistra Energy,Vistra Corporate Services,VISTRA CORPORATE SERVICES COMPANY,25000,2023-02-08,entity_simplified
2023,DAGA,Vistra Energy,Vistra Corporate Services,VISTRA CORPORATE SERVICES COMPANY,25000,2023-12-29,entity_simplified
2023,DGA,DTE Energy,DTE Energy,DTE ENERGY,25000,2023-04-24,entity_exact
2023,DGA,Edison Electric Institute,Edison Electric Institute,EDISON ELECTRIC INSTITUTE,25000,2023-10-23,entity_exact
2023,DGA,Fortis,ITC Holdings,ITC HOLDINGS CORPORATION,25000,2023-01-17,entity_simplified
2023,DGA,Fortis,ITC Holdings,ITC HOLDINGS CORPORATION,25000,2023-04-24,entity_simplified
2023,DGA,NextEra,NextEra,NEXTERA ENERGY RESOURCES LLC,25000,2023-01-12,entity_word_boundary
2023,DGA,NRG Energy,NRG Energy,NRG ENERGY INC.,25000,2023-12-11,entity_simplified
2023,DGA,Sempra Energy,Southern California Gas,SOUTHERN CALIFORNIA GAS COMPANY,25000,2023-11-20,entity_simplified
2023,DGA,Southern Company,Southern Company Services,"SOUTHERN COMPANY SERVICES, INC.",25000,2023-02-03,entity_simplified
2023,DGA,Vistra Energy,Vistra Corporate Services,VISTRA CORPORATE SERVICES CO,25000,2023-09-12,entity_simplified
2023,DGA,Xcel Energy,Xcel Energy,XCEL ENERGY,25000,2023-04-24,entity_exact
2023,DLCC,Edison Electric Institute,Edison Electric Institute,EDISON ELECTRIC INSTITUTE,25000,2023-06-07,entity_exact
2023,DLCC,Fortis,ITC Holdings,ITC HOLDINGS CORP,25000,2023-04-11,entity_exact
2023,DLCC,NRG Energy,NRG Energy,NRG ENERGY INC.,25000,2023-02-22,entity_simplified
2023,DLCC,Vistra Energy,Vistra Corporate Services,VISTRA CORPORATE SERVICES COMPANY,25000,2023-02-07,entity_simplified
2023,DLCC,Vistra Energy,Vistra Corporate Services,VISTRA CORPORATE SERVICES COMPANY,25000,2023-03-08,entity_simplified
2023,GOPAC,Edison Electric Institute,Edison Electric Institute,EDISON ELECTRIC INSTITUTE,25000,2023-02-07,entity_exact
2023,GOPAC,Fortis,ITC Holdings,ITC HOLDINGS CORP,25000,2023-03-31,entity_exact
2023,RAGA,Alliant Energy,Alliant Energy,ALLIANT ENERGY CORPORATION SERVICES INC,25000,2023-05-04,entity_simplified
2023,RAGA,American Electric Power,American Electric Power,AMERICAN ELECTRIC POWER SERVICE CORPORATION,25000,2023-02-23,entity_simplified
2023,RAGA,NRG Energy,NRG Energy,NRG ENERGY INC,25000,2023-02-22,entity_simplified
2023,RAGA,NRG Energy,NRG Energy,NRG ENERGY INC,25000,2023-03-07,entity_simplified
2023,RAGA,Vistra Energy,Vistra Corporate Services,VISTRA CORPORATE SERVICES COMPANY,25000,2023-02-22,entity_simplified
2023,RGA,Alliant Energy,Alliant Energy,ALLIANT ENERGY CORPORATION,25000,2023-07-19,entity_simplified
2023,RGA,CenterPoint Energy,CenterPoint Energy,CENTERPOINT ENERGY INC,25000,2023-10-09,entity_simplified
2023,RGA,CenterPoint Energy,CenterPoint Energy,CENTERPOINT ENERGY INC,25000,2023-11-16,entity_simplified
2023,RGA,CenterPoint Energy,CenterPoint Energy,CENTERPOINT ENERGY INC,25000,2023-12-20,entity_simplified
2023,RGA,Southern Company,Southern Company Services,"SOUTHERN COMPANY SERVICES, INC",25000,2023-02-03,entity_simplified
2023,RGA,Xcel Energy,Xcel Energy Services,XCEL ENERGY SERVICES INC,25000,2023-04-18,entity_simplified
2023,RSLC,Alliant Energy,Alliant Energy,ALLIANT ENERGY CORPORATION SERVICES INC,25000,2023-05-15,entity_simplified
2023,RSLC,American Electric Power,American Electric Power,AMERICAN ELECTRIC POWER SERVICE CORPORATION,25000,2023-01-04,entity_simplified
2023,RSLC,American Electric Power,American Electric Power,AMERICAN ELECTRIC POWER SERVICE CORPORATION,25000,2023-03-20,entity_simplified
2023,RSLC,CenterPoint Energy,CenterPoint Energy Service,"CENTERPOINT ENERGY SERVICE COMPANY, LLC",25000,2023-09-18,entity_simplified
2023,RSLC,Dominion Energy,Dominion Energy Services,"DOMINION ENERGY SERVICES, INC.",25000,2023-01-09,entity_simplified
2023,RSLC,Dominion Energy,Dominion Energy Services,"DOMINION ENERGY SERVICES, INC.",25000,2023-04-10,entity_simplified
2023,RSLC,Duke Energy,Duke Energy Business Services,DUKE ENERGY BUSINESS SERVICES LLC,25000,2023-09-28,entity_simplified
2023,RSLC,Duke Energy,Duke Energy Business Services,DUKE ENERGY BUSINESS SERVICES LLC,25000,2023-09-28,entity_simplified
2023,RSLC,Duke Energy,Duke Energy Business Services,DUKE ENERGY BUSINESS SERVICES LLC,25000,2023-12-19,entity_simplified
2023,RSLC,Edison Electric Institute,Edison Electric Institute,EDISON ELECTRIC INSTITUTE,25000,2023-01-04,entity_exact
2023,RSLC,Edison Electric Institute,Edison Electric Institute,EDISON ELECTRIC INSTITUTE,25000,2023-12-21,entity_exact
2023,RSLC,Fortis,ITC Holdings,ITC HOLDINGS CORP,25000,2023-02-17,entity_exact
2023,RSLC,NextEra,NextEra,NEXTERA ENERGY RESOURCES LLC,25000,2023-02-24,entity_word_boundary
2023,RSLC,NextEra,NextEra,NEXTERA ENERGY RESOURCES LLC,25000,2023-09-27,entity_word_boundary
2023,RSLC,NRG Energy,NRG Energy,NRG ENERGY INC.,25000,2023-02-23,entity_simplified
2023,RSLC,Public Service Enterprise Group,PSEG Services Corp,PSEG SERVICES CORPORATION,25000,2023-03-28,entity_simplified
2023,RSLC,Public Service Enterprise Group,PSEG Services Corp,PSEG SERVICES CORPORATION,25000,2023-10-18,entity_simplified
2023,RSLC,Southern Company,Southern Company Services,"SOUTHERN COMPANY SERVICES, INC.",25000,2023-12-19,entity_simplified
2023,RSLC,Vistra Energy,Vistra Corporate Services,"VISTRA CORPORATE SERVICES COMPANY, AS AGENT",25000,2023-02-08,entity_simplified
2023,RSLC,Vistra Energy,Vistra Corporate Services,"VISTRA CORPORATE SERVICES COMPANY, AS AGENT",25000,2023-04-12,entity_simplified
2023,RSLC,Vistra Energy,Vistra Corporate Services,"VISTRA CORPORATE SERVICES COMPANY, AS AGENT",25000,2023-12-14,entity_simplified
2023,DGA,Constellation,Constellation Energy (post spinoff 2022),"CONSTELLATION ENERGY GROUP, INC.",22500,2023-05-16,entity_simplified
2023,DLCC,NextEra,NextEra,NEXTERA ENERGY RESOURCES,20000,2023-01-09,entity_word_boundary
2023,GOPAC,Duke Energy,Duke Energy,DUKE ENERGY,20000,2023-06-20,entity_exact
2023,RGA,American Gas Association,American Gas Association,AMERICAN GAS ASSOCIATION,20000,2023-03-15,entity_exact
2023,RSLC,Vistra Energy,Vistra Corporate Services,"VISTRA CORPORATE SERVICES COMPANY, AS AGENT",20000,2023-02-23,entity_simplified
2023,DAGA,American Gas Association,American Gas Association,AMERICAN GAS ASSOCIATION,15000,2023-02-17,entity_exact
2023,DGA,NiSource,Nisource Inc PAC,NISOURCE INC PAC,15000,2023-10-24,entity_exact
2023,DGA,Xcel Energy,Xcel Energy,XCEL ENERGY,15000,2023-10-10,entity_exact
2023,DLCC,Xcel Energy,Xcel Energy,XCEL ENERGY,15000,2023-04-24,entity_exact
2023,RAGA,PPL Corporation,LGandE and KU Services,LGANDE AND KU SERVICES COMPANY,15000,2023-09-18,entity_simplified
2023,RAGA,Emera,Tampa Electric,TAMPA ELECTRIC COMPANY,15000,2023-02-17,entity_simplified
2023,RSLC,Calpine,Calpine,CALPINE CORPORATION,15000,2023-03-02,entity_word_boundary
2023,RSLC,CenterPoint Energy,CenterPoint Energy Service,"CENTERPOINT ENERGY SERVICE COMPANY, LLC",15000,2023-09-18,entity_simplified
2023,RSLC,Xcel Energy,Xcel Energy Services,XCEL ENERGY SERVICES INC.,15000,2023-04-25,entity_simplified
2023,RSLC,Fortis,ITC Holdings,ITC HOLDINGS CORP,12500,2023-10-27,entity_exact
2023,DGA,Exelon,Baltimore Gas and Electric,BALTIMORE GAS   ELECTRIC COMPANY,10000,2023-05-22,entity_simplified
2023,DGA,Constellation,Constellation Energy (post spinoff 2022),"CONSTELLATION ENERGY GROUP, INC.",10000,2023-10-04,entity_simplified
2023,DGA,Exelon,Pepco,PEPCO HOLDINGS,10000,2023-05-30,entity_word_boundary
2023,DGA,Southwest Gas,Southwest Gas,SOUTHWEST GAS,10000,2023-10-30,entity_exact
2023,DGA,Vistra Energy,Vistra Corporate Services,VISTRA CORPORATE SERVICES CO,10000,2023-04-05,entity_simplified
2023,DLCC,Duke Energy,Duke Energy,DUKE ENERGY CORPORATION,10000,2023-12-20,entity_simplified
2023,DLCC,NRG Energy,NRG Energy,NRG ENERGY INC.,10000,2023-05-09,entity_simplified
2023,DLCC,NRG Energy,NRG Energy,NRG ENERGY INC.,10000,2023-09-05,entity_simplified
2023,DLCC,Puget Sound Energy,Puget Sound Energy,PUGET SOUND ENERGY,10000,2023-10-23,entity_exact
2023,GOPAC,American Electric Power,American Electric Power,AMERICAN ELECTRIC POWER AEP,10000,2023-08-11,entity_simplified
2023,RGA,Atmos Energy,Atmos Energy,ATMOS ENERGY CORPORATION PAC,10000,2023-05-02,entity_simplified
2023,RGA,Duke Energy,Duke Energy Business Services,DUKE ENERGY BUSINESS SERVICES LLC,10000,2023-08-14,entity_simplified
2023,RGA,Fortis,ITC Midwest LLC,ITC MIDWEST LLC,10000,2023-07-10,entity_exact
2023,RGA,NRG Energy,NRG Energy,NRG ENERGY INC,10000,2023-10-10,entity_simplified
2023,RSLC,American Electric Power,American Electric Power,AMERICAN ELECTRIC POWER SERVICE CORPORATION,10000,2023-08-31,entity_simplified
2023,RSLC,American Electric Power,American Electric Power,AMERICAN ELECTRIC POWER SERVICE CORPORATION,10000,2023-10-27,entity_simplified
2023,RSLC,Calpine,Calpine,CALPINE CORPORATION,10000,2023-10-13,entity_word_boundary
2023,RSLC,Duke Energy,Duke Energy Business Services,DUKE ENERGY BUSINESS SERVICES LLC,10000,2023-03-07,entity_simplified
2023,RSLC,Fortis,ITC Holdings,ITC HOLDINGS CORP,10000,2023-02-10,entity_exact
2023,RSLC,Southern Company,Southern Company Services,"SOUTHERN COMPANY SERVICES, INC.",10000,2023-12-19,entity_simplified
2023,RSLC,Emera,Tampa Electric,TAMPA ELECTRIC TECO ENERGY,10000,2023-03-21,entity_simplified
2023,RSLC,Emera,Tampa Electric,TAMPA ELECTRIC TECO ENERGY,10000,2023-06-23,entity_simplified
2023,DGA,Vistra Energy,Vistra Corporate Services,VISTRA CORPORATE SERVICES CO,7500,2023-05-10,entity_simplified
2023,RSLC,NextEra,NextEra,NEXTERA ENERGY RESOURCES LLC,7500,2023-03-07,entity_word_boundary
2023,RSLC,NextEra,NextEra,NEXTERA ENERGY RESOURCES LLC,7500,2023-04-17,entity_word_boundary
2023,DAGA,Southern Company,Nicor Gas,NICOR GAS,5000,2023-12-11,entity_exact
2023,DAGA,PG&E Corp,PACIFIC GAS AND ELECTRIC COMPANY,PACIFIC GAS AND ELECTRIC COMPANY,5000,2023-11-14,entity_exact
2023,DAGA,Vistra Energy,Vistra Corporate Services,VISTRA CORPORATE SERVICES COMPANY,5000,2023-06-12,entity_simplified
2023,DGA,Calpine,Calpine,CALPINE CORPORATION,5000,2023-07-12,entity_word_boundary
2023,DGA,CenterPoint Energy,CenterPoint Energy Service,"CENTERPOINT ENERGY SERVICE COMPANY, LLC",5000,2023-09-25,entity_simplified
2023,DLCC,NextEra,NextEra,NEXTERA ENERGY RESOURCES,5000,2023-01-09,entity_word_boundary
2023,DLCC,Vistra Energy,Vistra Corporate Services,VISTRA CORPORATE SERVICES COMPANY,5000,2023-06-07,entity_simplified
2023,GOPAC,Puget Sound Energy,Puget Sound Energy,PUGET SOUND ENERGY,5000,2023-10-23,entity_exact
2023,RGA,Spire,Spire Missouri,SPIRE MISSOURI INC,5000,2023-05-30,entity_word_boundary
2023,RSLC,Alliant Energy,Alliant Energy,ALLIANT ENERGY CORPORATION SERVICES INC,5000,2023-05-30,entity_simplified
2023,RSLC,Alliant Energy,Alliant Energy,ALLIANT ENERGY CORPORATION SERVICES INC,5000,2023-08-09,entity_simplified
2023,RSLC,Duke Energy,Duke Energy Business Services,DUKE ENERGY BUSINESS SERVICES LLC,5000,2023-05-17,entity_simplified
2023,RSLC,NextEra,NextEra,NEXTERA ENERGY RESOURCES LLC,5000,2023-04-20,entity_word_boundary
2023,RSLC,Nuclear Energy Institute,Nuclear Energy Institute,NUCLEAR ENERGY INSTITUTE,5000,2023-01-25,entity_exact
2023,RSLC,Pinnacle West Capital,Pinnacle West,PINNACLE WEST CAPITAL CORPORATION,5000,2023-09-12,entity_simplified
2023,RSLC,Vistra Energy,Vistra Corporate Services,"VISTRA CORPORATE SERVICES COMPANY, AS AGENT",5000,2023-07-20,entity_simplified
2023,DAGA,Avangrid,Avangrid,"AVANGRID, INC.",2500,2023-10-06,entity_simplified
2023,DLCC,CenterPoint Energy,CenterPoint Energy,CENTERPOINT ENERGY,2500,2023-09-22,entity_exact
2023,RSLC,Southwest Gas,Southwest Gas,SOUTHWEST GAS CORPORATION,2500,2023-08-16,entity_simplified
2023,RAGA,NRG Energy,NRG Energy,NRG ENERGY INC,2451,2023-03-08,entity_simplified
2023,RGA,NiSource,Nisource Inc PAC,NISOURCE INC PAC,2000,2023-11-09,entity_exact
2023,RGA,Northwestern Energy,Northwestern Energy Montana Employee PAC,NORTHWESTERN ENERGY MONTANA EMPLOYEE PAC,2000,2023-07-17,entity_exact
2023,RSLC,NextEra,NextEra,NEXTERA ENERGY - NOT A CONTRIB,2000,2023-08-31,entity_word_boundary
2023,RSLC,NextEra,NextEra,NEXTERA ENERGY - NOT A CONTRIB,1750,2023-09-11,entity_word_boundary
2023,DAGA,NRG Energy,NRG Energy,"NRG ENERGY, INC.",1000,2023-06-09,entity_simplified
2023,RSLC,Duke Energy,Piedmont Natural Gas,PIEDMONT NATURAL GAS CO.,1000,2023-09-14,entity_simplified
2023,RAGA,PPL Corporation,LGandE and KU Services,LGANDE AND KU SERVICES COMPANY,520,2023-02-13,entity_simplified
2023,RGA,Alliant Energy,Alliant Energy,ALLIANT ENERGY CORPORATION,500,2023-10-30,entity_simplified
2023,RAGA,American Gas Association,American Gas Association,AMERICAN GAS ASSOCIATION,400,2023-01-20,entity_exact
2023,DLCC,American Gas Association,American Gas Association,AMERICAN GAS ASSOCIATION,300,2023-04-13,entity_exact
2023,DLCC,American Gas Association,American Gas Association,AMERICAN GAS ASSOCIATION,300,2023-06-08,entity_exact
2023,DLCC,Fortis,ITC Holdings,ITC HOLDINGS CORP.,300,2023-06-05,entity_simplified
2022,RGA,Pinnacle West Capital,Pinnacle West,PINNACLE WEST CAPITAL CORPORATION,500000,2022-10-05,entity_simplified
2022,DGA,NextEra,NextEra,NEXTERA ENERGY RESOURCES,250000,2022-01-14,entity_word_boundary
2022,GOPAC,Duke Energy,Duke Energy,DUKE ENERGY,250000,2022-09-23,entity_exact
2022,RGA,American Electric Power,AEP Service Corporation,AEP SERVICE CORPORATION,250000,2022-05-10,entity_exact
2022,RGA,Dominion Energy,Dominion Energy Services,DOMINION ENERGY SERVICES INC,250000,2022-05-16,entity_simplified
2022,RGA,NextEra,NextEra,NEXTERA ENERGY RESOURCES LLC,250000,2022-02-01,entity_word_boundary
2022,RGA,NextEra,NextEra,NEXTERA ENERGY RESOURCES LLC,250000,2022-09-30,entity_word_boundary
2022,DGA,Public Service Enterprise Group,PSEG Services Corp,PSEG SERVICES CORP.,200000,2022-10-06,entity_simplified
2022,RSLC,Duke Energy,Duke Energy Business Services,DUKE ENERGY BUSINESS SERVICES LLC,200000,2022-09-16,entity_simplified
2022,DGA,Dominion Energy,Dominion Energy Services,DOMINION ENERGY SERVICES INC,150000,2022-02-18,entity_simplified
2022,DGA,Southern Company,Southern Company Services,"SOUTHERN COMPANY SERVICES, INC.",150000,2022-12-12,entity_simplified
2022,DLCC,Duke Energy,Duke Energy,DUKE ENERGY CORPORATION,150000,2022-09-30,entity_simplified
2022,RGA,Southern Company,Southern Company Services,SOUTHERN COMPANY SERVICES INC,150000,2022-12-13,entity_simplified
2022,RSLC,Dominion Energy,Dominion Energy Services,"DOMINION ENERGY SERVICES, INC.",150000,2022-06-01,entity_simplified
2022,RSLC,NextEra,NextEra,NEXTERA ENERGY RESOURCES LLC,150000,2022-10-13,entity_word_boundary
2022,DGA,Alliant Energy,Alliant Energy,ALLIANT ENERGY CORP SRVCS INC,100000,2022-01-10,entity_simplified
2022,DGA,Alliant Energy,Alliant Energy,ALLIANT ENERGY CORP SRVCS INC,100000,2022-03-25,entity_simplified
2022,DGA,Duke Energy,Duke Energy,DUKE ENERGY CORPORATION,100000,2022-09-16,entity_simplified
2022,DGA,Edison Electric Institute,Edison Electric Institute,EDISON ELECTRIC INSTITUTE,100000,2022-06-03,entity_exact
2022,DGA,Exelon,Exelon Business Services,EXELON BUSINESS SERVICES,100000,2022-01-10,entity_exact
2022,DGA,Exelon,Exelon Business Services,EXELON BUSINESS SERVICES,100000,2022-10-04,entity_exact
2022,DGA,NextEra,NextEra,NEXTERA ENERGY RESOURCES LLC,100000,2022-09-15,entity_word_boundary
2022,DGA,NRG Energy,NRG Energy,NRG ENERGY INC.,100000,2022-02-08,entity_simplified
2022,DGA,Vistra Energy,Vistra Corporate Services,VISTRA CORPORATE SERVICES CO,100000,2022-02-22,entity_simplified
2022,DGA,Xcel Energy,Xcel Energy,XCEL ENERGY,100000,2022-04-18,entity_exact
2022,DLCC,Dominion Energy,Dominion Energy,DOMINION ENERGY,100000,2022-12-27,entity_exact
2022,GOPAC,Xcel Energy,Xcel Energy,XCEL ENERGY,100000,2022-05-10,entity_exact
2022,RAGA,Southern Company,Southern Company Services,"SOUTHERN COMPANY SERVICES, INC.",100000,2022-12-27,entity_simplified
2022,RGA,Alliant Energy,Alliant Energy,ALLIANT ENERGY CORPORATION SERVICES INC,100000,2022-11-30,entity_simplified
2022,RGA,American Electric Power,American Electric Power,AMERICAN ELECTRIC POWER,100000,2022-08-23,entity_exact
2022,RGA,Duke Energy,Duke Energy,DUKE ENERGY CORPORATION,100000,2022-10-06,entity_simplified
2022,RGA,Edison Electric Institute,Edison Electric Institute,EDISON ELECTRIC INSTITUTE,100000,2022-10-24,entity_exact
2022,RGA,NRG Energy,NRG Energy,NRG ENERGY INC,100000,2022-02-23,entity_simplified
2022,RGA,Pinnacle West Capital,Pinnacle West,PINNACLE WEST CAPITAL CORPORATION,100000,2022-09-16,entity_simplified
2022,RGA,Vistra Energy,Vistra Corporate Services,VISTRA CORPORATE SERVICES COMPANY,100000,2022-02-23,entity_simplified
2022,RGA,Xcel Energy,Xcel Energy Services,XCEL ENERGY SERVICES INC,100000,2022-04-22,entity_simplified
2022,RSLC,Avangrid,Avangrid,AVANGRID,100000,2022-06-01,entity_exact
2022,RSLC,Berkshire Hathaway Energy,MidAmerican Energy,MIDAMERICAN ENERGY COMPANY,100000,2022-08-19,entity_simplified
2022,RSLC,NextEra,NextEra,NEXTERA ENERGY RESOURCES LLC,100000,2022-09-02,entity_word_boundary
2022,DGA,Nuclear Energy Institute,Nuclear Energy Institute,NUCLEAR ENERGY INSTITUTE,75000,2022-03-02,entity_exact
2022,DLCC,NextEra,NextEra,NEXTERA ENERGY RESOURCES,75000,2022-01-21,entity_word_boundary
2022,RGA,Berkshire Hathaway Energy,MidAmerican Energy,MIDAMERICAN ENERGY COMPANY,70000,2022-08-11,entity_simplified
2022,DAGA,NextEra,NextEra,NEXTERA ENERGY RESOURCES LLC,50000,2022-01-20,entity_word_boundary
2022,DAGA,NextEra,NextEra,NEXTERA ENERGY RESOURCES LLC,50000,2022-11-28,entity_word_boundary
2022,DAGA,NRG Energy,NRG Energy,"NRG ENERGY, INC.",50000,2022-04-26,entity_simplified
2022,DAGA,Southern Company,Southern Company Services,"SOUTHERN COMPANY SERVICES, INC.",50000,2022-05-31,entity_simplified
2022,DAGA,Southern Company,Southern Company Services,"SOUTHERN COMPANY SERVICES, INC.",50000,2022-12-23,entity_simplified
2022,DGA,Pinnacle West Capital,Arizona Public Service,ARIZONA PUBLIC SERVICE,50000,2022-12-15,entity_exact
2022,DGA,Avangrid,Avangrid,AVANGRID INC,50000,2022-06-21,entity_simplified
2022,DGA,Essential Utilities,Essential Utilities PAC,"ESSENTIAL UTILITIES, INC.",50000,2022-09-19,entity_simplified
2022,DGA,Fortis,ITC Holdings,ITC HOLDINGS CORP.,50000,2022-01-10,entity_simplified
2022,DGA,NextEra,NextEra,NEXTERA ENERGY RESOURCES LLC,50000,2022-09-13,entity_word_boundary
2022,DGA,Xcel Energy,Xcel Energy,XCEL ENERGY,50000,2022-10-19,entity_exact
2022,DLCC,Alliant Energy,Alliant Energy,ALLIANT ENERGY CORPORATION,50000,2022-01-10,entity_simplified
2022,DLCC,Nuclear Energy Institute,Nuclear Energy Institute,NUCLEAR ENERGY INSTITUTE,50000,2022-03-02,entity_exact
2022,GOPAC,Pinnacle West Capital,APS,APS,50000,2022-11-02,entity_word_boundary
2022,GOPAC,NextEra,NextEra,NEXTERA ENERGY RESOURCES LLC,50000,2022-12-21,entity_word_boundary
2022,RAGA,OGE Energy Corp,OGE Energy,OGE ENERGY CORP.,50000,2022-12-28,entity_simplified
2022,RGA,Berkshire Hathaway Energy,Berkshire Hathaway Energy,BERKSHIRE HATHAWAY ENERGY,50000,2022-08-26,entity_exact
2022,RGA,Berkshire Hathaway Energy,Berkshire Hathaway Energy,BERKSHIRE HATHAWAY ENERGY,50000,2022-08-26,entity_exact
2022,RGA,Fortis,ITC Holdings,ITC HOLDINGS CORPORATION,50000,2022-09-06,entity_simplified
2022,RGA,NextEra,NextEra,NEXTERA ENERGY RESOURCES LLC,50000,2022-12-22,entity_word_boundary
2022,RGA,NRG Energy,NRG Energy,NRG ENERGY INC,50000,2022-10-27,entity_simplified
2022,RGA,Nuclear Energy Institute,Nuclear Energy Institute,NUCLEAR ENERGY INSTITUTE,50000,2022-03-08,entity_exact
2022,RGA,OGE Energy Corp,OGE Energy,OGE ENERGY CO,50000,2022-12-20,entity_simplified
2022,RGA,OGE Energy Corp,OGE Energy,OGE ENERGY CORPORATION,50000,2022-01-21,entity_simplified
2022,RGA,Pinnacle West Capital,Pinnacle West,PINNACLE WEST CAPITAL CORPORATION,50000,2022-02-23,entity_simplified
2022,RGA,Pinnacle West Capital,Pinnacle West,PINNACLE WEST CAPITAL CORPORATION,50000,2022-02-23,entity_simplified
2022,RGA,Pinnacle West Capital,Pinnacle West,PINNACLE WEST CAPITAL CORPORATION,50000,2022-05-20,entity_simplified
2022,RGA,Spire,Spire Missouri,SPIRE MISSOURI INC,50000,2022-08-11,entity_word_boundary
2022,RGA,Xcel Energy,Xcel Energy Services,XCEL ENERGY SERVICES INC,50000,2022-11-04,entity_simplified
2022,RSLC,Dominion Energy,Dominion Energy Services,"DOMINION ENERGY SERVICES, INC.",50000,2022-07-19,entity_simplified
2022,RSLC,Duke Energy,Duke Energy Business Services,DUKE ENERGY BUSINESS SERVICES LLC,50000,2022-09-16,entity_simplified
2022,RSLC,NextEra,NextEra,NEXTERA ENERGY RESOURCES LLC,50000,2022-02-09,entity_word_boundary
2022,RSLC,NextEra,NextEra,NEXTERA ENERGY RESOURCES LLC,50000,2022-09-02,entity_word_boundary
2022,RSLC,Nuclear Energy Institute,Nuclear Energy Institute,NUCLEAR ENERGY INSTITUTE,50000,2022-04-04,entity_exact
2022,DAGA,Avangrid,Avangrid,AVANGRID,35000,2022-04-26,entity_exact
2022,DGA,Duke Energy,Duke Energy,DUKE ENERGY CORPORATION,35000,2022-03-31,entity_simplified
2022,RGA,Duke Energy,Duke Energy,DUKE ENERGY CORPORATION,35000,2022-09-09,entity_simplified
2022,DGA,Calpine,Calpine,CALPINE CORPORATION,32400,2022-06-14,entity_word_boundary
2022,GOPAC,Dominion Energy,Dominion Energy,DOMINION ENERGY,30000,2022-10-31,entity_exact
2022,RGA,Berkshire Hathaway Energy,MidAmerican Energy,MIDAMERICAN ENERGY COMPANY,30000,2022-08-11,entity_simplified
2022,DAGA,NRG Energy,NRG Energy,"NRG ENERGY, INC. IN-KIND",28394,2022-10-03,entity_simplified
2022,DAGA,Berkshire Hathaway Energy,Berkshire Hathaway Energy,BERKSHIRE HATHAWAY ENERGY,25000,2022-07-25,entity_exact
2022,DAGA,Edison Electric Institute,Edison Electric Institute,EDISON ELECTRIC INSTITUTE,25000,2022-07-25,entity_exact
2022,DAGA,Berkshire Hathaway Energy,MidAmerican Energy,MIDAMERICAN ENERGY COMPANY,25000,2022-07-27,entity_simplified
2022,DAGA,Nuclear Energy Institute,Nuclear Energy Institute,NUCLEAR ENERGY INSTITUTE,25000,2022-12-30,entity_exact
2022,DAGA,Vistra Energy,Vistra Energy,VISTRA ENERGY,25000,2022-03-14,entity_exact
2022,DAGA,Vistra Energy,Vistra Energy,VISTRA ENERGY,25000,2022-05-04,entity_exact
2022,DGA,American Gas Association,American Gas Association,AMERICAN GAS ASSOCIATION,25000,2022-05-23,entity_exact
2022,DGA,CMS Energy,CMS Energy,CMS ENERGY CORPORATION,25000,2022-01-11,entity_simplified
2022,DGA,CMS Energy,CMS Energy,CMS ENERGY CORPORATION,25000,2022-06-21,entity_simplified
2022,DGA,Constellation,Constellation Energy (post spinoff 2022),"CONSTELLATION ENERGY GROUP, INC.",25000,2022-06-15,entity_simplified
2022,DGA,DTE Energy,DTE Energy,DTE ENERGY,25000,2022-03-25,entity_exact
2022,DGA,NRG Energy,NRG Energy,NRG ENERGY INC.,25000,2022-10-04,entity_simplified
2022,DGA,NRG Energy,NRG Energy,NRG ENERGY INC.,25000,2022-10-27,entity_simplified
2022,DGA,South Jersey Gas,South Jersey Industries,SOUTH JERSEY INDUSTRIES INC,25000,2022-10-04,entity_simplified
2022,DGA,Vistra Energy,Vistra Corporate Services,VISTRA CORPORATE SERVICES CO,25000,2022-01-10,entity_simplified
2022,DGA,Xcel Energy,Xcel Energy,XCEL ENERGY,25000,2022-01-10,entity_exact
2022,DLCC,American Gas Association,American Gas Association,AMERICAN GAS ASSOCIATION,25000,2022-12-09,entity_exact
2022,DLCC,Avangrid,Avangrid PAC,AVANGRID PAC,25000,2022-06-29,entity_exact
2022,DLCC,Avangrid,Avangrid PAC,AVANGRID PAC,25000,2022-08-15,entity_exact
2022,DLCC,Edison Electric Institute,Edison Electric Institute,EDISON ELECTRIC INSTITUTE,25000,2022-07-26,entity_exact
2022,DLCC,Fortis,ITC Holdings,ITC HOLDINGS CORP,25000,2022-02-22,entity_exact
2022,DLCC,NRG Energy,NRG Energy,NRG ENERGY INC.,25000,2022-02-22,entity_simplified
2022,DLCC,Vistra Energy,Vistra Corporate Services,VISTRA CORPORATE SERVICES COMPANY,25000,2022-03-14,entity_simplified
2022,DLCC,Vistra Energy,Vistra Corporate Services,VISTRA CORPORATE SERVICES COMPANY,25000,2022-04-06,entity_simplified
2022,DLCC,Xcel Energy,Xcel Energy,XCEL ENERGY,25000,2022-04-18,entity_exact
2022,GOPAC,Edison Electric Institute,Edison Electric Institute,EDISON ELECTRIC INSTITUTE,25000,2022-12-12,entity_exact
2022,GOPAC,Fortis,ITC Holdings,ITC HOLDINGS CORP,25000,2022-02-28,entity_exact
2022,RAGA,American Electric Power,American Electric Power,AMERICAN ELECTRIC POWER SERVICE CORPORATION,25000,2022-06-09,entity_simplified
2022,RAGA,American Gas Association,American Gas Association,AMERICAN GAS ASSOCIATION,25000,2022-11-08,entity_exact
2022,RAGA,Duke Energy,Duke Energy,DUKE ENERGY,25000,2022-07-28,entity_exact
2022,RAGA,Nuclear Energy Institute,Nuclear Energy Institute,NUCLEAR ENERGY INSTITUTE,25000,2022-12-16,entity_exact
2022,RAGA,Southern Company,Southern Company Services,"SOUTHERN COMPANY SERVICES, INC.",25000,2022-12-28,entity_simplified
2022,RAGA,Vistra Energy,Vistra Corporate Services,VISTRA CORPORATE SERVICES COMPANY,25000,2022-03-14,entity_simplified
2022,RGA,Alliant Energy,Alliant Energy,ALLIANT ENERGY CORPORATION SERVICES INC,25000,2022-07-27,entity_simplified
2022,RGA,Avangrid,Avangrid,AVANGRID INC,25000,2022-02-08,entity_simplified
2022,RGA,CenterPoint Energy,CenterPoint Energy,CENTERPOINT ENERGY INC,25000,2022-10-19,entity_simplified
2022,RGA,Duke Energy,Duke Energy,DUKE ENERGY CORPORATION,25000,2022-11-17,entity_simplified
2022,RGA,Duke Energy,Duke Energy,DUKE ENERGY CORPORATION,25000,2022-11-17,entity_simplified
2022,RGA,Duke Energy,Duke Energy,DUKE ENERGY CORPORATION,25000,2022-12-12,entity_simplified
2022,RGA,Nuclear Energy Institute,Nuclear Energy Institute,NUCLEAR ENERGY INSTITUTE,25000,2022-03-08,entity_exact
2022,RGA,Salt River Project,Salt River Project,SALT RIVER PROJECT,25000,2022-06-15,entity_exact
2022,RGA,Salt River Project,Salt River Project,SALT RIVER PROJECT,25000,2022-06-28,entity_exact
2022,RSLC,American Electric Power,American Electric Power,AMERICAN ELECTRIC POWER SERVICE CORPORATION,25000,2022-03-31,entity_simplified
2022,RSLC,American Gas Association,American Gas Association,AMERICAN GAS ASSOCIATION,25000,2022-12-05,entity_exact
2022,RSLC,Calpine,Calpine,CALPINE CORPORATION,25000,2022-08-02,entity_word_boundary
2022,RSLC,CenterPoint Energy,CenterPoint Energy Service,"CENTERPOINT ENERGY SERVICE COMPANY, LLC",25000,2022-08-22,entity_simplified
2022,RSLC,CMS Energy,CMS Energy,CMS ENERGY,25000,2022-11-01,entity_exact
2022,RSLC,Duke Energy,Duke Energy Business Services,DUKE ENERGY BUSINESS SERVICES LLC,25000,2022-07-08,entity_simplified
2022,RSLC,Duke Energy,Duke Energy Business Services,DUKE ENERGY BUSINESS SERVICES LLC,25000,2022-12-15,entity_simplified
2022,RSLC,Duquesne Light Company,Duquesne Light Company,DUQUESNE LIGHT COMPANY,25000,2022-02-15,entity_exact
2022,RSLC,Duquesne Light Company,Duquesne Light Company,DUQUESNE LIGHT COMPANY,25000,2022-03-14,entity_exact
2022,RSLC,Edison Electric Institute,Edison Electric Institute,EDISON ELECTRIC INSTITUTE,25000,2022-03-14,entity_exact
2022,RSLC,Fortis,ITC Holdings,ITC HOLDINGS CORP,25000,2022-03-25,entity_exact
2022,RSLC,NRG Energy,NRG Energy,NRG ENERGY INC.,25000,2022-02-23,entity_simplified
2022,RSLC,Southern Company,Southern Company Services,"SOUTHERN COMPANY SERVICES, INC.",25000,2022-12-22,entity_simplified
2022,RSLC,Vistra Energy,Vistra Corporate Services,"VISTRA CORPORATE SERVICES COMPANY, AS AGENT",25000,2022-03-09,entity_simplified
2022,RSLC,Vistra Energy,Vistra Corporate Services,"VISTRA CORPORATE SERVICES COMPANY, AS AGENT",25000,2022-04-07,entity_simplified
2022,RSLC,Xcel Energy,Xcel Energy Services,XCEL ENERGY SERVICES INC.,25000,2022-04-21,entity_simplified
2022,RSLC,Xcel Energy,Xcel Energy Services,XCEL ENERGY SERVICES INC.,25000,2022-10-18,entity_simplified
2022,GOPAC,Calpine,Calpine,CALPINE CORPORATION,20000,2022-08-15,entity_word_boundary
2022,GOPAC,Duke Energy,Duke Energy,DUKE ENERGY,20000,2022-07-13,entity_exact
2022,RGA,American Gas Association,American Gas Association,AMERICAN GAS ASSOC,20000,2022-03-01,entity_exact
2022,RSLC,Vistra Energy,Vistra Corporate Services,"VISTRA CORPORATE SERVICES COMPANY, AS AGENT",20000,2022-03-08,entity_simplified
2022,DAGA,American Gas Association,American Gas Association,AMERICAN GAS ASSOCIATION,15000,2022-02-14,entity_exact
2022,DAGA,Berkshire Hathaway Energy,NV Energy,NV ENERGY,15000,2022-08-09,entity_exact
2022,DGA,NextEra,NextEra,NEXTERA ENERGY RESOURCES LLC,15000,2022-10-14,entity_word_boundary
2022,GOPAC,Dominion Energy,Dominion Energy,DOMINION ENERGY,15000,2022-10-31,entity_exact
2022,RAGA,American Gas Association,American Gas Association,AMERICAN GAS ASSOCIATION,15000,2022-01-18,entity_exact
2022,RAGA,American Gas Association,American Gas Association,AMERICAN GAS ASSOCIATION,15000,2022-12-28,entity_exact
2022,RAGA,Duke Energy,Duke Energy,DUKE ENERGY,15000,2022-12-12,entity_exact
2022,RAGA,Emera,TECO Energy,TECO ENERGY,15000,2022-06-23,entity_exact
2022,RSLC,Calpine,Calpine,CALPINE CORPORATION,15000,2022-08-02,entity_word_boundary
2022,RSLC,CenterPoint Energy,CenterPoint Energy Service,"CENTERPOINT ENERGY SERVICE COMPANY, LLC",15000,2022-08-22,entity_simplified
2022,RSLC,Duquesne Light Company,Duquesne Light Company,DUQUESNE LIGHT COMPANY,15000,2022-02-15,entity_exact
2022,RSLC,NextEra,NextEra,NEXTERA ENERGY RESOURCES LLC,15000,2022-02-09,entity_word_boundary
2022,RSLC,NextEra,NextEra,NEXTERA ENERGY RESOURCES LLC,15000,2022-05-17,entity_word_boundary
2022,DGA,Avangrid,Avangrid,AVANGRID INC,12500,2022-03-08,entity_simplified
2022,DGA,Avangrid,Avangrid,AVANGRID INC,12500,2022-04-05,entity_simplified
2022,DGA,Xcel Energy,Xcel Energy,XCEL ENERGY,12000,2022-07-19,entity_exact
2022,DGA,AES Corporation,AES Clean Energy,AES CLEAN ENERGY,10000,2022-11-30,entity_exact
2022,DGA,Consolidated Edison,Consolidated Edison,"CONSOLIDATED EDISON, INC.",10000,2022-09-26,entity_simplified
2022,DGA,NiSource,Nisource Inc PAC,NISOURCE INC PAC,10000,2022-09-30,entity_exact
2022,DGA,Pinnacle West Capital,Pinnacle West,PINNACLE WEST,10000,2022-03-31,entity_exact
2022,DLCC,Avangrid,Avangrid PAC,AVANGRID PAC,10000,2022-08-15,entity_exact
2022,DLCC,NextEra,NextEra,NEXTERA ENERGY RESOURCES,10000,2022-10-14,entity_word_boundary
2022,DLCC,TXNM Energy,PNMR Services,PNMR SERVICES CO,10000,2022-01-03,entity_simplified
2022,GOPAC,American Electric Power,American Electric Power,AMERICAN ELECTRIC POWER,10000,2022-03-08,entity_exact
2022,GOPAC,Southwest Gas,Southwest Gas,SOUTHWEST GAS CORPORATION,10000,2022-08-09,entity_simplified
2022,RAGA,PPL Corporation,LGandE and KU Services,LGANDE AND KU SERVICES COMPANY,10000,2022-10-17,entity_simplified
2022,RAGA,NextEra,NextEra,NEXTERA ENERGY RESOURCES LLC,10000,2022-08-03,entity_word_boundary
2022,RGA,Duke Energy,Duke Energy,DUKE ENERGY CORPORATION,10000,2022-08-11,entity_simplified
2022,RGA,Fortis,ITC Holdings,ITC HOLDINGS CORPORATION,10000,2022-11-28,entity_simplified
2022,RGA,Fortis,ITC Midwest LLC,ITC MIDWEST LLC,10000,2022-07-18,entity_exact
2022,RGA,NRG Energy,NRG Energy,NRG ENERGY INC,10000,2022-02-22,entity_simplified
2022,RGA,Southwest Gas,Southwest Gas,SOUTHWEST GAS CORPORATION,10000,2022-02-25,entity_simplified
2022,RSLC,Alliant Energy,Alliant Energy,ALLIANT ENERGY CORPORATION SERVICES INC,10000,2022-07-27,entity_simplified
2022,RSLC,American Electric Power,American Electric Power,AMERICAN ELECTRIC POWER SERVICE CORPORATION,10000,2022-05-09,entity_simplified
2022,RSLC,American Electric Power,American Electric Power,AMERICAN ELECTRIC POWER SERVICE CORPORATION,10000,2022-08-30,entity_simplified
2022,RSLC,Edison Electric Institute,Edison Electric Institute,EDISON ELECTRIC INSTITUTE,10000,2022-09-07,entity_exact
2022,RSLC,Fortis,ITC Holdings,ITC HOLDINGS CORP,10000,2022-03-25,entity_exact
2022,RSLC,NextEra,NextEra,NEXTERA ENERGY RESOURCES LLC,10000,2022-03-04,entity_word_boundary
2022,RSLC,NextEra,NextEra,NEXTERA ENERGY RESOURCES LLC,10000,2022-04-08,entity_word_boundary
2022,RSLC,NextEra,NextEra,NEXTERA ENERGY RESOURCES LLC,10000,2022-10-17,entity_word_boundary
2022,RSLC,Puget Sound Energy,Puget Sound Energy,PUGET SOUND ENERGY,10000,2022-01-06,entity_exact
2022,RSLC,Puget Sound Energy,Puget Sound Energy,PUGET SOUND ENERGY,10000,2022-10-06,entity_exact
2022,RSLC,Vistra Energy,Vistra Corporate Services,"VISTRA CORPORATE SERVICES COMPANY, AS AGENT",10000,2022-02-15,entity_simplified
2022,RSLC,Vistra Energy,Vistra Corporate Services,"VISTRA CORPORATE SERVICES COMPANY, AS AGENT",10000,2022-03-22,entity_simplified
2022,RGA,Evergy,Evergy,EVERGY - IN-KIND,8000,2022-09-15,entity_word_boundary
2022,DGA,Enbridge,Enbridge,ENBRIDGE US INC.,7500,2022-09-22,entity_simplified
2022,DAGA,Avangrid,Avangrid,AVANGRID,6000,2022-10-07,entity_exact
2022,DAGA,NRG Energy,NRG Energy,"NRG ENERGY, INC.",5000,2022-11-21,entity_simplified
2022,DGA,Avangrid,Avangrid,AVANGRID INC,5000,2022-01-10,entity_simplified
2022,DGA,Dominion Energy,Dominion Energy Services,DOMINION ENERGY SERVICES INC,5000,2022-06-24,entity_simplified
2022,DGA,Edison Electric Institute,Edison Electric Institute,EDISON ELECTRIC INSTITUTE,5000,2022-02-01,entity_exact
2022,DGA,Enbridge,Enbridge,ENBRIDGE US INC PAC,5000,2022-01-10,entity_simplified
2022,DGA,Xcel Energy,Northern States Power,NORTHERN STATES POWER COMPANY,5000,2022-04-20,entity_simplified
2022,DGA,NRG Energy,NRG Energy,NRG ENERGY INC.,5000,2022-06-22,entity_simplified
2022,DGA,NRG Energy,NRG Energy,NRG ENERGY INC.,5000,2022-11-28,entity_simplified
2022,DGA,UGI Corp,UGI Energy Services,UGI ENERGY SERVICES LLC,5000,2022-06-22,entity_simplified
2022,DGA,Vistra Energy,Vistra Corporate Services,VISTRA CORPORATE SERVICES CO,5000,2022-10-25,entity_simplified
2022,DLCC,Vistra Energy,Vistra Corporate Services,VISTRA CORPORATE SERVICES COMPANY,5000,2022-04-13,entity_simplified
2022,DLCC,Vistra Energy,Vistra Corporate Services,VISTRA CORPORATE SERVICES COMPANY,5000,2022-04-13,entity_simplified
2022,DLCC,Xcel Energy,Xcel Energy,XCEL ENERGY,5000,2022-10-05,entity_exact
2022,GOPAC,Dominion Energy,Dominion Energy,DOMINION ENERGY,5000,2022-10-31,entity_exact
2022,GOPAC,Duke Energy,Duke Energy,DUKE ENERGY,5000,2022-11-01,entity_exact
2022,GOPAC,Duke Energy,Duke Energy,DUKE ENERGY,5000,2022-12-15,entity_exact
2022,GOPAC,Southwest Gas,Southwest Gas,SOUTHWEST GAS CORPORATION,5000,2022-10-31,entity_simplified
2022,RAGA,Evergy,Evergy,EVERGY METRO INC,5000,2022-10-25,entity_word_boundary
2022,RGA,Southern Company,Mississippi Power,MISSISSIPPI POWER COMPANY,5000,2022-07-13,entity_simplified
2022,RGA,Spire,Spire Missouri,SPIRE MISSOURI INC,5000,2022-05-17,entity_word_boundary
2022,RSLC,American Gas Association,American Gas Association,AMERICAN GAS ASSOCIATION,5000,2022-01-19,entity_exact
2022,RSLC,American Gas Association,American Gas Association,AMERICAN GAS ASSOCIATION,5000,2022-03-10,entity_exact
2022,RSLC,Avangrid,Avangrid,AVANGRID,5000,2022-09-27,entity_exact
2022,RSLC,Dominion Energy,Dominion Energy Services,"DOMINION ENERGY SERVICES, INC.",5000,2022-03-04,entity_simplified
2022,RSLC,NextEra,NextEra,NEXTERA ENERGY RESOURCES LLC,5000,2022-02-08,entity_word_boundary
2022,RSLC,NextEra,NextEra,NEXTERA ENERGY RESOURCES LLC,5000,2022-02-09,entity_word_boundary
2022,RSLC,Nuclear Energy Institute,Nuclear Energy Institute,NUCLEAR ENERGY INSTITUTE,5000,2022-03-15,entity_exact
2022,RSLC,Southwest Gas,Southwest Gas,SOUTHWEST GAS CORPORATION,5000,2022-10-19,entity_simplified
2022,RSLC,Vistra Energy,Vistra Corporate Services,"VISTRA CORPORATE SERVICES COMPANY, AS AGENT",5000,2022-01-06,entity_simplified
2022,RSLC,Duke Energy,Duke Energy Business Services,DUKE ENERGY BUSINESS SERVICES LLC,2500,2022-11-08,entity_simplified
2022,RGA,Northwestern Energy,Northwestern Energy Montana Employee PAC,NORTHWESTERN ENERGY MONTANA EMPLOYEE PAC,2000,2022-05-10,entity_exact
2022,DAGA,NextEra,NextEra,NEXTERA ENERGY RESOURCES LLC,1000,2022-09-26,entity_word_boundary
2022,RSLC,Southern Company,Mississippi Power,MISSISSIPPI POWER COMPANY,1000,2022-08-16,entity_simplified
2022,RSLC,NextEra,NextEra,NEXTERA,1000,2022-06-09,entity_word_boundary
2022,RAGA,PPL Corporation,LGandE and KU Services,LGANDE AND KU SERVICES COMPANY,600,2022-08-11,entity_simplified
2022,RAGA,American Gas Association,American Gas Association,AMERICAN GAS ASSOCIATION,565,2022-10-12,entity_exact
2022,RAGA,American Gas Association,American Gas Association,AMERICAN GAS ASSOCIATION,500,2022-07-06,entity_exact
2022,RSLC,Dominion Energy,Dominion Energy Services,"DOMINION ENERGY SERVICES, INC.",500,2022-02-02,entity_simplified
2022,RGA,Alliant Energy,Alliant Energy,ALLIANT ENERGY CORPORATION SERVICES INC,450,2022-10-03,entity_simplified
2022,RGA,Avangrid,Avangrid,AVANGRID INC,450,2022-10-21,entity_simplified
2022,RGA,Duke Energy,Duke Energy,DUKE ENERGY CORPORATION,450,2022-10-18,entity_simplified
2022,RGA,Duke Energy,Duke Energy,DUKE ENERGY CORPORATION,450,2022-10-23,entity_simplified
2022,RGA,Edison Electric Institute,Edison Electric Institute,EDISON ELECTRIC INSTITUTE,450,2022-09-28,entity_exact
2022,RGA,Edison Electric Institute,Edison Electric Institute,EDISON ELECTRIC INSTITUTE,450,2022-10-03,entity_exact
2022,RGA,Edison Electric Institute,Edison Electric Institute,EDISON ELECTRIC INSTITUTE,450,2022-10-07,entity_exact
2022,RGA,Fortis,ITC Holdings,ITC HOLDINGS CORPORATION,450,2022-10-11,entity_simplified
2022,RGA,Berkshire Hathaway Energy,MidAmerican Energy,MIDAMERICAN ENERGY COMPANY,450,2022-10-04,entity_simplified
2022,RGA,Southern Company,Mississippi Power,MISSISSIPPI POWER COMPANY,450,2022-11-03,entity_simplified
2022,RGA,Nuclear Energy Institute,Nuclear Energy Institute,NUCLEAR ENERGY INSTITUTE,450,2022-11-07,entity_exact
2022,RGA,Southwest Gas,Southwest Gas,SOUTHWEST GAS CORPORATION,450,2022-11-04,entity_simplified
2022,RGA,Southwest Gas,Southwest Gas,SOUTHWEST GAS CORPORATION,450,2022-11-04,entity_simplified
2022,RGA,Vistra Energy,Vistra Energy,VISTRA,450,2022-10-14,entity_word_boundary
2022,RAGA,American Gas Association,American Gas Association,AMERICAN GAS ASSOCIATION,400,2022-01-03,entity_exact
2022,RAGA,PPL Corporation,LGandE and KU Services,LGANDE AND KU SERVICES COMPANY,400,2022-10-20,entity_simplified
2022,DLCC,American Gas Association,American Gas Association,AMERICAN GAS ASSOCIATION,250,2022-05-24,entity_exact
2022,DLCC,American Gas Association,American Gas Association,AMERICAN GAS ASSOCIATION,250,2022-08-09,entity_exact
2022,DLCC,American Gas Association,American Gas Association,AMERICAN GAS ASSOCIATION,250,2022-09-22,entity_exact
2022,DLCC,Edison Electric Institute,Edison Electric Institute,EDISON ELECTRIC INSTITUTE,250,2022-04-26,entity_exact
2022,DLCC,Edison Electric Institute,Edison Electric Institute,EDISON ELECTRIC INSTITUTE,250,2022-12-12,entity_exact
2021,DGA,PG&E Corp,PG&E Corporation,PG E CORPORATION,250000,2021-07-16,entity_exact
2021,RSLC,Dominion Energy,Dominion Energy Services,"DOMINION ENERGY SERVICES, INC.",250000,2021-10-07,entity_simplified
2021,DGA,Dominion Energy,Dominion Energy Services,DOMINION ENERGY SERVICES INC,225000,2021-07-23,entity_simplified
2021,DGA,Duke Energy,Duke Energy,DUKE ENERGY CORPORATION,200000,2021-12-21,entity_simplified
2021,DGA,Southern Company,Southern Company Services,"SOUTHERN COMPANY SERVICES, INC.",150000,2021-12-06,entity_simplified
2021,GOPAC,Duke Energy,Duke Energy,DUKE ENERGY,150000,2021-12-22,entity_exact
2021,RGA,Southern Company,Southern Company Services,SOUTHERN COMPANY SERVICES INC.,150000,2021-11-30,entity_simplified
2021,RSLC,Duke Energy,Duke Energy Business Services,DUKE ENERGY BUSINESS SERVICES LLC,150000,2021-12-21,entity_simplified
2021,DAGA,Dominion Energy,Dominion Energy,DOMINION ENERGY,125000,2021-05-19,entity_exact
2021,DLCC,Dominion Energy,Dominion Energy,DOMINION ENERGY,125000,2021-08-04,entity_exact
2021,DLCC,Dominion Energy,Dominion Energy,DOMINION ENERGY,125000,2021-09-22,entity_exact
2021,DLCC,Dominion Energy,Dominion Energy,DOMINION ENERGY,125000,2021-10-06,entity_exact
2021,RSLC,Alliant Energy,Alliant Energy,ALLIANT ENERGY CORPORATION SERVICES INC,125000,2021-10-21,entity_simplified
2021,RSLC,Dominion Energy,Dominion Energy Services,"DOMINION ENERGY SERVICES, INC.",125000,2021-06-01,entity_simplified
2021,DGA,Calpine,Calpine,CALPINE CORPORATION,100000,2021-08-27,entity_word_boundary
2021,DGA,Edison Electric Institute,Edison Electric Institute,EDISON ELECTRIC INSTITUTE,100000,2021-04-06,entity_exact
2021,DGA,Exelon,Exelon Business Services,EXELON BUSINESS SERVICES,100000,2021-01-04,entity_exact
2021,DGA,Public Service Enterprise Group,PSEG,PSEG SERVICES,100000,2021-10-12,entity_word_boundary
2021,DGA,Vistra Energy,Vistra Corporate Services,VISTRA CORPORATE SERVICES CO,100000,2021-02-16,entity_simplified
2021,DGA,Xcel Energy,Xcel Energy,XCEL ENERGY,100000,2021-04-27,entity_exact
2021,DLCC,Duke Energy,Duke Energy,DUKE ENERGY CORPORATION,100000,2021-12-28,entity_simplified
2021,DLCC,PG&E Corp,Pacific Gas & Electric,PACIFIC GAS   ELECTRIC CORPORATION,100000,2021-10-04,entity_simplified
2021,RGA,Dominion Energy,Dominion Energy Services,DOMINION ENERGY SERVICES INC.,100000,2021-07-09,entity_simplified
2021,RGA,Dominion Energy,Dominion Energy Services,DOMINION ENERGY SERVICES INC.,100000,2021-10-06,entity_simplified
2021,RGA,Edison Electric Institute,Edison Electric Institute,EDISON ELECTRIC INSTITUTE,100000,2021-07-21,entity_exact
2021,RGA,Southern Company,Southern Company Services,SOUTHERN COMPANY SERVICES INC,100000,2021-02-22,entity_simplified
2021,RGA,Vistra Energy,Vistra Corporate Services,VISTRA CORPORATE SERVICES COMPANY,100000,2021-03-15,entity_simplified
2021,RGA,Xcel Energy,Xcel Energy,XCEL ENERGY CORPORATION,100000,2021-03-09,entity_simplified
2021,DAGA,Dominion Energy,Dominion Energy,DOMINION ENERGY,75000,2021-06-01,entity_exact
2021,DGA,American Electric Power,American Electric Power,AMERICAN ELECTRIC POWER,75000,2021-12-16,entity_exact
2021,DGA,Nuclear Energy Institute,Nuclear Energy Institute,NUCLEAR ENERGY INSTITUTE,75000,2021-02-16,entity_exact
2021,RAGA,Southern Company,Southern Company Services,"SOUTHERN COMPANY SERVICES, INC.",75000,2021-12-07,entity_simplified
2021,RSLC,Dominion Energy,Dominion Energy Services,"DOMINION ENERGY SERVICES, INC.",75000,2021-10-25,entity_simplified
2021,RGA,Berkshire Hathaway Energy,MidAmerican Energy,MIDAMERICAN ENERGY COMPANY,70000,2021-07-13,entity_simplified
2021,DAGA,Alliant Energy,Alliant Energy,ALLIANT ENERGY,50000,2021-11-02,entity_exact
2021,DAGA,Dominion Energy,Dominion Energy,DOMINION ENERGY,50000,2021-09-16,entity_exact
2021,DAGA,NRG Energy,NRG Energy,"NRG ENERGY, INC.",50000,2021-12-07,entity_simplified
2021,DGA,Essential Utilities,Essential Utilities PAC,"ESSENTIAL UTILITIES, INC.",50000,2021-10-20,entity_simplified
2021,DGA,NextEra,NextEra,NEXTERA ENERGY RESOURCES,50000,2021-05-27,entity_word_boundary
2021,DGA,NRG Energy,NRG Energy,NRG ENERGY INC.,50000,2021-07-20,entity_simplified
2021,DGA,Southern Company,Southern Company Services,"SOUTHERN COMPANY SERVICES, INC.",50000,2021-01-04,entity_simplified
2021,DLCC,Nuclear Energy Institute,Nuclear Energy Institute,NUCLEAR ENERGY INSTITUTE,50000,2021-02-08,entity_exact
2021,DLCC,Public Service Enterprise Group,PSEG,PSEG SERVICES,50000,2021-11-09,entity_word_boundary
2021,GOPAC,NextEra,NextEra,NEXTERA ENERGY RESOURCES LLC,50000,2021-01-04,entity_word_boundary
2021,GOPAC,Xcel Energy,Xcel Energy,XCEL ENERGY,50000,2021-06-14,entity_exact
2021,RGA,Berkshire Hathaway Energy,Berkshire Hathaway Energy,BERKSHIRE HATHAWAY ENERGY,50000,2021-07-13,entity_exact
2021,RGA,Dominion Energy,Dominion Energy Services,DOMINION ENERGY SERVICES INC.,50000,2021-10-12,entity_simplified
2021,RGA,Duke Energy,Duke Energy Business Services,DUKE ENERGY BUSINESS SERVICES LLC,50000,2021-06-11,entity_simplified
2021,RGA,Duke Energy,Duke Energy Business Services,DUKE ENERGY BUSINESS SERVICES LLC,50000,2021-12-15,entity_simplified
2021,RGA,Fortis,ITC Holdings,ITC HOLDINGS CORPORATION,50000,2021-10-19,entity_simplified
2021,RGA,NRG Energy,NRG Energy,"NRG ENERGY, INC.",50000,2021-11-19,entity_simplified
2021,RGA,NRG Energy,NRG Energy,"NRG ENERGY, INC.",50000,2021-11-19,entity_simplified
2021,RGA,Nuclear Energy Institute,Nuclear Energy Institute,NUCLEAR ENERGY INSTITUTE,50000,2021-06-21,entity_exact
2021,RGA,ONE Gas,ONE Gas,ONEOK,50000,2021-03-26,entity_word_boundary
2021,RGA,Pinnacle West Capital,Pinnacle West,PINNACLE WEST CAPITAL CORPORATION,50000,2021-11-29,entity_simplified
2021,RGA,Pinnacle West Capital,Pinnacle West,PINNACLE WEST CAPITAL CORPORATION,50000,2021-12-21,entity_simplified
2021,RGA,Public Service Enterprise Group,PSEG Services Corp,PSEG SERVICES CORP.,50000,2021-10-12,entity_simplified
2021,RGA,Spire,Spire Missouri,SPIRE MISSOURI INC,50000,2021-06-02,entity_word_boundary
2021,RSLC,Dominion Energy,Dominion Energy Services,"DOMINION ENERGY SERVICES, INC.",50000,2021-07-27,entity_simplified
2021,RSLC,Dominion Energy,Dominion Energy Services,"DOMINION ENERGY SERVICES, INC.",50000,2021-10-01,entity_simplified
2021,RSLC,Nuclear Energy Institute,Nuclear Energy Institute,NUCLEAR ENERGY INSTITUTE,50000,2021-03-01,entity_exact
2021,RSLC,Nuclear Energy Institute,Nuclear Energy Institute,NUCLEAR ENERGY INSTITUTE,50000,2021-03-01,entity_exact
2021,RAGA,Southern Company,Southern Company Services,"SOUTHERN COMPANY SERVICES, INC.",42500,2021-01-04,entity_simplified
2021,GOPAC,Xcel Energy,Xcel Energy,XCEL ENERGY,30000,2021-03-09,entity_exact
2021,RSLC,Calpine,Calpine,CALPINE CORPORATION,30000,2021-04-20,entity_word_boundary
2021,DAGA,American Electric Power,American Electric Power,AMERICAN ELECTRIC POWER AEP,25000,2021-06-15,entity_simplified
2021,DAGA,Berkshire Hathaway Energy,Berkshire Hathaway Energy,BERKSHIRE HATHAWAY ENERGY,25000,2021-03-23,entity_exact
2021,DAGA,CenterPoint Energy,CenterPoint Energy,CENTERPOINT ENERGY,25000,2021-07-13,entity_exact
2021,DAGA,CenterPoint Energy,CenterPoint Energy,CENTERPOINT ENERGY,25000,2021-12-23,entity_exact
2021,DAGA,Edison Electric Institute,Edison Electric Institute,EDISON ELECTRIC INSTITUTE,25000,2021-08-03,entity_exact
2021,DAGA,Southern Company,Southern Company Services,"SOUTHERN COMPANY SERVICES, INC.",25000,2021-03-05,entity_simplified
2021,DGA,American Gas Association,American Gas Association,AMERICAN GAS ASSOCIATION,25000,2021-03-23,entity_exact
2021,DGA,American Gas Association,American Gas Association,AMERICAN GAS ASSOCIATION,25000,2021-11-10,entity_exact
2021,DGA,Avangrid,Avangrid,AVANGRID INC,25000,2021-12-16,entity_simplified
2021,DGA,CMS Energy,CMS Energy,CMS ENERGY CORPORATION,25000,2021-06-25,entity_simplified
2021,DGA,Dominion Energy,Dominion Energy Services,DOMINION ENERGY SERVICES INC,25000,2021-06-22,entity_simplified
2021,DGA,Duke Energy,Duke Energy,DUKE ENERGY CORPORATION,25000,2021-12-13,entity_simplified
2021,DGA,NiSource,Nisource Inc PAC,NISOURCE INC PAC,25000,2021-09-24,entity_exact
2021,DGA,NRG Energy,NRG Energy,NRG ENERGY INC.,25000,2021-11-18,entity_simplified
2021,DGA,Sempra Energy,Sempra Energy,SEMPRA ENERGY,25000,2021-01-24,entity_exact
2021,DGA,Vistra Energy,Vistra Corporate Services,VISTRA CORPORATE SERVICES CO,25000,2021-10-18,entity_simplified
2021,DGA,Xcel Energy,Xcel Energy,XCEL ENERGY,25000,2021-11-30,entity_exact
2021,DLCC,Edison Electric Institute,Edison Electric Institute,EDISON ELECTRIC INSTITUTE,25000,2021-07-30,entity_exact
2021,DLCC,Fortis,ITC Holdings,ITC HOLDINGS CORP,25000,2021-06-03,entity_exact
2021,DLCC,NRG Energy,NRG Energy,NRG ENERGY INC.,25000,2021-08-29,entity_simplified
2021,DLCC,PG&E Corp,PG&E Corporation,PG E CORPORATION,25000,2021-01-04,entity_exact
2021,DLCC,Vistra Energy,Vistra Corporate Services,VISTRA CORPORATE SERVICES COMPANY,25000,2021-03-03,entity_simplified
2021,DLCC,Vistra Energy,Vistra Corporate Services,VISTRA CORPORATE SERVICES COMPANY,25000,2021-03-15,entity_simplified
2021,DLCC,Xcel Energy,Xcel Energy,XCEL ENERGY,25000,2021-03-05,entity_exact
2021,DLCC,Xcel Energy,Xcel Energy,XCEL ENERGY,25000,2021-06-15,entity_exact
2021,GOPAC,Fortis,ITC Holdings,ITC HOLDINGS CORP,25000,2021-02-02,entity_exact
2021,RAGA,American Electric Power,American Electric Power,AMERICAN ELECTRIC POWER SERVICE CORPORATION,25000,2021-06-14,entity_simplified
2021,RAGA,Vistra Energy,Vistra Corporate Services,VISTRA CORPORATE SERVICES COMPANY,25000,2021-01-07,entity_simplified
2021,RGA,Alliant Energy,Alliant Energy,ALLIANT ENERGY CORPORATION,25000,2021-10-13,entity_simplified
2021,RGA,CenterPoint Energy,CenterPoint Energy,"CENTERPOINT ENERGY, INC.",25000,2021-09-10,entity_simplified
2021,RGA,Duke Energy,Duke Energy Business Services,DUKE ENERGY BUSINESS SERVICES LLC,25000,2021-12-21,entity_simplified
2021,RGA,Nuclear Energy Institute,Nuclear Energy Institute,NUCLEAR ENERGY INSTITUTE,25000,2021-12-14,entity_exact
2021,RSLC,Alliant Energy,Alliant Energy,ALLIANT ENERGY CORPORATION SERVICES INC,25000,2021-12-27,entity_simplified
2021,RSLC,American Gas Association,American Gas Association,AMERICAN GAS ASSOCIATION,25000,2021-11-04,entity_exact
2021,RSLC,CenterPoint Energy,CenterPoint Energy Service,"CENTERPOINT ENERGY SERVICE COMPANY, LLC",25000,2021-07-20,entity_simplified
2021,RSLC,Edison Electric Institute,Edison Electric Institute,EDISON ELECTRIC INSTITUTE,25000,2021-11-08,entity_exact
2021,RSLC,Fortis,ITC Holdings,ITC HOLDINGS CORP,25000,2021-03-23,entity_exact
2021,RSLC,Fortis,ITC Holdings,ITC HOLDINGS CORP,25000,2021-03-23,entity_exact
2021,RSLC,NRG Energy,NRG Energy,NRG ENERGY INC.,25000,2021-05-25,entity_simplified
2021,RSLC,Public Service Enterprise Group,PSEG Services Corp,PSEG SERVICES CORPORATION,25000,2021-11-15,entity_simplified
2021,RSLC,Southern Company,Southern Company Services,"SOUTHERN COMPANY SERVICES, INC.",25000,2021-12-07,entity_simplified
2021,RSLC,Emera,TECO Energy,TECO ENERGY,25000,2021-09-07,entity_exact
2021,RSLC,Vistra Energy,Vistra Corporate Services,"VISTRA CORPORATE SERVICES COMPANY, AS AGENT",25000,2021-03-01,entity_simplified
2021,RSLC,Vistra Energy,Vistra Corporate Services,"VISTRA CORPORATE SERVICES COMPANY, AS AGENT",25000,2021-03-01,entity_simplified
2021,RSLC,Vistra Energy,Vistra Corporate Services,"VISTRA CORPORATE SERVICES COMPANY, AS AGENT",25000,2021-03-15,entity_simplified
2021,RSLC,Vistra Energy,Vistra Corporate Services,"VISTRA CORPORATE SERVICES COMPANY, AS AGENT",25000,2021-03-15,entity_simplified
2021,RSLC,Vistra Energy,Vistra Corporate Services,"VISTRA CORPORATE SERVICES COMPANY, AS AGENT",25000,2021-09-16,entity_simplified
2021,RSLC,Xcel Energy,Xcel Energy Services,XCEL ENERGY SERVICES INC.,25000,2021-03-31,entity_simplified
2021,RSLC,Xcel Energy,Xcel Energy Services,XCEL ENERGY SERVICES INC.,25000,2021-03-31,entity_simplified
2021,RSLC,Xcel Energy,Xcel Energy Services,XCEL ENERGY SERVICES INC.,25000,2021-06-15,entity_simplified
2021,DLCC,Duquesne Light Company,Duquesne Light Company,DUQUESNE LIGHT COMPANY,20000,2021-12-29,entity_exact
2021,RAGA,CenterPoint Energy,CenterPoint Energy,CENTERPOINT ENERGY,20000,2021-11-29,entity_exact
2021,RAGA,CenterPoint Energy,CenterPoint Energy,CENTERPOINT ENERGY,20000,2021-12-09,entity_exact
2021,RAGA,Nuclear Energy Institute,Nuclear Energy Institute,NUCLEAR ENERGY INSTITUTE,20000,2021-11-23,entity_exact
2021,RGA,American Gas Association,American Gas Association,AMERICAN GAS ASSOCIATION,20000,2021-02-26,entity_exact
2021,RGA,Berkshire Hathaway Energy,Berkshire Hathaway Energy,BERKSHIRE HATHAWAY ENERGY PAC,20000,2021-06-08,entity_simplified
2021,RSLC,American Electric Power,American Electric Power,AMERICAN ELECTRIC POWER SERVICE CORPORATION,20000,2021-09-16,entity_simplified
2021,RSLC,Dominion Energy,Dominion Energy Services,"DOMINION ENERGY SERVICES, INC.",20000,2021-04-22,entity_simplified
2021,DAGA,American Gas Association,American Gas Association,AMERICAN GAS ASSOCIATION,15000,2021-03-15,entity_exact
2021,DAGA,CMS Energy,CMS Energy,CMS ENERGY CORPORATION,15000,2021-06-22,entity_simplified
2021,DAGA,DTE Energy,DTE Energy,DTE ENERGY CORPORATION SERVICES LLC,15000,2021-11-05,entity_simplified
2021,DAGA,NRG Energy,NRG Energy,"NRG ENERGY, INC.",15000,2021-02-26,entity_simplified
2021,DLCC,American Gas Association,American Gas Association,AMERICAN GAS ASSOCIATION,15000,2021-11-04,entity_exact
2021,GOPAC,American Gas Association,American Gas Association,AMERICAN GAS ASSOCIATION,15000,2021-06-07,entity_exact
2021,GOPAC,Nuclear Energy Institute,Nuclear Energy Institute,NUCLEAR ENERGY INSTITUTE,15000,2021-02-10,entity_exact
2021,RAGA,American Gas Association,American Gas Association,AMERICAN GAS ASSOCIATION,15000,2021-03-23,entity_exact
2021,RAGA,Duke Energy,Duke Energy,DUKE ENERGY,15000,2021-12-09,entity_exact
2021,RAGA,Enbridge,Enbridge,"ENBRIDGE, INC. US",15000,2021-11-30,entity_simplified
2021,RSLC,American Electric Power,American Electric Power,AMERICAN ELECTRIC POWER SERVICE CORPORATION,15000,2021-07-13,entity_simplified
2021,RSLC,CenterPoint Energy,CenterPoint Energy Service,"CENTERPOINT ENERGY SERVICE COMPANY, LLC",15000,2021-07-20,entity_simplified
2021,RSLC,Pinnacle West Capital,Pinnacle West,PINNACLE WEST CAPITAL CORPORATION,15000,2021-11-29,entity_simplified
2021,RGA,NextEra,NextEra,NEXTERA ENERGY RESOURCES LLC - IN-KIND,12587,2021-12-13,entity_word_boundary
2021,DGA,American Gas Association,American Gas Association,AMERICAN GAS ASSOCIATION,12500,2021-10-07,entity_exact
2021,DGA,NextEra,NextEra,NEXTERA ENERGY RESOURCES,10000,2021-07-26,entity_word_boundary
2021,DGA,NRG Energy,NRG Energy,NRG ENERGY INC.,10000,2021-01-04,entity_simplified
2021,DGA,TXNM Energy,PNM Resources,PNM RESOURCES,10000,2021-12-16,entity_exact
2021,DGA,Puget Sound Energy,Puget Sound Energy,PUGET SOUND ENERGY,10000,2021-08-12,entity_exact
2021,DLCC,American Gas Association,American Gas Association,AMERICAN GAS ASSOCIATION,10000,2021-11-04,entity_exact
2021,DLCC,Duquesne Light Company,Duquesne Light Company,DUQUESNE LIGHT COMPANY,10000,2021-12-29,entity_exact
2021,DLCC,Puget Sound Energy,Puget Sound Energy,PUGET SOUND ENERGY,10000,2021-08-31,entity_exact
2021,GOPAC,American Electric Power,American Electric Power,AMERICAN ELECTRIC POWER,10000,2021-07-16,entity_exact
2021,GOPAC,Calpine,Calpine,CALPINE CORPORATION,10000,2021-09-15,entity_word_boundary
2021,GOPAC,Duke Energy,Duke Energy,DUKE ENERGY,10000,2021-10-14,entity_exact
2021,RAGA,PPL Corporation,LGandE and KU Services,LGANDE AND KU SERVICES COMPANY,10000,2021-10-19,entity_simplified
2021,RGA,Atmos Energy,Atmos Energy,ATMOS ENERGY CORPORATION PAC,10000,2021-06-21,entity_simplified
2021,RGA,Dominion Energy,Dominion Energy Services,DOMINION ENERGY SERVICES INC.,10000,2021-11-12,entity_simplified
2021,RGA,Duke Energy,Duke Energy Business Services,DUKE ENERGY BUSINESS SERVICES LLC,10000,2021-09-20,entity_simplified
2021,RSLC,Edison Electric Institute,Edison Electric Institute,EDISON ELECTRIC INSTITUTE,10000,2021-08-03,entity_exact
2021,RSLC,Fortis,ITC Holdings,ITC HOLDINGS CORP,10000,2021-03-23,entity_exact
2021,RSLC,Fortis,ITC Holdings,ITC HOLDINGS CORP,10000,2021-03-23,entity_exact
2021,RSLC,Nuclear Energy Institute,Nuclear Energy Institute,NUCLEAR ENERGY INSTITUTE,10000,2021-09-17,entity_exact
2021,DGA,NextEra,NextEra,NEXTERA ENERGY RESOURCES,5000,2021-08-31,entity_word_boundary
2021,GOPAC,Duke Energy,Duke Energy,DUKE ENERGY,5000,2021-10-25,entity_exact
2021,RGA,NextEra,NextEra,NEXTERA ENERGY RESOURCES LLC,5000,2021-08-19,entity_word_boundary
2021,RSLC,NextEra,NextEra,NEXTERA ENERGY RESOURCES LLC,5000,2021-06-17,entity_word_boundary
2021,RSLC,Nuclear Energy Institute,Nuclear Energy Institute,NUCLEAR ENERGY INSTITUTE,5000,2021-03-01,entity_exact
2021,RSLC,Nuclear Energy Institute,Nuclear Energy Institute,NUCLEAR ENERGY INSTITUTE,5000,2021-03-01,entity_exact
2021,RSLC,Public Service Enterprise Group,PSEG Services Corp,PSEG SERVICES CORPORATION,5000,2021-11-15,entity_simplified
2021,DAGA,Alta Gas,Washington Gas Light Company,WASHINGTON GAS LIGHT COMPANY PAC,2500,2021-08-18,entity_simplified
2021,RSLC,Emera,TECO Energy,TECO ENERGY,1500,2021-10-25,entity_exact
2021,RGA,MDU Resources,"MDU Resources Group, Inc.","MDU RESOURCES GROUP, INC.",1000,2021-10-04,entity_exact
2021,RGA,Alliant Energy,Alliant Energy,ALLIANT ENERGY CORPORATION,450,2021-11-08,entity_simplified
2021,RGA,American Gas Association,American Gas Association,AMERICAN GAS ASSOCIATION,450,2021-10-08,entity_exact
2021,RGA,Edison Electric Institute,Edison Electric Institute,EDISON ELECTRIC INSTITUTE,450,2021-10-25,entity_exact
2021,RGA,Fortis,ITC Holdings,ITC HOLDINGS CORPORATION,450,2021-11-01,entity_simplified
2021,RGA,NRG Energy,NRG Energy,"NRG ENERGY, INC.",450,2021-09-28,entity_simplified
2021,RGA,Nuclear Energy Institute,Nuclear Energy Institute,NUCLEAR ENERGY INSTITUTE,450,2021-11-18,entity_exact
2021,RGA,Pinnacle West Capital,Pinnacle West,PINNACLE WEST CAPITAL CORPORATION,450,2021-11-05,entity_simplified
2021,RGA,Pinnacle West Capital,Pinnacle West,PINNACLE WEST CAPITAL CORPORATION,450,2021-11-09,entity_simplified
2021,RGA,Pinnacle West Capital,Pinnacle West,PINNACLE WEST CAPITAL CORPORATION,450,2021-11-15,entity_simplified
2021,RGA,Salt River Project,Salt River Project,SALT RIVER PROJECT,450,2021-11-02,entity_exact
2021,RGA,Southern Company,Southern Company Services,SOUTHERN COMPANY SERVICES INC.,450,2021-10-19,entity_simplified
2021,RAGA,American Electric Power,American Electric Power,AMERICAN ELECTRIC POWER SERVICE CORPORATION,400,2021-09-02,entity_simplified
2021,RAGA,American Gas Association,American Gas Association,AMERICAN GAS ASSOCIATION,400,2021-10-20,entity_exact
2021,RAGA,PPL Corporation,LGandE and KU Services,LGANDE AND KU SERVICES COMPANY,350,2021-02-23,entity_simplified
2021,RAGA,Southern Company,Southern Company Services,"SOUTHERN COMPANY SERVICES, INC.",350,2021-02-11,entity_simplified
2021,DLCC,American Gas Association,American Gas Association,AMERICAN GAS ASSOCIATION,250,2021-12-07,entity_exact
2021,DLCC,Edison Electric Institute,Edison Electric Institute,EDISON ELECTRIC INSTITUTE,250,2021-07-20,entity_exact
2021,DLCC,Puget Sound Energy,Puget Sound Energy,PUGET SOUND ENERGY,250,2021-08-23,entity_exact
2020,DGA,NextEra,NextEra,NEXTERA ENERGY RESOURCES,250000,2020-04-09,entity_word_boundary
2020,DGA,NextEra,NextEra,NEXTERA ENERGY RESOURCES,250000,2020-12-08,entity_word_boundary
2020,RGA,American Electric Power,AEP Service Corporation,AEP SERVICE CORPORATION,250000,2020-09-21,entity_exact
2020,RGA,NextEra,NextEra,NEXTERA ENERGY RESOURCES LLC,250000,2020-03-02,entity_word_boundary
2020,RGA,NextEra,NextEra,NEXTERA ENERGY RESOURCES LLC,250000,2020-12-07,entity_word_boundary
2020,DGA,Duke Energy,Duke Energy,DUKE ENERGY CORPORATION,150000,2020-06-26,entity_simplified
2020,DGA,Edison Electric Institute,Edison Electric Institute,EDISON ELECTRIC INSTITUTE,110000,2020-03-23,entity_exact
2020,DGA,Alliant Energy,Alliant Energy,ALLIANT ENERGY CORP SRVCS INC,100000,2020-02-25,entity_simplified
2020,DGA,Alliant Energy,Alliant Energy,ALLIANT ENERGY CORP SRVCS INC,100000,2020-02-25,entity_simplified
2020,DGA,American Electric Power,American Electric Power,AMERICAN ELECTRIC POWER,100000,2020-11-17,entity_exact
2020,DGA,Dominion Energy,Dominion Energy Services,DOMINION ENERGY SERVICES INC,100000,2020-10-27,entity_simplified
2020,DGA,Vistra Energy,Vistra Corporate Services,VISTRA CORPORATE SERVICES CO,100000,2020-02-03,entity_simplified
2020,DGA,Xcel Energy,Xcel Energy,XCEL ENERGY,100000,2020-05-28,entity_exact
2020,DLCC,Dominion Energy,Dominion Energy,DOMINION ENERGY,100000,2020-08-10,entity_exact
2020,RAGA,Entergy,Entergy,ENTERGY,100000,2020-08-12,entity_word_boundary
2020,RGA,Alliant Energy,Alliant Energy,ALLIANT ENERGY CORPORATION,100000,2020-03-06,entity_simplified
2020,RGA,Alliant Energy,Alliant Energy,ALLIANT ENERGY CORPORATION,100000,2020-12-01,entity_simplified
2020,RGA,Duke Energy,Duke Energy,DUKE ENERGY CORPORATION,100000,2020-06-26,entity_simplified
2020,RGA,Edison Electric Institute,Edison Electric Institute,EDISON ELECTRIC INSTITUTE,100000,2020-09-21,entity_exact
2020,RGA,Southern Company,Southern Company Services,SOUTHERN COMPANY SERVICES INC.,100000,2020-02-04,entity_simplified
2020,RGA,Vistra Energy,Vistra Corporate Services,VISTRA CORPORATE SERVICES COMPANY,100000,2020-02-10,entity_simplified
2020,RGA,Xcel Energy,Xcel Energy Services,XCEL ENERGY SERVICES INC.,100000,2020-02-19,entity_simplified
2020,RSLC,Alliant Energy,Alliant Energy,ALLIANT ENERGY CORPORATION SERVICES INC,100000,2020-11-30,entity_simplified
2020,RSLC,Dominion Energy,Dominion Energy Services,"DOMINION ENERGY SERVICES, INC.",100000,2020-08-26,entity_simplified
2020,RSLC,NextEra,NextEra,NEXTERA ENERGY RESOURCES LLC,100000,2020-06-15,entity_word_boundary
2020,RSLC,NextEra,NextEra,NEXTERA ENERGY RESOURCES LLC,100000,2020-12-07,entity_word_boundary
2020,DGA,Nuclear Energy Institute,Nuclear Energy Institute,NUCLEAR ENERGY INSTITUTE,75000,2020-01-29,entity_exact
2020,DGA,Public Service Enterprise Group,PSEG,PSEG SERVICES,75000,2020-11-03,entity_word_boundary
2020,DLCC,NextEra,NextEra,NEXTERA ENERGY RESOURCES,75000,2020-12-17,entity_word_boundary
2020,RAGA,NextEra,NextEra,NEXTERA ENERGY RESOURCES LLC,75000,2020-03-09,entity_word_boundary
2020,RAGA,NextEra,NextEra,NEXTERA ENERGY RESOURCES LLC,75000,2020-12-14,entity_word_boundary
2020,RGA,Duke Energy,Duke Energy,DUKE ENERGY CORPORATION,75000,2020-06-29,entity_simplified
2020,RGA,Nuclear Energy Institute,Nuclear Energy Institute,NUCLEAR ENERGY INSTITUTE,75000,2020-01-28,entity_exact
2020,RGA,Public Service Enterprise Group,PSEG,PSEG CORPORATION,75000,2020-11-03,entity_word_boundary
2020,DAGA,Alliant Energy,Alliant Energy,ALLIANT ENERGY,50000,2020-11-25,entity_exact
2020,DAGA,Dominion Energy,Dominion Energy,DOMINION ENERGY,50000,2020-10-05,entity_exact
2020,DAGA,NextEra,NextEra,NEXTERA ENERGY LLC,50000,2020-03-09,entity_word_boundary
2020,DAGA,NextEra,NextEra,NEXTERA ENERGY LLC,50000,2020-12-18,entity_word_boundary
2020,DGA,Dominion Energy,Dominion Energy Services,DOMINION ENERGY SERVICES INC,50000,2020-02-06,entity_simplified
2020,DGA,Dominion Energy,Dominion Energy Services,DOMINION ENERGY SERVICES INC,50000,2020-02-14,entity_simplified
2020,DGA,Fortis,ITC Holdings,ITC HOLDINGS CORP.,50000,2020-11-06,entity_simplified
2020,DGA,NextEra,NextEra,NEXTERA ENERGY RESOURCES,50000,2020-02-14,entity_word_boundary
2020,DGA,NRG Energy,NRG Energy,NRG ENERGY INC.,50000,2020-04-07,entity_simplified
2020,DGA,Southern Company,Southern Company Services,"SOUTHERN COMPANY SERVICES, INC.",50000,2020-01-06,entity_simplified
2020,DLCC,Alliant Energy,Alliant Energy,ALLIANT ENERGY CORPORATION,50000,2020-11-30,entity_simplified
2020,DLCC,Pinnacle West Capital,APS,APS,50000,2020-09-25,entity_word_boundary
2020,DLCC,Nuclear Energy Institute,Nuclear Energy Institute,NUCLEAR ENERGY INSTITUTE,50000,2020-02-21,entity_exact
2020,GOPAC,NextEra,Florida Power & Light,FLORIDA POWER AND LIGHT COMPANY,50000,2020-03-02,entity_simplified
2020,GOPAC,NextEra,NextEra,NEXTERA ENERGY RESOURCES LLC,50000,2020-03-02,entity_word_boundary
2020,RAGA,Dominion Energy,Dominion Energy,DOMINION ENERGY,50000,2020-10-05,entity_exact
2020,RGA,Dominion Energy,Dominion Energy Services,DOMINION ENERGY SERVICES INC.,50000,2020-05-12,entity_simplified
2020,RGA,Dominion Energy,Dominion Energy Services,DOMINION ENERGY SERVICES INC.,50000,2020-10-05,entity_simplified
2020,RGA,Fortis,ITC Holdings,"ITC HOLDINGS, INC.",50000,2020-10-05,entity_simplified
2020,RGA,NRG Energy,NRG Energy,"NRG ENERGY, INC.",50000,2020-03-16,entity_simplified
2020,RGA,ONE Gas,ONE Gas,ONEOK,50000,2020-07-16,entity_word_boundary
2020,RGA,Pinnacle West Capital,Pinnacle West,PINNACLE WEST CAPITAL CORPORATION,50000,2020-04-14,entity_simplified
2020,RGA,Spire,Spire Missouri,SPIRE MISSOURI INC.,50000,2020-08-03,entity_word_boundary
2020,RSLC,NextEra,NextEra,NEXTERA ENERGY RESOURCES LLC,50000,2020-06-15,entity_word_boundary
2020,RSLC,NextEra,NextEra,NEXTERA ENERGY RESOURCES LLC,50000,2020-12-07,entity_word_boundary
2020,RSLC,Nuclear Energy Institute,Nuclear Energy Institute,NUCLEAR ENERGY INSTITUTE,50000,2020-02-05,entity_exact
2020,RAGA,Southern Company,Southern Company Services,"SOUTHERN COMPANY SERVICES, INC.",42500,2020-03-27,entity_simplified
2020,DGA,Southern Company,Southern Company Services,"SOUTHERN COMPANY SERVICES, INC.",40000,2020-01-06,entity_simplified
2020,RAGA,American Gas Association,American Gas Association,AMERICAN GAS ASSOCIATION,40000,2020-03-09,entity_exact
2020,DLCC,NextEra,NextEra,NEXTERA ENERGY RESOURCES,35000,2020-06-08,entity_word_boundary
2020,RGA,Sempra Energy,Oncor Electric Delivery Company LLC,ONCOR ELECTRIC DELIVERY COMPANY LLC,35000,2020-10-05,entity_exact
2020,RGA,Salt River Project,Salt River Project,SALT RIVER PROJECT,35000,2020-12-14,entity_exact
2020,RSLC,Dominion Energy,Dominion Energy Services,"DOMINION ENERGY SERVICES, INC.",35000,2020-11-17,entity_simplified
2020,GOPAC,Fortis,ITC Holdings,ITC HOLDINGS CORP,30000,2020-08-20,entity_exact
2020,GOPAC,Xcel Energy,Xcel Energy,XCEL ENERGY,30000,2020-04-07,entity_exact
2020,RSLC,Vistra Energy,Vistra Corporate Services,VISTRA CORPORATE SERVICES COMPANY,30000,2020-09-01,entity_simplified
2020,DAGA,American Electric Power,American Electric Power,AMERICAN ELECTRIC POWER AEP,25000,2020-04-28,entity_simplified
2020,DAGA,CenterPoint Energy,CenterPoint Energy,CENTERPOINT ENERGY,25000,2020-02-11,entity_exact
2020,DAGA,Edison Electric Institute,Edison Electric Institute,EDISON ELECTRIC INSTITUTE,25000,2020-05-12,entity_exact
2020,DAGA,Southern Company,Southern Company Services,"SOUTHERN COMPANY SERVICES, INC.",25000,2020-03-09,entity_simplified
2020,DAGA,Vistra Energy,Vistra Corporate Services,VISTRA CORPORATE SERVICES COMPANY,25000,2020-03-18,entity_simplified
2020,DAGA,Vistra Energy,Vistra Energy,VISTRA ENERGY,25000,2020-03-18,entity_exact
2020,DAGA,Vistra Energy,Vistra Energy,VISTRA ENERGY,25000,2020-12-21,entity_exact
2020,DGA,Alliant Energy,Alliant Energy,ALLIANT ENERGY CORP SRVCS INC,25000,2020-01-06,entity_simplified
2020,DGA,American Gas Association,American Gas Association,AMERICAN GAS ASSOCIATION,25000,2020-02-03,entity_exact
2020,DGA,CMS Energy,CMS Energy,CMS ENERGY CORPORATION,25000,2020-10-27,entity_simplified
2020,DGA,DTE Energy,DTE Energy,DTE ENERGY,25000,2020-09-01,entity_exact
2020,DLCC,Edison Electric Institute,Edison Electric Institute,EDISON ELECTRIC INSTITUTE,25000,2020-08-24,entity_exact
2020,DLCC,Fortis,ITC Holdings,ITC HOLDINGS CORP,25000,2020-03-05,entity_exact
2020,DLCC,Vistra Energy,Vistra Corporate Services,VISTRA CORPORATE SERVICES COMPANY,25000,2020-02-27,entity_simplified
2020,DLCC,Vistra Energy,Vistra Corporate Services,VISTRA CORPORATE SERVICES COMPANY,25000,2020-03-20,entity_simplified
2020,DLCC,Xcel Energy,Xcel Energy,XCEL ENERGY,25000,2020-02-18,entity_exact
2020,GOPAC,Duke Energy,Duke Energy,DUKE ENERGY,25000,2020-08-27,entity_exact
2020,GOPAC,Fortis,ITC Holdings,ITC HOLDINGS CORP,25000,2020-04-21,entity_exact
2020,RAGA,American Electric Power,American Electric Power,AMERICAN ELECTRIC POWER SERVICE CORPORATION,25000,2020-04-28,entity_simplified
2020,RAGA,CenterPoint Energy,CenterPoint Energy,CENTERPOINT ENERGY,25000,2020-03-31,entity_exact
2020,RAGA,Edison Electric Institute,Edison Electric Institute,EDISON ELECTRIC INSTITUTE,25000,2020-04-14,entity_exact
2020,RAGA,Enbridge,Enbridge,ENBRIDGE INC PAC,25000,2020-10-28,entity_simplified
2020,RAGA,NextEra,Florida Power & Light,FLORIDA POWER AND LIGHT COMPANY,25000,2020-11-02,entity_simplified
2020,RAGA,Southern Company,Georgia Power,GEORGIA POWER COMPANY,25000,2020-08-24,entity_simplified
2020,RAGA,NRG Energy,NRG Energy,NRG ENERGY INC,25000,2020-04-22,entity_simplified
2020,RAGA,Vistra Energy,Vistra Corporate Services,VISTRA CORPORATE SERVICES COMPANY,25000,2020-03-27,entity_simplified
2020,RGA,CenterPoint Energy,CenterPoint Energy,"CENTERPOINT ENERGY, INC.",25000,2020-08-10,entity_simplified
2020,RGA,FirstEnergy,FirstEnergy,FIRSTENERGY CORPORATION,25000,2020-04-03,entity_simplified
2020,RGA,Sempra Energy,Sempra Energy,SEMPRA ENERGY,25000,2020-11-06,entity_exact
2020,RGA,Vistra Energy,Vistra Corporate Services,VISTRA CORPORATE SERVICES COMPANY,25000,2020-01-14,entity_simplified
2020,RSLC,Alliant Energy,Alliant Energy,ALLIANT ENERGY CORPORATION SERVICES INC,25000,2020-12-23,entity_simplified
2020,RSLC,CenterPoint Energy,CenterPoint Energy Service,"CENTERPOINT ENERGY SERVICE COMPANY, LLC",25000,2020-06-09,entity_simplified
2020,RSLC,Dominion Energy,Dominion Energy Services,"DOMINION ENERGY SERVICES, INC.",25000,2020-10-05,entity_simplified
2020,RSLC,Edison Electric Institute,Edison Electric Institute,EDISON ELECTRIC INSTITUTE,25000,2020-11-13,entity_exact
2020,RSLC,Fortis,ITC Holdings,ITC HOLDINGS CORP,25000,2020-02-24,entity_exact
2020,RSLC,Vistra Energy,Vistra Corporate Services,"VISTRA CORPORATE SERVICES COMPANY, AS AGENT",25000,2020-02-19,entity_simplified
2020,RSLC,Vistra Energy,Vistra Corporate Services,"VISTRA CORPORATE SERVICES COMPANY, AS AGENT",25000,2020-04-09,entity_simplified
2020,RSLC,Xcel Energy,Xcel Energy Services,XCEL ENERGY SERVICES INC.,25000,2020-02-14,entity_simplified
2020,GOPAC,Puget Sound Energy,Puget Sound Energy,PUGET SOUND ENERGY,22500,2020-10-06,entity_exact
2020,GOPAC,Puget Sound Energy,Puget Sound Energy,PUGET SOUND ENERGY,22500,2020-10-14,entity_exact
2020,RGA,American Gas Association,American Gas Association,AMERICAN GAS ASSOCIATION,20000,2020-01-29,entity_exact
2020,DAGA,DTE Energy,DTE Energy,DTE ENERGY CORPORATION SERVICES LLC,15000,2020-10-07,entity_simplified
2020,DAGA,NRG Energy,NRG Energy,NRG ENERGY INC.,15000,2020-01-06,entity_simplified
2020,DAGA,Alta Gas,Washington Gas,WASHINGTON GAS,15000,2020-09-22,entity_exact
2020,GOPAC,American Gas Association,American Gas Association,AMERICAN GAS ASSOCIATION,15000,2020-06-18,entity_exact
2020,GOPAC,DTE Energy,DTE Energy,DTE ENERGY,15000,2020-10-27,entity_exact
2020,RAGA,DTE Energy,DTE Energy,DTE ENERGY CORPORATION SERVICES LLC,15000,2020-07-10,entity_simplified
2020,RAGA,Duke Energy,Duke Energy,DUKE ENERGY,15000,2020-12-14,entity_exact
2020,RAGA,Pinnacle West Capital,Pinnacle West,PINNACLE WEST CAPITAL CORPORATION,15000,2020-04-14,entity_simplified
2020,RSLC,CenterPoint Energy,CenterPoint Energy Service,"CENTERPOINT ENERGY SERVICE COMPANY, LLC",15000,2020-06-09,entity_simplified
2020,RGA,Salt River Project,Salt River Project,SALT RIVER PROJECT,12500,2020-02-19,entity_exact
2020,RSLC,Southern Company,Georgia Power,GEORGIA POWER COMPANY,12500,2020-01-10,entity_simplified
2020,DGA,Dominion Energy,Dominion Energy Services,DOMINION ENERGY SERVICES INC,10000,2020-07-08,entity_simplified
2020,DGA,Fortis,ITC Holdings,ITC HOLDINGS CORP.,10000,2020-08-27,entity_simplified
2020,GOPAC,American Electric Power,Kentucky Power Company,AEP KENTUCKY POWER COMPANY,10000,2020-02-03,entity_simplified
2020,GOPAC,Calpine,Calpine,CALPINE CORPORATION,10000,2020-06-26,entity_word_boundary
2020,GOPAC,Duke Energy,Duke Energy,DUKE ENERGY,10000,2020-06-29,entity_exact
2020,RAGA,Duke Energy,Duke Energy,DUKE ENERGY,10000,2020-01-16,entity_exact
2020,RGA,DTE Energy,DTE Energy,DTE ENERGY COMPANY,10000,2020-07-28,entity_simplified
2020,RSLC,Calpine,Calpine,CALPINE CORPORATION,10000,2020-09-28,entity_word_boundary
2020,RSLC,Dominion Energy,Dominion Energy Services,"DOMINION ENERGY SERVICES, INC.",10000,2020-08-20,entity_simplified
2020,RSLC,Dominion Energy,Dominion Energy Services,"DOMINION ENERGY SERVICES, INC.",10000,2020-11-17,entity_simplified
2020,RSLC,Enbridge,Enbridge,ENBRIDGE U.S. INC. PAC,10000,2020-10-28,entity_simplified
2020,RSLC,Southern Company,Georgia Power,GEORGIA POWER COMPANY,10000,2020-09-28,entity_simplified
2020,RSLC,Fortis,ITC Holdings,ITC HOLDINGS CORP,10000,2020-08-13,entity_exact
2020,RSLC,Puget Sound Energy,Puget Sound Energy,PUGET SOUND ENERGY,10000,2020-07-29,entity_exact
2020,DLCC,Vistra Energy,Vistra Corporate Services,VISTRA CORPORATE SERVICES COMPANY,5000,2020-03-20,entity_simplified
2020,GOPAC,Duke Energy,Duke Energy,DUKE ENERGY,5000,2020-10-08,entity_exact
2020,RAGA,Salt River Project,Salt River Project,SALT RIVER PROJECT,5000,2020-01-30,entity_exact
2020,RSLC,Southern Company,Georgia Power,GEORGIA POWER COMPANY,5000,2020-08-03,entity_simplified
2020,RSLC,Nuclear Energy Institute,Nuclear Energy Institute,NUCLEAR ENERGY INSTITUTE,5000,2020-02-26,entity_exact
2020,RGA,Northwestern Energy,Northwestern Energy Employees PAC,NORTHWESTERN ENERGY EMPLOYEES PAC,2500,2020-04-17,entity_exact
2020,RAGA,PPL Corporation,LGandE and KU Services,LGANDE AND KU SERVICES COMPANY,750,2020-07-13,entity_simplified
2020,RAGA,Enbridge,Enbridge,ENBRIDGE INC PAC,400,2020-10-08,entity_simplified
2020,RAGA,Enbridge,Enbridge,ENBRIDGE INC PAC,400,2020-11-03,entity_simplified
2020,RAGA,DTE Energy,DTE Energy,DTE ENERGY CORPORATION SERVICES LLC,350,2020-02-25,entity_simplified
2019,DGA,NextEra,NextEra,NEXTERA ENERGY RESOURCES,250000,2019-02-19,entity_word_boundary
2019,RGA,American Electric Power,AEP Service Corporation,AEP SERVICE CORPORATION,250000,2019-12-16,entity_exact
2019,RGA,NextEra,NextEra,NEXTERA ENERGY RESOURCES LLC,250000,2019-12-02,entity_word_boundary
2019,DGA,Public Service Enterprise Group,PSEG,PSEG SERVICES,200000,2019-09-23,entity_word_boundary
2019,DLCC,Dominion Energy,Dominion Energy,DOMINION ENERGY,200000,2019-10-30,entity_exact
2019,DLCC,Dominion Energy,Dominion Energy,DOMINION ENERGY,150000,2019-11-01,entity_exact
2019,RGA,Pinnacle West Capital,Pinnacle West,PINNACLE WEST CAPITAL CORPORATION,150000,2019-01-03,entity_simplified
2019,RSLC,NextEra,NextEra,NEXTERA ENERGY RESOURCES LLC,150000,2019-05-30,entity_word_boundary
2019,RSLC,Dominion Energy,Dominion Energy Services,"DOMINION ENERGY SERVICES, INC.",140000,2019-09-30,entity_simplified
2019,RAGA,Entergy,Entergy,ENTERGY,125000,2019-02-25,entity_word_boundary
2019,DGA,American Electric Power,American Electric Power,AMERICAN ELECTRIC POWER,100000,2019-12-16,entity_exact
2019,DGA,Dominion Energy,Dominion Energy Services,DOMINION ENERGY SERVICES INC,100000,2019-12-02,entity_simplified
2019,DGA,Edison Electric Institute,Edison Electric Institute,EDISON ELECTRIC INSTITUTE,100000,2019-05-15,entity_exact
2019,DGA,Exelon,Exelon Business Services,EXELON BUSINESS SERVICES,100000,2019-06-07,entity_exact
2019,DGA,FirstEnergy,First Energy Solutions Corp.,FIRST ENERGY SOLUTIONS CORP.,100000,2019-09-27,entity_exact
2019,DGA,Xcel Energy,Xcel Energy,XCEL ENERGY,100000,2019-05-23,entity_exact
2019,RGA,Edison Electric Institute,Edison Electric Institute,EDISON ELECTRIC INSTITUTE,100000,2019-05-15,entity_exact
2019,RGA,FirstEnergy,FirstEnergy,FIRSTENERGY,100000,2019-10-31,entity_exact
2019,RGA,Southern Company,Southern Company Services,SOUTHERN COMPANY SERVICES INC.,100000,2019-02-12,entity_simplified
2019,RGA,Xcel Energy,Xcel Energy Services,XCEL ENERGY SERVICES INC.,100000,2019-02-08,entity_simplified
2019,RSLC,Dominion Energy,Dominion Energy Services,"DOMINION ENERGY SERVICES, INC.",100000,2019-10-07,entity_simplified
2019,RSLC,Dominion Energy,Dominion Energy Services,"DOMINION ENERGY SERVICES, INC.",100000,2019-10-11,entity_simplified
2019,RSLC,Dominion Energy,Dominion Energy Services,"DOMINION ENERGY SERVICES, INC.",100000,2019-10-17,entity_simplified
2019,RSLC,Dominion Energy,Dominion Energy Services,"DOMINION ENERGY SERVICES, INC.",100000,2019-10-22,entity_simplified
2019,DGA,Nuclear Energy Institute,Nuclear Energy Institute,NUCLEAR ENERGY INSTITUTE,75000,2019-01-25,entity_exact
2019,RAGA,NextEra,FPL,FPL ENERGY,75000,2019-11-12,entity_word_boundary
2019,RGA,Nuclear Energy Institute,Nuclear Energy Institute,NUCLEAR ENERGY INSTITUTE,75000,2019-06-05,entity_exact
2019,DAGA,NextEra,NextEra,NEXTERA ENERGY,50000,2019-02-26,entity_word_boundary
2019,DAGA,NextEra,NextEra,NEXTERA ENERGY LLC,50000,2019-02-26,entity_word_boundary
2019,DGA,Alliant Energy,Alliant Energy,ALLIANT ENERGY CORP SRVCS INC,50000,2019-05-21,entity_simplified
2019,DGA,Dominion Energy,Dominion Energy Services,DOMINION ENERGY SERVICES INC,50000,2019-02-21,entity_simplified
2019,DGA,Duke Energy,Duke Energy,DUKE ENERGY CORPORATION,50000,2019-12-05,entity_simplified
2019,DGA,Eversource,Eversource Energy Service,EVERSOURCE ENERGY SERVICE COMPANY,50000,2019-01-18,entity_simplified
2019,DGA,Fortis,ITC Holdings,ITC HOLDINGS CORP.,50000,2019-10-28,entity_simplified
2019,DGA,NextEra,NextEra,NEXTERA ENERGY RESOURCES,50000,2019-09-11,entity_word_boundary
2019,DGA,Southern Company,Southern Company Services,"SOUTHERN COMPANY SERVICES, INC.",50000,2019-02-12,entity_simplified
2019,DGA,Vistra Energy,Vistra Corporate Services,VISTRA CORPORATE SERVICES CO,50000,2019-04-03,entity_simplified
2019,DLCC,Nuclear Energy Institute,Nuclear Energy Institute,NUCLEAR ENERGY INSTITUTE,50000,2019-03-06,entity_exact
2019,RAGA,Edison Electric Institute,Edison Electric Institute,EDISON ELECTRIC INSTITUTE,50000,2019-01-30,entity_exact
2019,RGA,Alliant Energy,Alliant Energy,ALLIANT ENERGY CORPORATION,50000,2019-09-13,entity_simplified
2019,RGA,Alliant Energy,Alliant Energy,ALLIANT ENERGY CORPORATION,50000,2019-12-23,entity_simplified
2019,RGA,Dominion Energy,Dominion Energy Services,DOMINION ENERGY SERVICES INC.,50000,2019-02-21,entity_simplified
2019,RGA,NextEra,Florida Power & Light,FLORIDA POWER AND LIGHT COMPANY,50000,2019-12-02,entity_simplified
2019,RGA,Fortis,ITC Holdings,"ITC HOLDINGS, INC.",50000,2019-10-28,entity_simplified
2019,RGA,NextEra,NextEra,NEXTERA ENERGY RESOURCES LLC,50000,2019-11-05,entity_word_boundary
2019,RGA,NRG Energy,NRG Energy,"NRG ENERGY, INC.",50000,2019-10-21,entity_simplified
2019,RGA,ONE Gas,ONE Gas,ONEOK,50000,2019-04-25,entity_word_boundary
2019,RGA,Public Service Enterprise Group,PSEG Services Corp,PSEG SERVICES CORP.,50000,2019-09-23,entity_simplified
2019,RGA,Southern Company,Southern Company Services,SOUTHERN COMPANY SERVICES INC.,50000,2019-12-30,entity_simplified
2019,RSLC,Alliant Energy,Alliant Energy,ALLIANT ENERGY CORPORATION SERVICES INC,50000,2019-09-17,entity_simplified
2019,RSLC,Edison Electric Institute,Edison Electric Institute,EDISON ELECTRIC INSTITUTE,50000,2019-08-12,entity_exact
2019,RSLC,Nuclear Energy Institute,Nuclear Energy Institute,NUCLEAR ENERGY INSTITUTE,50000,2019-01-25,entity_exact
2019,RAGA,Southern Company,Southern Company Services,"SOUTHERN COMPANY SERVICES, INC.",42500,2019-01-07,entity_simplified
2019,RSLC,American Electric Power,American Electric Power,AMERICAN ELECTRIC POWER SERVICE CORPORATION,40000,2019-08-30,entity_simplified
2019,RSLC,Dominion Energy,Dominion Energy Services,"DOMINION ENERGY SERVICES, INC.",40000,2019-09-17,entity_simplified
2019,DLCC,NextEra,NextEra,NEXTERA ENERGY RESOURCES,35000,2019-02-22,entity_word_boundary
2019,RGA,NextEra,NextEra,NEXTERA ENERGY RESOURCES LLC IN-KIND,30573,2019-11-19,entity_word_boundary
2019,DLCC,Dominion Energy,Dominion Energy,DOMINION ENERGY,30000,2019-10-23,entity_exact
2019,RSLC,Dominion Energy,Dominion Energy Services,"DOMINION ENERGY SERVICES, INC.",30000,2019-03-19,entity_simplified
2019,RSLC,Dominion Energy,Dominion Energy Services,"DOMINION ENERGY SERVICES, INC.",30000,2019-06-10,entity_simplified
2019,DAGA,Alliant Energy,Alliant Energy,ALLIANT ENERGY,25000,2019-07-16,entity_exact
2019,DAGA,Edison Electric Institute,Edison Electric Institute,EDISON ELECTRIC INSTITUTE,25000,2019-03-05,entity_exact
2019,DAGA,Southern Company,Southern Company Services,"SOUTHERN COMPANY SERVICES, INC.",25000,2019-01-22,entity_simplified
2019,DAGA,Alta Gas,Washington Gas,WASHINGTON GAS,25000,2019-11-19,entity_exact
2019,DGA,Berkshire Hathaway Energy,Berkshire Hathaway Energy,BERKSHIRE HATHAWAY ENERGY PAC,25000,2019-03-15,entity_simplified
2019,DGA,CMS Energy,CMS Energy,CMS ENERGY CORPORATION,25000,2019-08-12,entity_simplified
2019,DGA,Duke Energy,Duke Energy,DUKE ENERGY CORPORATION,25000,2019-06-07,entity_simplified
2019,DGA,Entergy,Entergy,ENTERGY,25000,2019-09-30,entity_word_boundary
2019,DGA,Exelon,Exelon Business Services,EXELON BUSINESS SERVICES,25000,2019-10-01,entity_exact
2019,DGA,NRG Energy,NRG Energy,NRG ENERGY INC.,25000,2019-04-02,entity_simplified
2019,DGA,NRG Energy,NRG Energy,NRG ENERGY INC.,25000,2019-09-09,entity_simplified
2019,DGA,Berkshire Hathaway Energy,NV Energy,NV ENERGY PAC - NVEPAC,25000,2019-02-01,entity_simplified
2019,DLCC,Alliant Energy,Alliant Energy,ALLIANT ENERGY CORPORATION,25000,2019-12-16,entity_simplified
2019,DLCC,Edison Electric Institute,Edison Electric Institute,EDISON ELECTRIC INSTITUTE,25000,2019-09-05,entity_exact
2019,DLCC,TXNM Energy,PNMR Services,PNMR SERVICES CO,25000,2019-06-20,entity_simplified
2019,DLCC,Vistra Energy,Vistra Corporate Services,VISTRA CORPORATE SERVICES COMPANY,25000,2019-03-25,entity_simplified
2019,DLCC,Vistra Energy,Vistra Corporate Services,VISTRA CORPORATE SERVICES COMPANY,25000,2019-06-05,entity_simplified
2019,DLCC,Vistra Energy,Vistra Corporate Services,VISTRA CORPORATE SERVICES COMPANY,25000,2019-12-10,entity_simplified
2019,DLCC,Xcel Energy,Xcel Energy,XCEL ENERGY,25000,2019-02-08,entity_exact
2019,GOPAC,Duke Energy,Duke Energy,DUKE ENERGY,25000,2019-02-27,entity_exact
2019,GOPAC,Fortis,ITC Holdings,ITC HOLDINGS CORP,25000,2019-05-22,entity_exact
2019,RAGA,CenterPoint Energy,CenterPoint Energy,CENTERPOINT ENERGY,25000,2019-01-07,entity_exact
2019,RAGA,Enbridge,Enbridge,ENBRIDGE,25000,2019-06-03,entity_exact
2019,RAGA,Southern Company,Georgia Power,GEORGIA POWER COMPANY,25000,2019-09-04,entity_simplified
2019,RAGA,PPL Corporation,LGandE and KU Services,LGANDE AND KU SERVICES COMPANY,25000,2019-08-23,entity_simplified
2019,RAGA,Sempra Energy,Oncor Electric Delivery Company LLC,ONCOR ELECTRIC DELIVERY COMPANY LLC,25000,2019-02-20,entity_exact
2019,RAGA,Vistra Energy,Vistra Corporate Services,VISTRA CORPORATE SERVICES COMPANY,25000,2019-02-22,entity_simplified
2019,RAGA,Vistra Energy,Vistra Corporate Services,VISTRA CORPORATE SERVICES COMPANY,25000,2019-12-20,entity_simplified
2019,RGA,CenterPoint Energy,CenterPoint Energy,"CENTERPOINT ENERGY, INC.",25000,2019-06-10,entity_simplified
2019,RGA,Duke Energy,Duke Energy,DUKE ENERGY PAYMENTS ACH,25000,2019-05-28,entity_simplified
2019,RGA,Entergy,Entergy,ENTERGY,25000,2019-11-04,entity_word_boundary
2019,RGA,Eversource,Eversource Energy Service,EVERSOURCE ENERGY SERVICE CO.,25000,2019-02-04,entity_simplified
2019,RGA,Eversource,Eversource Energy Service,EVERSOURCE ENERGY SERVICE CO.,25000,2019-02-04,entity_simplified
2019,RGA,FirstEnergy,FirstEnergy,FIRSTENERGY,25000,2019-03-28,entity_exact
2019,RGA,FirstEnergy,FirstEnergy,FIRSTENERGY,25000,2019-10-31,entity_exact
2019,RGA,Sempra Energy,Oncor Electric Delivery Company LLC,ONCOR ELECTRIC DELIVERY COMPANY LLC,25000,2019-05-21,entity_exact
2019,RGA,Sempra Energy,Sempra Energy,SEMPRA ENERGY,25000,2019-12-03,entity_exact
2019,RGA,Spire,Spire Missouri,SPIRE MISSOURI INC.,25000,2019-04-25,entity_word_boundary
2019,RGA,Spire,Spire Missouri,SPIRE MISSOURI INC.,25000,2019-06-21,entity_word_boundary
2019,RGA,Vistra Energy,Vistra Corporate Services,VISTRA CORPORATE SERVICES COMPANY,25000,2019-04-03,entity_simplified
2019,RGA,Vistra Energy,Vistra Corporate Services,VISTRA CORPORATE SERVICES COMPANY,25000,2019-04-03,entity_simplified
2019,RSLC,Alliant Energy,Alliant Energy,ALLIANT ENERGY CORPORATION SERVICES INC,25000,2019-04-03,entity_simplified
2019,RSLC,Alliant Energy,Alliant Energy,ALLIANT ENERGY CORPORATION SERVICES INC,25000,2019-11-15,entity_simplified
2019,RSLC,Alliant Energy,Alliant Energy,ALLIANT ENERGY CORPORATION SERVICES INC,25000,2019-12-31,entity_simplified
2019,RSLC,CenterPoint Energy,CenterPoint Energy Service,"CENTERPOINT ENERGY SERVICE COMPANY, LLC",25000,2019-04-25,entity_simplified
2019,RSLC,NextEra,Florida Power & Light,FLORIDA POWER AND LIGHT COMPANY,25000,2019-11-05,entity_simplified
2019,RSLC,Fortis,ITC Holdings,ITC HOLDINGS CORP,25000,2019-02-26,entity_exact
2019,RSLC,Vistra Energy,Vistra Corporate Services,"VISTRA CORPORATE SERVICES COMPANY, AS AGENT",25000,2019-03-04,entity_simplified
2019,RSLC,Vistra Energy,Vistra Corporate Services,"VISTRA CORPORATE SERVICES COMPANY, AS AGENT",25000,2019-06-05,entity_simplified
2019,RSLC,Xcel Energy,Xcel Energy Services,XCEL ENERGY SERVICES INC.,25000,2019-02-11,entity_simplified
2019,DGA,American Gas Association,American Gas Association,AMERICAN GAS ASSOCIATION,20000,2019-06-04,entity_exact
2019,DLCC,Dominion Energy,Dominion Energy,DOMINION ENERGY,20000,2019-11-01,entity_exact
2019,DLCC,Dominion Energy,Dominion Energy,DOMINION ENERGY,20000,2019-11-04,entity_exact
2019,RGA,American Gas Association,American Gas Association,AMERICAN GAS ASSOCIATION,20000,2019-01-18,entity_exact
2019,RSLC,Dominion Energy,Dominion Energy Services,"DOMINION ENERGY SERVICES, INC.",20000,2019-11-04,entity_simplified
2019,DAGA,NRG Energy,NRG Energy,NRG ENERGY INC.,15000,2019-03-19,entity_simplified
2019,DAGA,Nuclear Energy Institute,Nuclear Energy Institute,NUCLEAR ENERGY INSTITUTE,15000,2019-03-01,entity_exact
2019,DAGA,Nuclear Energy Institute,Nuclear Energy Institute,NUCLEAR ENERGY INSTITUTE NEI,15000,2019-03-01,entity_simplified
2019,DAGA,Berkshire Hathaway Energy,NV Energy,NV ENERGY,15000,2019-07-08,entity_exact
2019,DGA,Dominion Energy,Dominion Energy Services,DOMINION ENERGY SERVICES INC,15000,2019-11-01,entity_simplified
2019,DGA,Sempra Energy,Sempra Energy,SEMPRA ENERGY,15000,2019-11-19,entity_exact
2019,GOPAC,DTE Energy,DTE Energy,DTE ENERGY,15000,2019-10-29,entity_exact
2019,GOPAC,Nuclear Energy Institute,Nuclear Energy Institute,NUCLEAR ENERGY INSTITUTE,15000,2019-12-27,entity_exact
2019,RAGA,American Gas Association,American Gas Association,AMERICAN GAS ASSOCIATION,15000,2019-01-18,entity_exact
2019,RAGA,DTE Energy,DTE Energy,DTE ENERGY CORPORATION SERVICES LLC,15000,2019-07-01,entity_simplified
2019,RAGA,NRG Energy,NRG Energy,NRG ENERGY INC,15000,2019-09-30,entity_simplified
2019,RAGA,Nuclear Energy Institute,Nuclear Energy Institute,NUCLEAR ENERGY INSTITUTE,15000,2019-03-01,entity_exact
2019,RGA,Salt River Project,Salt River Project,SALT RIVER PROJECT,15000,2019-07-15,entity_exact
2019,RSLC,CenterPoint Energy,CenterPoint Energy Service,"CENTERPOINT ENERGY SERVICE COMPANY, LLC",15000,2019-06-11,entity_simplified
2019,RSLC,Duke Energy,Duke Energy Business Services,DUKE ENERGY BUSINESS SERVICES LLC,15000,2019-09-19,entity_simplified
2019,RAGA,CenterPoint Energy,CenterPoint Energy,CENTERPOINT ENERGY,12500,2019-03-11,entity_exact
2019,RAGA,CenterPoint Energy,CenterPoint Energy,CENTERPOINT ENERGY,12500,2019-03-12,entity_exact
2019,RGA,Berkshire Hathaway Energy,MidAmerican Energy,MIDAMERICAN ENERGY COMPANY,12500,2019-10-16,entity_simplified
2019,RSLC,Southern Company,Southern Company Services,"SOUTHERN COMPANY SERVICES, INC.",12500,2019-12-28,entity_simplified
2019,DGA,Dominion Energy,Dominion Energy Services,DOMINION ENERGY SERVICES INC,10000,2019-10-25,entity_simplified
2019,DGA,Edison Electric Institute,Edison Electric Institute,EDISON ELECTRIC INSTITUTE,10000,2019-10-15,entity_exact
2019,DGA,Fortis,ITC Holdings,ITC HOLDINGS CORP.,10000,2019-06-30,entity_simplified
2019,DGA,Berkshire Hathaway Energy,Nevada Power Company,NEVADA POWER COMPANY,10000,2019-10-02,entity_exact
2019,DGA,NextEra,NextEra,NEXTERA ENERGY RESOURCES,10000,2019-11-01,entity_word_boundary
2019,DGA,Sempra Energy,Sempra Energy,SEMPRA ENERGY,10000,2019-11-19,entity_exact
2019,DGA,Southern Company,Southern Company Services,"SOUTHERN COMPANY SERVICES, INC.",10000,2019-10-25,entity_simplified
2019,DGA,Emera,TEPAC,TEPAC,10000,2019-02-12,entity_word_boundary
2019,DLCC,DTE Energy,DTE Energy,DTE ENERGY PAC,10000,2019-07-01,entity_simplified
2019,DLCC,Vistra Energy,Vistra Corporate Services,VISTRA CORPORATE SERVICES COMPANY,10000,2019-01-15,entity_simplified
2019,GOPAC,American Electric Power,Kentucky Power Company,AEP KENTUCKY POWER COMPANY,10000,2019-07-02,entity_simplified
2019,GOPAC,American Gas Association,American Gas Association,AMERICAN GAS ASSOCIATION,10000,2019-01-29,entity_exact
2019,GOPAC,American Gas Association,American Gas Association,AMERICAN GAS ASSOCIATION,10000,2019-01-29,entity_exact
2019,GOPAC,Calpine,Calpine,CALPINE CORPORATION,10000,2019-07-02,entity_word_boundary
2019,GOPAC,Duke Energy,Duke Energy,DUKE ENERGY,10000,2019-09-25,entity_exact
2019,GOPAC,Xcel Energy,Xcel Energy,XCEL ENERGY,10000,2019-02-12,entity_exact
2019,RGA,Duke Energy,Duke Energy,DUKE ENERGY CORPORATION,10000,2019-07-24,entity_simplified
2019,RGA,NextEra,Florida Power & Light,FLORIDA POWER AND LIGHT COMPANY,10000,2019-10-18,entity_simplified
2019,RGA,NiSource,Northern Indiana Public Service Company,NORTHERN INDIANA PUBLIC SERVICE COMPANY,10000,2019-09-20,entity_exact
2019,RGA,Northwestern Energy,Northwestern Energy Employees PAC,NORTHWESTERN ENERGY EMPLOYEES PAC,10000,2019-05-06,entity_exact
2019,RGA,Emera,TEPAC,TEPAC,10000,2019-02-08,entity_word_boundary
2019,RGA,Vistra Energy,Vistra Corporate Services,VISTRA CORPORATE SERVICES COMPANY,10000,2019-04-25,entity_simplified
2019,RSLC,Exelon,Exelon,"EXELON GENERATION COMPANY, LLC",10000,2019-02-07,entity_word_boundary
2019,RSLC,Puget Sound Energy,Puget Sound Energy,PUGET SOUND ENERGY,10000,2019-07-16,entity_exact
2019,RSLC,Spire,Spire Missouri,SPIRE MISSOURI INC.,10000,2019-07-30,entity_word_boundary
2019,RSLC,Emera,TECO Energy,TECO ENERGY,10000,2019-09-13,entity_exact
2019,RSLC,Vistra Energy,Vistra Corporate Services,"VISTRA CORPORATE SERVICES COMPANY, AS AGENT",10000,2019-03-29,entity_simplified
2019,DGA,Berkshire Hathaway Energy,NV Energy,NV ENERGY IN-KIND,8000,2019-10-24,entity_simplified
2019,DGA,Allete,Minnesota Power,ALLETE INC - MINNESOTA POWER,5000,2019-11-15,entity_simplified
2019,DGA,CenterPoint Energy,CenterPoint Energy Service,"CENTERPOINT ENERGY SERVICE COMPANY, LLC",5000,2019-11-13,entity_simplified
2019,DLCC,Alliant Energy,Alliant Energy,ALLIANT ENERGY CORPORATION,5000,2019-03-11,entity_simplified
2019,DLCC,Dominion Energy,Dominion Energy,DOMINION ENERGY,5000,2019-07-25,entity_exact
2019,DLCC,Edison International,Edison International,EDISON INTERNATIONAL,5000,2019-09-26,entity_exact
2019,DLCC,Nuclear Energy Institute,Nuclear Energy Institute,NUCLEAR ENERGY INSTITUTE,5000,2019-05-03,entity_exact
2019,DLCC,Vistra Energy,Vistra Corporate Services,VISTRA CORPORATE SERVICES COMPANY,5000,2019-08-06,entity_simplified
2019,DLCC,Vistra Energy,Vistra Corporate Services,VISTRA CORPORATE SERVICES COMPANY,5000,2019-09-26,entity_simplified
2019,GOPAC,Calpine,Calpine,CALPINE CORPORATION,5000,2019-01-22,entity_word_boundary
2019,GOPAC,Duke Energy,Duke Energy,DUKE ENERGY,5000,2019-09-05,entity_exact
2019,RAGA,Duke Energy,Duke Energy,DUKE ENERGY,5000,2019-09-13,entity_exact
2019,RAGA,Southern Company,Southern Company Services,"SOUTHERN COMPANY SERVICES, INC.",5000,2019-05-22,entity_simplified
2019,RGA,Ameren,Ameren,AMEREN CORPORATION,5000,2019-09-10,entity_word_boundary
2019,RGA,Fortis,ITC Holdings,"ITC HOLDINGS, INC.",5000,2019-08-20,entity_simplified
2019,RSLC,Ameren,Ameren,AMEREN MISSOURI,5000,2019-09-10,entity_word_boundary
2019,RSLC,Nuclear Energy Institute,Nuclear Energy Institute,NUCLEAR ENERGY INSTITUTE,5000,2019-09-25,entity_exact
2019,RSLC,Vistra Energy,Vistra Corporate Services,"VISTRA CORPORATE SERVICES, AS AGENT",4400,2019-12-31,entity_simplified
2019,DAGA,Southern Company,Southern Company Services,"SOUTHERN COMPANY SERVICES, INC. IN-KIND",3410,2019-07-18,entity_simplified
2019,DGA,NextEra,NextEra,NEXTERA ENERGY POINT BEACH LLC,2500,2019-10-04,entity_word_boundary
2019,DLCC,Dominion Energy,Dominion Energy,DOMINION ENERGY,2500,2019-06-10,entity_exact
2019,DLCC,Exelon,Exelon,EXELON GENERATION COMPANY LLC,2500,2019-07-23,entity_word_boundary
2019,GOPAC,Fortis,ITC Holdings,ITC HOLDINGS CORP,2500,2019-11-21,entity_exact
2019,RAGA,Southern Company,Southern Company Services,"SOUTHERN COMPANY SERVICES, INC.",2340,2019-06-06,entity_simplified
2019,DLCC,Edison Electric Institute,Edison Electric Institute,EDISON ELECTRIC INSTITUTE IN-KIND,1452,2019-05-22,entity_simplified
2019,RSLC,Fortis,ITC Holdings,ITC HOLDINGS CORP,790,2019-07-29,entity_exact
2019,RSLC,PPL Corporation,Louisville Gas and Electric Company,LOUISVILLE GAS AND ELECTRIC CO.,633,2019-04-29,entity_simplified
2019,RAGA,Southern Company,Alabama Power,ALABAMA POWER COMPANY,625,2019-06-19,entity_simplified
2019,RSLC,Xcel Energy,Xcel Energy Services,XCEL ENERGY SERVICES INC.,558,2019-04-25,entity_simplified
2019,RAGA,DTE Energy,DTE Energy,DTE ENERGY CORPORATION SERVICES LLC,550,2019-10-22,entity_simplified
2019,RAGA,Edison Electric Institute,Edison Electric Institute,EDISON ELECTRIC INSTITUTE,500,2019-05-21,entity_exact
2019,RAGA,Southern Company,Southern Company Services,"SOUTHERN COMPANY SERVICES, INC.",500,2019-06-10,entity_simplified
2019,RSLC,CenterPoint Energy,Vectren,VECTREN EMPLOYEES FEDERAL PAC,500,2019-11-12,entity_word_boundary
2019,RGA,Alliant Energy,Alliant Energy,ALLIANT ENERGY CORPORATION,450,2019-10-10,entity_simplified
2019,RGA,Dominion Energy,Dominion Energy Services,DOMINION ENERGY SERVICES INC.,450,2019-09-30,entity_simplified
2019,RGA,Edison Electric Institute,Edison Electric Institute,EDISON ELECTRIC INSTITUTE,450,2019-10-22,entity_exact
2019,RGA,Fortis,ITC Holdings,"ITC HOLDINGS, INC.",450,2019-10-08,entity_simplified
2019,RGA,Nuclear Energy Institute,Nuclear Energy Institute,NUCLEAR ENERGY INSTITUTE,450,2019-09-19,entity_exact
2019,RGA,Spire,Spire Missouri,SPIRE MISSOURI INC.,450,2019-10-15,entity_word_boundary
2019,RGA,Vistra Energy,Vistra Corporate Services,VISTRA CORPORATE SERVICES COMPANY,450,2019-10-07,entity_simplified
2019,RGA,Vistra Energy,Vistra Corporate Services,VISTRA CORPORATE SERVICES COMPANY,450,2019-10-08,entity_simplified
2019,RAGA,Duke Energy,Duke Energy,DUKE ENERGY,425,2019-11-11,entity_exact
2019,RAGA,NRG Energy,NRG Energy,NRG ENERGY INC,425,2019-12-18,entity_simplified
2019,RSLC,Alliant Energy,Alliant Energy,ALLIANT ENERGY CORPORATION SERVICES INC,399,2019-06-28,entity_simplified
2019,RSLC,Fortis,ITC Holdings,ITC HOLDINGS CORP,399,2019-06-28,entity_exact
2019,RSLC,Vistra Energy,Vistra Corporate Services,"VISTRA CORPORATE SERVICES COMPANY, AS AGENT",399,2019-05-28,entity_simplified
2019,RSLC,Duke Energy,Duke Energy,"DUKE ENERGY INDIANA, LLC",395,2019-07-29,entity_simplified
2019,RSLC,Nuclear Energy Institute,Nuclear Energy Institute,NUCLEAR ENERGY INSTITUTE,394,2019-04-29,entity_exact
2019,DGA,American Gas Association,American Gas Association,AMERICAN GAS ASSOCIATION,350,2019-06-30,entity_exact
2019,DGA,American Gas Association,American Gas Association,AMERICAN GAS ASSOCIATION,350,2019-12-12,entity_exact
2019,DGA,Sempra Energy,San Diego Gas,SAN DIEGO GAS   ELECTRIC,350,2019-12-12,entity_simplified
2019,DLCC,NextEra,NextEra,NEXTERA ENERGY RESOURCES,350,2019-04-25,entity_word_boundary
2019,RAGA,American Gas Association,American Gas Association,AMERICAN GAS ASSOCIATION,350,2019-02-13,entity_exact
2019,RAGA,Pinnacle West Capital,APS,APS,350,2019-01-22,entity_word_boundary
2019,RAGA,Pinnacle West Capital,APS,APS,350,2019-01-22,entity_word_boundary
2019,RAGA,Southern Company,Southern Company Services,"SOUTHERN COMPANY SERVICES, INC.",350,2019-02-25,entity_simplified
2019,RSLC,Fortis,ITC Holdings,ITC HOLDINGS CORP,329,2019-05-28,entity_exact
2019,RSLC,Fortis,ITC Holdings,ITC HOLDINGS CORP,329,2019-05-28,entity_exact
2019,RAGA,Vistra Energy,Vistra Corporate Services,VISTRA CORPORATE SERVICES COMPANY,300,2019-11-20,entity_simplified
2019,RSLC,Dominion Energy,Dominion Energy Services,"DOMINION ENERGY SERVICES, INC.",299,2019-10-30,entity_simplified
2019,RSLC,Fortis,ITC Holdings,ITC HOLDINGS CORP,299,2019-09-24,entity_exact
2019,DLCC,Alliant Energy,Alliant Energy,ALLIANT ENERGY CORPORATION,250,2019-06-19,entity_simplified
2019,DLCC,Alliant Energy,Alliant Energy,ALLIANT ENERGY CORPORATION,250,2019-08-14,entity_simplified
2019,DLCC,DTE Energy,DTE Energy,DTE ENERGY PAC,250,2019-08-23,entity_simplified
2019,DLCC,Edison Electric Institute,Edison Electric Institute,EDISON ELECTRIC INSTITUTE,250,2019-05-20,entity_exact
2019,DLCC,Edison Electric Institute,Edison Electric Institute,EDISON ELECTRIC INSTITUTE,250,2019-07-23,entity_exact
2019,DLCC,Fortis,ITC Holdings,ITC HOLDINGS CORP,250,2019-04-24,entity_exact
2019,DLCC,Fortis,ITC Holdings,ITC HOLDINGS CORP,250,2019-06-21,entity_exact
2019,DLCC,Fortis,ITC Holdings,ITC HOLDINGS CORP,250,2019-08-06,entity_exact
2019,DLCC,Fortis,ITC Holdings,ITC HOLDINGS CORP,250,2019-08-12,entity_exact
2019,DLCC,NextEra,NextEra,NEXTERA ENERGY RESOURCES,250,2019-07-01,entity_word_boundary
2019,DLCC,Vistra Energy,Vistra Corporate Services,VISTRA CORPORATE SERVICES COMPANY,250,2019-03-21,entity_simplified
2019,DLCC,Vistra Energy,Vistra Corporate Services,VISTRA CORPORATE SERVICES COMPANY,250,2019-05-16,entity_simplified
2019,DLCC,Vistra Energy,Vistra Corporate Services,VISTRA CORPORATE SERVICES COMPANY,250,2019-05-23,entity_simplified
2019,DLCC,Vistra Energy,Vistra Corporate Services,VISTRA CORPORATE SERVICES COMPANY,250,2019-07-10,entity_simplified
2019,DLCC,Vistra Energy,Vistra Corporate Services,VISTRA CORPORATE SERVICES COMPANY,250,2019-07-10,entity_simplified
2019,DLCC,Vistra Energy,Vistra Corporate Services,VISTRA CORPORATE SERVICES COMPANY,250,2019-09-05,entity_simplified
2019,DLCC,Xcel Energy,Xcel Energy,XCEL ENERGY,250,2019-03-04,entity_exact
2019,DLCC,Xcel Energy,Xcel Energy,XCEL ENERGY,250,2019-03-04,entity_exact
2019,RSLC,Alliant Energy,Alliant Energy,ALLIANT ENERGY CORPORATION SERVICES INC,250,2019-12-02,entity_simplified
2019,RSLC,Dominion Energy,Dominion Energy Services,"DOMINION ENERGY SERVICES, INC.",250,2019-12-02,entity_simplified
2019,RSLC,Edison Electric Institute,Edison Electric Institute,EDISON ELECTRIC INSTITUTE,229,2019-04-29,entity_exact
2019,RSLC,Nuclear Energy Institute,Nuclear Energy Institute,NUCLEAR ENERGY INSTITUTE,199,2019-09-24,entity_exact
2019,RSLC,Spire,Spire Missouri,SPIRE MISSOURI INC.,199,2019-08-30,entity_word_boundary
2019,RAGA,Edison Electric Institute,Edison Electric Institute,EDISON ELECTRIC INSTITUTE,125,2019-10-02,entity_exact
2019,RSLC,Vistra Energy,Vistra Corporate Services,"VISTRA CORPORATE SERVICES COMPANY, AS AGENT",109,2019-04-29,entity_simplified
2019,RSLC,Edison Electric Institute,Edison Electric Institute,EDISON ELECTRIC INSTITUTE,65,2019-03-29,entity_exact
2018,RGA,NextEra,NextEra,NEXTERA ENERGY RESOURCES LLC,700000,2018-09-13,entity_word_boundary
2018,RGA,FirstEnergy,FirstEnergy,FIRSTENERGY SOLUTIONS CORPORATION,500000,2018-10-11,entity_simplified
2018,DGA,NextEra,NextEra,NEXTERA ENERGY RESOURCES,400000,2018-10-19,entity_word_boundary
2018,DGA,FirstEnergy,First Energy Solutions Corp.,FIRST ENERGY SOLUTIONS CORP.,250000,2018-10-09,entity_exact
2018,RAGA,NextEra,NextEra,NEXTERA ENERGY RESOURCES LLC,250000,2018-10-09,entity_word_boundary
2018,RGA,NextEra,NextEra,NEXTERA ENERGY RESOURCES LLC,250000,2018-03-07,entity_word_boundary
2018,RGA,NextEra,NextEra,NEXTERA ENERGY RESOURCES LLC,250000,2018-09-26,entity_word_boundary
2018,RSLC,NextEra,NextEra,NEXTERA ENERGY RESOURCES LLC,175000,2018-06-20,entity_word_boundary
2018,RAGA,NextEra,NextEra,NEXTERA ENERGY RESOURCES LLC,150000,2018-10-31,entity_word_boundary
2018,RAGA,Entergy,Entergy,ENTERGY,125000,2018-02-26,entity_word_boundary
2018,DGA,Duke Energy,Duke Energy,DUKE ENERGY CORPORATION,110000,2018-11-01,entity_simplified
2018,DAGA,NextEra,NextEra,NEXTERA ENERGY,100000,2018-11-01,entity_word_boundary
2018,DGA,Eversource,Eversource Energy Service,EVERSOURCE ENERGY SERVICE COMPANY,100000,2018-06-12,entity_simplified
2018,DGA,Exelon,Exelon Business Services,EXELON BUSINESS SERVICES,100000,2018-08-20,entity_exact
2018,DGA,Public Service Enterprise Group,PSEG,PSEG SERVICES,100000,2018-09-17,entity_word_boundary
2018,DGA,Xcel Energy,Xcel Energy,XCEL ENERGY,100000,2018-03-08,entity_exact
2018,RAGA,Pinnacle West Capital,Pinnacle West,PINNACLE WEST CAPITAL CORPORATION,100000,2018-07-10,entity_simplified
2018,RGA,Edison Electric Institute,Edison Electric Institute,EDISON ELECTRIC INSTITUTE,100000,2018-03-31,entity_exact
2018,RGA,Southern Company,Southern Company Services,SOUTHERN COMPANY SERVICES INC.,100000,2018-01-23,entity_simplified
2018,RGA,Xcel Energy,Xcel Energy Services,XCEL ENERGY SERVICES INC.,100000,2018-03-02,entity_simplified
2018,RGA,American Electric Power,AEP Service Corporation,AEP SERVICE CORPORATION,90000,2018-03-13,entity_exact
2018,DGA,Edison Electric Institute,Edison Electric Institute,EDISON ELECTRIC INSTITUTE,75000,2018-02-27,entity_exact
2018,DGA,FirstEnergy,FirstEnergy,FIRSTENERGY CORPORATION,75000,2018-09-26,entity_simplified
2018,DGA,Nuclear Energy Institute,Nuclear Energy Institute,NUCLEAR ENERGY INSTITUTE,75000,2018-02-21,entity_exact
2018,RGA,Nuclear Energy Institute,Nuclear Energy Institute,NUCLEAR ENERGY INSTITUTE,75000,2018-02-20,entity_exact
2018,DGA,Alliant Energy,Alliant Energy,ALLIANT ENERGY,50000,2018-12-31,entity_exact
2018,DGA,American Electric Power,American Electric Power,AMERICAN ELECTRIC POWER,50000,2018-11-13,entity_exact
2018,DGA,Dominion Energy,Dominion Energy Services,DOMINION ENERGY SERVICES INC,50000,2018-03-07,entity_simplified
2018,DGA,Duke Energy,Duke Energy Business Services,DUKE ENERGY BUSINESS SERVICES LLC,50000,2018-06-30,entity_simplified
2018,DGA,NextEra,NextEra,NEXTERA ENERGY RESOURCES,50000,2018-07-11,entity_word_boundary
2018,DGA,NextEra,NextEra,NEXTERA ENERGY RESOURCES,50000,2018-10-18,entity_word_boundary
2018,DGA,Southern Company,Southern Company Services,"SOUTHERN COMPANY SERVICES, INC.",50000,2018-01-25,entity_simplified
2018,DGA,Southern Company,Southern Company Services,"SOUTHERN COMPANY SERVICES, INC.",50000,2018-08-21,entity_simplified
2018,DLCC,Nuclear Energy Institute,Nuclear Energy Institute,NUCLEAR ENERGY INSTITUTE,50000,2018-02-20,entity_exact
2018,RAGA,Edison Electric Institute,Edison Electric Institute,EDISON ELECTRIC INSTITUTE,50000,2018-03-23,entity_exact
2018,RAGA,NextEra,NextEra,NEXTERA ENERGY RESOURCES LLC,50000,2018-03-12,entity_word_boundary
2018,RAGA,Pinnacle West Capital,Pinnacle West,PINNACLE WEST CAPITAL CORPORATION,50000,2018-12-31,entity_simplified
2018,RGA,Alliant Energy,Alliant Energy,ALLIANT ENERGY CORPORATION,50000,2018-01-03,entity_simplified
2018,RGA,Berkshire Hathaway Energy,Berkshire Hathaway Energy,BERKSHIRE HATHAWAY ENERGY PAC,50000,2018-06-28,entity_simplified
2018,RGA,Berkshire Hathaway Energy,Berkshire Hathaway Energy,BERKSHIRE HATHAWAY ENERGY PAC,50000,2018-06-28,entity_simplified
2018,RGA,Dominion Energy,Dominion Energy,DOMINION ENERGY,50000,2018-03-16,entity_exact
2018,RGA,DTE Energy,DTE Energy,DTE ENERGY CORPORATION,50000,2018-10-02,entity_simplified
2018,RGA,Duke Energy,Duke Energy,DUKE ENERGY CORPORATION,50000,2018-08-23,entity_simplified
2018,RGA,Duke Energy,Duke Energy,DUKE ENERGY CORPORATION,50000,2018-09-05,entity_simplified
2018,RGA,Berkshire Hathaway Energy,MidAmerican Energy,MIDAMERICAN ENERGY COMPANY,50000,2018-08-28,entity_simplified
2018,RGA,Berkshire Hathaway Energy,MidAmerican Energy,MIDAMERICAN ENERGY COMPANY,50000,2018-08-28,entity_simplified
2018,RGA,Pinnacle West Capital,Pinnacle West,PINNACLE WEST CAPITAL CORPORATION,50000,2018-05-15,entity_simplified
2018,RGA,Vistra Energy,Vistra Corporate Services,VISTRA CORPORATE SERVICES COMPANY,50000,2018-06-14,entity_simplified
2018,RSLC,Edison Electric Institute,Edison Electric Institute,EDISON ELECTRIC INSTITUTE,50000,2018-07-03,entity_exact
2018,RSLC,Nuclear Energy Institute,Nuclear Energy Institute,NUCLEAR ENERGY INSTITUTE,50000,2018-02-14,entity_exact
2018,RSLC,Dominion Energy,Dominion Energy Services,"DOMINION ENERGY SERVICES, INC.",40000,2018-11-08,entity_simplified
2018,RAGA,Southern Company,Southern Company Services,"SOUTHERN COMPANY SERVICES, INC.",35000,2018-07-18,entity_simplified
2018,RGA,Duke Energy,Duke Energy,DUKE ENERGY CORPORATION,35000,2018-08-31,entity_simplified
2018,RSLC,Alliant Energy,Alliant Energy,ALLIANT ENERGY CORPORATION SERVICES INC,30000,2018-07-27,entity_simplified
2018,DAGA,Edison Electric Institute,Edison Electric Institute,EDISON ELECTRIC INSTITUTE,25000,2018-06-28,entity_exact
2018,DAGA,NextEra,NextEra,NEXTERA ENERGY,25000,2018-02-15,entity_word_boundary
2018,DAGA,NextEra,NextEra,NEXTERA ENERGY LLC,25000,2018-02-15,entity_word_boundary
2018,DGA,Dominion Energy,Dominion Energy Services,DOMINION ENERGY SERVICES INC,25000,2018-09-10,entity_simplified
2018,DGA,Dominion Energy,Dominion Energy Services,DOMINION ENERGY SERVICES INC,25000,2018-09-10,entity_simplified
2018,DGA,Edison Electric Institute,Edison Electric Institute,EDISON ELECTRIC INSTITUTE,25000,2018-08-17,entity_exact
2018,DGA,FirstEnergy,FirstEnergy,FIRSTENERGY CORPORATION,25000,2018-03-19,entity_simplified
2018,DGA,Fortis,ITC Holdings,ITC HOLDINGS CORP.,25000,2018-04-17,entity_simplified
2018,DGA,Fortis,ITC Holdings,ITC HOLDINGS CORP.,25000,2018-12-31,entity_simplified
2018,DGA,NextEra,NextEra,NEXTERA ENERGY RESOURCES,25000,2018-06-18,entity_word_boundary
2018,DGA,NRG Energy,NRG Energy,NRG ENERGY INC.,25000,2018-05-01,entity_simplified
2018,DGA,Avangrid,United Illuminating,THE UNITED ILLUMINATING CO,25000,2018-05-22,entity_simplified
2018,DGA,Vistra Energy,Vistra Corporate Services,VISTRA CORPORATE SERVICES CO,25000,2018-10-29,entity_simplified
2018,DLCC,Alliant Energy,Alliant Energy,ALLIANT ENERGY CORPORATION,25000,2018-01-08,entity_simplified
2018,DLCC,Edison Electric Institute,Edison Electric Institute,EDISON ELECTRIC INSTITUTE,25000,2018-08-16,entity_exact
2018,DLCC,Fortis,ITC Holdings,ITC HOLDINGS CORP,25000,2018-04-18,entity_exact
2018,DLCC,NextEra,NextEra,NEXTERA ENERGY RESOURCES,25000,2018-02-23,entity_word_boundary
2018,GOPAC,Duke Energy,Duke Energy,DUKE ENERGY,25000,2018-03-09,entity_exact
2018,GOPAC,Fortis,ITC Holdings,ITC HOLDINGS CORP,25000,2018-04-16,entity_exact
2018,RAGA,CenterPoint Energy,CenterPoint Energy,CENTERPOINT ENERGY,25000,2018-04-06,entity_exact
2018,RAGA,FirstEnergy,FirstEnergy,FIRSTENERGY CORP.,25000,2018-10-17,entity_simplified
2018,RAGA,Southern Company,Georgia Power,GEORGIA POWER COMPANY,25000,2018-10-17,entity_simplified
2018,RAGA,NextEra,NextEra,NEXTERA ENERGY CAPITAL HOLDINGS INC.,25000,2018-03-14,entity_word_boundary
2018,RAGA,Nuclear Energy Institute,Nuclear Energy Institute,NUCLEAR ENERGY INSTITUTE,25000,2018-04-09,entity_exact
2018,RAGA,Southern Company,Southern Company Services,"SOUTHERN COMPANY SERVICES, INC.",25000,2018-01-19,entity_simplified
2018,RAGA,Southern Company,Southern Company Services,"SOUTHERN COMPANY SERVICES, INC.",25000,2018-04-30,entity_simplified
2018,RAGA,Vistra Energy,Vistra Corporate Services,VISTRA CORPORATE SERVICES COMPANY,25000,2018-03-16,entity_simplified
2018,RGA,AES Corporation,AES Corporation,AES CORPORATION,25000,2018-02-13,entity_exact
2018,RGA,Alliant Energy,Alliant Energy,ALLIANT ENERGY CORPORATION,25000,2018-10-01,entity_simplified
2018,RGA,CenterPoint Energy,CenterPoint Energy Service,CENTERPOINT ENERGY SERVICE COMPANY LLC,25000,2018-07-20,entity_simplified
2018,RGA,Dominion Energy,Dominion Energy,DOMINION ENERGY,25000,2018-11-01,entity_exact
2018,RGA,Duke Energy,Duke Energy,DUKE ENERGY CORPORATION,25000,2018-06-20,entity_simplified
2018,RGA,Eversource,Eversource Energy Service,EVERSOURCE ENERGY SERVICE CO.,25000,2018-06-19,entity_simplified
2018,RGA,FirstEnergy,FirstEnergy,FIRSTENERGY CORP.,25000,2018-04-27,entity_simplified
2018,RGA,NRG Energy,NRG Energy,"NRG ENERGY, INC.",25000,2018-05-24,entity_simplified
2018,RGA,NRG Energy,NRG Energy,"NRG ENERGY, INC.",25000,2018-05-24,entity_simplified
2018,RGA,Pinnacle West Capital,Pinnacle West,PINNACLE WEST CAPITAL CORPORATION,25000,2018-03-08,entity_simplified
2018,RGA,Spire,Spire Missouri,SPIRE MISSOURI INC.,25000,2018-07-06,entity_word_boundary
2018,RGA,Spire,Spire Missouri,SPIRE MISSOURI INC.,25000,2018-07-06,entity_word_boundary
2018,RGA,Vistra Energy,Vistra Corporate Services,VISTRA CORPORATE SERVICES COMPANY,25000,2018-10-29,entity_simplified
2018,RSLC,CenterPoint Energy,CenterPoint Energy Service,"CENTERPOINT ENERGY SERVICE COMPANY, LLC",25000,2018-01-16,entity_simplified
2018,RSLC,Fortis,ITC Holdings,ITC HOLDINGS CORP,25000,2018-03-26,entity_exact
2018,RSLC,Southern Company,Southern Company Services,"SOUTHERN COMPANY SERVICES, INC.",25000,2018-01-19,entity_simplified
2018,RSLC,Vistra Energy,Vistra Corporate Services,"VISTRA CORPORATE SERVICES COMPANY, AS AGENT",25000,2018-02-20,entity_simplified
2018,RSLC,Alliant Energy,Wisconsin Power and Light,WISCONSIN POWER AND LIGHT CO.,25000,2018-09-17,entity_simplified
2018,DLCC,Vistra Energy,Vistra Corporate Services,VISTRA CORPORATE SERVICES COMPANY,23000,2018-06-11,entity_simplified
2018,DGA,American Gas Association,American Gas Association,AMERICAN GAS ASSOCIATION,20000,2018-01-17,entity_exact
2018,DLCC,Alliant Energy,Alliant Energy,ALLIANT ENERGY CORPORATION,20000,2018-11-13,entity_simplified
2018,RGA,American Gas Association,American Gas Association,AMERICAN GAS ASSOCIATION,20000,2018-01-25,entity_exact
2018,RSLC,Alliant Energy,Alliant Energy,ALLIANT ENERGY CORPORATION SERVICES INC,20000,2018-11-07,entity_simplified
2018,RSLC,Alliant Energy,Alliant Energy,ALLIANT ENERGY CORPORATION SERVICES INC.,20000,2018-01-08,entity_simplified
2018,RSLC,Southern Company,Mississippi Power,MISSISSIPPI POWER COMPANY,20000,2018-12-28,entity_simplified
2018,DAGA,Alliant Energy,Alliant Energy,ALLIANT ENERGY,15000,2018-07-10,entity_exact
2018,DAGA,Southern Company,Southern Company Services,"SOUTHERN COMPANY SERVICES, INC.",15000,2018-02-14,entity_simplified
2018,RAGA,American Gas Association,American Gas Association,AMERICAN GAS ASSOCIATION,15000,2018-02-26,entity_exact
2018,RAGA,Alliant Energy,Wisconsin Power and Light,WISCONSIN POWER AND LIGHT COMPANY,15000,2018-04-09,entity_simplified
2018,RGA,Alliant Energy,Alliant Energy,ALLIANT ENERGY CORPORATION,15000,2018-11-09,entity_simplified
2018,RGA,Enbridge,Enbridge,ENBRIDGE-DCP PAC,15000,2018-10-22,entity_simplified
2018,RGA,TXNM Energy,PNM Resources,"PNM RESOURCES, INC.",15000,2018-03-16,entity_simplified
2018,RGA,Salt River Project,Salt River Project,SALT RIVER PROJECT,15000,2018-10-09,entity_exact
2018,RSLC,CenterPoint Energy,CenterPoint Energy Service,"CENTERPOINT ENERGY SERVICE COMPANY, LLC",15000,2018-08-24,entity_simplified
2018,RSLC,Enbridge,Enbridge,ENBRIDGE U.S. INC. PAC,15000,2018-09-21,entity_simplified
2018,DLCC,Xcel Energy,Xcel Energy,XCEL ENERGY,12500,2018-04-24,entity_exact
2018,DLCC,Xcel Energy,Xcel Energy,XCEL ENERGY,12500,2018-04-24,entity_exact
2018,RSLC,Xcel Energy,Xcel Energy Services,"XCEL ENERGY SERVICES, INC.",12500,2018-04-24,entity_simplified
2018,DLCC,Southern Company,Southern Company Services,"SOUTHERN COMPANY SERVICES, INC",12000,2018-01-19,entity_simplified
2018,DLCC,Vistra Energy,Vistra Corporate Services,VISTRA CORPORATE SERVICES COMPANY,12000,2018-04-10,entity_simplified
2018,DGA,American Electric Power,American Electric Power,AMERICAN ELECTRIC POWER,10000,2018-10-16,entity_exact
2018,DGA,NextEra,NextEra,NEXTERA ENERGY RESOURCES,10000,2018-04-10,entity_word_boundary
2018,DGA,NextEra,NextEra,NEXTERA ENERGY RESOURCES,10000,2018-06-27,entity_word_boundary
2018,DGA,Nuclear Energy Institute,Nuclear Energy Institute,NUCLEAR ENERGY INSTITUTE,10000,2018-12-07,entity_exact
2018,DGA,Public Service Enterprise Group,PSEG,PSEG SERVICES,10000,2018-06-19,entity_word_boundary
2018,DGA,Puget Sound Energy,Puget Sound Energy,PUGET SOUND ENERGY,10000,2018-08-21,entity_exact
2018,DGA,UGI Corp,UGI Energy Services,UGI ENERGY SERVICES LLC,10000,2018-09-20,entity_simplified
2018,DGA,Alta Gas,Washington Gas Light Company,WASHINGTON GAS LIGHT COMPANY,10000,2018-09-05,entity_exact
2018,DLCC,Nuclear Energy Institute,Nuclear Energy Institute,NUCLEAR ENERGY INSTITUTE,10000,2018-09-12,entity_exact
2018,GOPAC,American Gas Association,American Gas Association,AMERICAN GAS ASSOCIATION,10000,2018-02-05,entity_exact
2018,GOPAC,Dominion Energy,Dominion Resources,DOMINION RESOURCES SERVICES INC.,10000,2018-04-13,entity_simplified
2018,RAGA,Southwest Gas,Southwest Gas,SOUTHWEST GAS POLITICAL ACTION COMMITTEE,10000,2018-08-24,entity_simplified
2018,RGA,American Electric Power,AEP Service Corporation,AEP SERVICE CORPORATION,10000,2018-02-27,entity_exact
2018,RGA,Alliant Energy,Alliant Energy,ALLIANT ENERGY CORPORATION,10000,2018-08-22,entity_simplified
2018,RGA,Duke Energy,Duke Energy,DUKE ENERGY CORPORATION,10000,2018-03-09,entity_simplified
2018,RGA,Entergy,Entergy,ENTERGY,10000,2018-05-08,entity_word_boundary
2018,RGA,Salt River Project,Salt River Project,SALT RIVER PROJECT,10000,2018-02-02,entity_exact
2018,RGA,Southwest Gas,Southwest Gas PAC,SOUTHWEST GAS PAC,10000,2018-05-08,entity_exact
2018,RGA,Xcel Energy,Xcel Energy Services,XCEL ENERGY SERVICES INC.,10000,2018-08-14,entity_simplified
2018,RSLC,Alliant Energy,Alliant Energy,ALLIANT ENERGY CORPORATION SERVICES INC,10000,2018-11-26,entity_simplified
2018,RSLC,Dominion Energy,Dominion Energy Services,"DOMINION ENERGY SERVICES, INC.",10000,2018-04-23,entity_simplified
2018,RSLC,PPL Corporation,Louisville Gas and Electric Company,LOUISVILLE GAS AND ELECTRIC CO.,10000,2018-05-29,entity_simplified
2018,RSLC,Puget Sound Energy,Puget Sound Energy,PUGET SOUND ENERGY,10000,2018-10-12,entity_exact
2018,RSLC,American Electric Power,American Electric Power,THE AMERICAN ELECTRIC POWER COMPANY,10000,2018-11-13,entity_simplified
2018,RSLC,Vistra Energy,Vistra Corporate Services,"VISTRA CORPORATE SERVICES COMPANY, AS AGENT",10000,2018-03-09,entity_simplified
2018,GOPAC,Xcel Energy,Xcel Energy,XCEL ENERGY,7500,2018-01-30,entity_exact
2018,RSLC,Xcel Energy,Xcel Energy Services,"XCEL ENERGY SERVICES, INC.",7500,2018-04-24,entity_simplified
2018,DAGA,Alliant Energy,Alliant Energy,ALLIANT ENERGY,5000,2018-10-09,entity_exact
2018,DLCC,Enbridge,Enbridge,ENBRIDGE INC. PAC,5000,2018-10-15,entity_simplified
2018,GOPAC,American Electric Power,Kentucky Power Company,AEP KENTUCKY POWER COMPANY,5000,2018-07-02,entity_simplified
2018,GOPAC,American Electric Power,American Electric Power,AMERICAN ELECTRIC POWER,5000,2018-09-21,entity_exact
2018,GOPAC,Duke Energy,Duke Energy,DUKE ENERGY,5000,2018-10-10,entity_exact
2018,RAGA,Duke Energy,Duke Energy,DUKE ENERGY,5000,2018-08-20,entity_exact
2018,RAGA,Southern Company,Southern Company Services,"SOUTHERN COMPANY SERVICES, INC.",5000,2018-04-30,entity_simplified
2018,RGA,FirstEnergy,FirstEnergy,FIRSTENERGY CORP.,5000,2018-12-13,entity_simplified
2018,RGA,TXNM Energy,PNM Resources,"PNM RESOURCES, INC.",5000,2018-07-20,entity_simplified
2018,RGA,TXNM Energy,PNM Resources,"PNM RESOURCES, INC.",5000,2018-07-20,entity_simplified
2018,RGA,Fortis,UniSource Energy,UNISOURCE ENERGY CORPORATION,5000,2018-05-24,entity_simplified
2018,RGA,CenterPoint Energy,Vectren,VECTREN CORPORATION EMPLOYEES FEDERAL PAC,5000,2018-03-06,entity_word_boundary
2018,RGA,CenterPoint Energy,Vectren,VECTREN CORPORATION EMPLOYEES FEDERAL PAC,5000,2018-10-23,entity_word_boundary
2018,RGA,CenterPoint Energy,Vectren,VECTREN CORPORATION EMPLOYEES FEDERAL PAC,5000,2018-12-20,entity_word_boundary
2018,RSLC,Berkshire Hathaway Energy,Nevada Power Company,NEVADA POWER COMPANY DBA NV ENERGY,5000,2018-02-22,entity_simplified
2018,RSLC,Xcel Energy,Xcel Energy Services,"XCEL ENERGY SERVICES, INC.",5000,2018-04-24,entity_simplified
2018,DLCC,Southwest Gas,Southwest Gas,SOUTHWEST GAS CORPORATION,2500,2018-08-16,entity_simplified
2018,RGA,Atmos Energy,Atmos Energy,ATMOS ENERGY CORPORATION PAC,2500,2018-08-31,entity_simplified
2018,RSLC,Ameren,Ameren,AMEREN,2500,2018-04-20,entity_word_boundary
2018,RSLC,Spire,Spire,SPIRE POLITICAL ACTION COMMITTEE,2500,2018-04-20,entity_word_boundary
2018,RSLC,Duquesne Light Company,Duquesne Light Company,DUQUESNE LIGHT COMPANY,2000,2018-10-18,entity_exact
2018,RSLC,Southern Company,Georgia Power,GEORGIA POWER COMPANY,1500,2018-09-11,entity_simplified
2018,DGA,Black Hills Corporation,Black Hills Corporation,BLACK HILLS CORPORATION PAC,1150,2018-09-24,entity_simplified
2018,DGA,Edison Electric Institute,Edison Electric Institute,EDISON ELECTRIC INSTITUTE,1100,2018-08-01,entity_exact
2018,DGA,Southern Company,Southern Company Services,"SOUTHERN COMPANY SERVICES, INC.",1100,2018-08-01,entity_simplified
2018,DGA,Southern Company,Southern Company Services,"SOUTHERN COMPANY SERVICES, INC.",1100,2018-08-01,entity_simplified
2018,DLCC,Vistra Energy,Vistra Corporate Services,VISTRA CORPORATE SERVICES COMPANY,1000,2018-10-09,entity_simplified
2018,RGA,NRG Energy,NRG Energy,"NRG ENERGY, INC.",900,2018-11-07,entity_simplified
2018,RGA,Southwest Gas,Southwest Gas,SOUTHWEST GAS CORPORATION,900,2018-11-30,entity_simplified
2018,RSLC,Fortis,ITC Holdings,ITC HOLDINGS CORP,718,2018-10-03,entity_exact
2018,RSLC,Southern Company,Mississippi Power,MISSISSIPPI POWER COMPANY,698,2018-07-30,entity_simplified
2018,RSLC,Southern Company,Mississippi Power,MISSISSIPPI POWER COMPANY,698,2018-07-30,entity_simplified
2018,RSLC,Southern Company,Southern Company Services,"SOUTHERN COMPANY SERVICES, INC.",698,2018-08-30,entity_simplified
2018,RGA,Southern Company,Georgia Power,GEORGIA POWER COMPANY,660,2018-08-01,entity_simplified
2018,RSLC,Southern Company,Southern Company Services,"SOUTHERN COMPANY SERVICES, INC.",569,2018-04-30,entity_simplified
2018,RAGA,Vistra Energy,Vistra Corporate Services,VISTRA CORPORATE SERVICES COMPANY,500,2018-04-17,entity_simplified
2018,RSLC,NextEra,NextEra,NEXTERA ENERGY RESOURCES LLC,470,2018-12-28,entity_word_boundary
2018,RGA,Alliant Energy,Alliant Energy,ALLIANT ENERGY CORPORATION,450,2018-11-29,entity_simplified
2018,RGA,Edison Electric Institute,Edison Electric Institute,EDISON ELECTRIC INSTITUTE,450,2018-11-16,entity_exact
2018,RGA,Edison Electric Institute,Edison Electric Institute,EDISON ELECTRIC INSTITUTE,450,2018-11-21,entity_exact
2018,RGA,Entergy,Entergy,ENTERGY,450,2018-11-28,entity_word_boundary
2018,RGA,Salt River Project,Salt River Project,SALT RIVER PROJECT,450,2018-10-24,entity_exact
2018,RGA,Southern Company,Southern Company Services,SOUTHERN COMPANY SERVICES INC.,450,2018-10-26,entity_simplified
2018,RGA,Spire,Spire Missouri,SPIRE MISSOURI INC.,450,2018-10-05,entity_word_boundary
2018,RGA,Spire,Spire Missouri,SPIRE MISSOURI INC.,450,2018-10-29,entity_word_boundary
2018,RGA,CenterPoint Energy,Vectren,VECTREN CORPORATION EMPLOYEES FEDERAL PAC,450,2018-11-02,entity_word_boundary
2018,RSLC,Alliant Energy,Alliant Energy,"ALLIANT ENERGY CORPORATION SERVICES, INC.",399,2018-06-29,entity_simplified
2018,RSLC,CenterPoint Energy,CenterPoint Energy Service,"CENTERPOINT ENERGY SERVICE COMPANY, LLC",399,2018-06-29,entity_simplified
2018,RSLC,Vistra Energy,Vistra Corporate Services,"VISTRA CORPORATE SERVICES COMPANY, AS AGENT",398,2018-10-03,entity_simplified
2018,RSLC,Xcel Energy,Xcel Energy Services,XCEL ENERGY SERVICES INC.,398,2018-10-03,entity_simplified
2018,DGA,Alliant Energy,Alliant Energy,ALLIANT ENERGY,350,2018-12-07,entity_exact
2018,DGA,American Gas Association,American Gas Association,AMERICAN GAS ASSOCIATION,350,2018-11-30,entity_exact
2018,DGA,Dominion Energy,Dominion Energy Services,DOMINION ENERGY SERVICES INC,350,2018-12-04,entity_simplified
2018,DGA,Fortis,ITC Holdings,ITC HOLDINGS CORP.,350,2018-12-04,entity_simplified
2018,DGA,Fortis,ITC Holdings,ITC HOLDINGS CORP.,350,2018-12-04,entity_simplified
2018,DGA,Berkshire Hathaway Energy,NV Energy,NV ENERGY,350,2018-12-05,entity_exact
2018,DLCC,Alliant Energy,Alliant Energy,ALLIANT ENERGY CORPORATION,350,2018-09-24,entity_simplified
2018,RAGA,American Gas Association,American Gas Association,AMERICAN GAS ASSOCIATION,350,2018-02-20,entity_exact
2018,RSLC,NextEra,NextEra,NEXTERA ENERGY RESOURCES LLC,350,2018-10-03,entity_word_boundary
2018,RSLC,Vistra Energy,Vistra Corporate Services,"VISTRA CORPORATE SERVICES COMPANY, AS AGENT",349,2018-04-30,entity_simplified
2018,RSLC,Vistra Energy,Vistra Corporate Services,"VISTRA CORPORATE SERVICES COMPANY, AS AGENT",339,2018-08-30,entity_simplified
2018,RSLC,Alliant Energy,Alliant Energy,"ALLIANT ENERGY CORPORATION SERVICES, INC.",319,2018-04-30,entity_simplified
2018,RSLC,Duke Energy,Duke Energy,DUKE ENERGY,319,2018-06-29,entity_exact
2018,RSLC,NextEra,NextEra,NEXTERA ENERGY RESOURCES LLC,300,2018-07-30,entity_word_boundary
2018,RSLC,Alliant Energy,Alliant Energy,ALLIANT ENERGY CORPORATION SERVICES INC.,279,2018-01-29,entity_simplified
2018,RSLC,Alliant Energy,Alliant Energy,ALLIANT ENERGY CORPORATION SERVICES INC,275,2018-11-29,entity_simplified
2018,RSLC,NextEra,NextEra,NEXTERA ENERGY RESOURCES LLC,275,2018-12-28,entity_word_boundary
2018,RAGA,NextEra,NextEra,NEXTERA ENERGY RESOURCES LLC,255,2018-10-03,entity_word_boundary
2018,DLCC,Edison Electric Institute,Edison Electric Institute,EDISON ELECTRIC INSTITUTE,250,2018-05-12,entity_exact
2018,DLCC,Edison Electric Institute,Edison Electric Institute,EDISON ELECTRIC INSTITUTE,250,2018-07-14,entity_exact
2018,DLCC,Edison Electric Institute,Edison Electric Institute,EDISON ELECTRIC INSTITUTE,250,2018-08-07,entity_exact
2018,DLCC,Edison Electric Institute,Edison Electric Institute,EDISON ELECTRIC INSTITUTE,250,2018-08-23,entity_exact
2018,DLCC,Fortis,ITC Holdings,ITC HOLDINGS CORP,250,2018-06-12,entity_exact
2018,DLCC,Fortis,ITC Holdings,ITC HOLDINGS CORP,250,2018-08-20,entity_exact
2018,DLCC,TXNM Energy,PNM Resources,PNM RESOURCES,250,2018-07-03,entity_exact
2018,DLCC,Vistra Energy,Vistra Corporate Services,VISTRA CORPORATE SERVICES COMPANY,250,2018-05-08,entity_simplified
2018,DLCC,Vistra Energy,Vistra Corporate Services,VISTRA CORPORATE SERVICES COMPANY,250,2018-06-05,entity_simplified
2018,DLCC,Vistra Energy,Vistra Corporate Services,VISTRA CORPORATE SERVICES COMPANY,250,2018-07-16,entity_simplified
2018,DLCC,Vistra Energy,Vistra Corporate Services,VISTRA CORPORATE SERVICES COMPANY,250,2018-07-23,entity_simplified
2018,DLCC,Vistra Energy,Vistra Corporate Services,VISTRA CORPORATE SERVICES COMPANY,250,2018-08-01,entity_simplified
2018,DLCC,Xcel Energy,Xcel Energy,XCEL ENERGY,250,2018-06-19,entity_exact
2018,RSLC,NextEra,NextEra,NEXTERA ENERGY RESOURCES LLC,250,2018-04-30,entity_word_boundary
2018,RSLC,NextEra,NextEra,NEXTERA ENERGY RESOURCES LLC,250,2018-05-31,entity_word_boundary
2018,RSLC,NextEra,NextEra,NEXTERA ENERGY RESOURCES LLC,250,2018-10-03,entity_word_boundary
2018,RSLC,Alliant Energy,Alliant Energy,"ALLIANT ENERGY CORPORATION SERVICES, INC.",100,2018-04-30,entity_simplified
2018,RSLC,Vistra Energy,Vistra Corporate Services,"VISTRA CORPORATE SERVICES COMPANY, AS AGENT",100,2018-02-28,entity_simplified
2017,RGA,NextEra,NextEra,NEXTERA ENERGY RESOURCES LLC,250000,2017-05-19,entity_word_boundary
2017,RGA,Edison Electric Institute,Edison Electric Institute,EDISON ELECTRIC INSTITUTE-IN-KIND,111105,2017-01-20,entity_simplified
2017,DGA,Public Service Enterprise Group,PSEG,PSEG SERVICES,102500,2017-07-26,entity_word_boundary
2017,DGA,Eversource,Eversource Energy Service,EVERSOURCE ENERGY SERVICE COMPANY,100000,2017-10-03,entity_simplified
2017,DGA,Nuclear Energy Institute,Nuclear Energy Institute,NUCLEAR ENERGY INSTITUTE,100000,2017-02-22,entity_exact
2017,DGA,Essential Utilities,Peoples Natural Gas,PEOPLES NATURAL GAS CO,100000,2017-10-06,entity_simplified
2017,RGA,Duke Energy,Duke Energy,DUKE ENERGY CORPORATION,100000,2017-03-02,entity_simplified
2017,RGA,Fortis,ITC Holdings,"ITC HOLDINGS, INC.",100000,2017-07-10,entity_simplified
2017,RGA,Nuclear Energy Institute,Nuclear Energy Institute,NUCLEAR ENERGY INSTITUTE,100000,2017-04-04,entity_exact
2017,RGA,Southern Company,Southern Company,SOUTHERN COMPANY,100000,2017-06-27,entity_exact
2017,RGA,Xcel Energy,Xcel Energy,XCEL ENERGY,100000,2017-02-17,entity_exact
2017,RSLC,NextEra,NextEra,NEXTERA ENERGY RESOURCES LLC,100000,2017-07-07,entity_word_boundary
2017,DGA,Xcel Energy,Xcel Energy,XCEL ENERGY,75000,2017-03-07,entity_exact
2017,RGA,Eversource,Eversource Energy Service,EVERSOURCE ENERGY SERVICE CO.,60000,2017-11-21,entity_simplified
2017,DGA,Dominion Energy,Dominion Resources,DOMINION RESOURCES,50000,2017-04-11,entity_exact
2017,DGA,Edison Electric Institute,Edison Electric Institute,EDISON ELECTRIC INSTITUTE,50000,2017-03-10,entity_exact
2017,DGA,Exelon,Exelon Business Services,EXELON BUSINESS SERVICES,50000,2017-07-27,entity_exact
2017,DGA,Public Service Enterprise Group,PSEG,PSEG SERVICES,50000,2017-10-25,entity_word_boundary
2017,DGA,Southern Company,Southern Company Services,"SOUTHERN COMPANY SERVICES, INC.",50000,2017-06-27,entity_simplified
2017,DGA,Southern Company,Southern Company Services,"SOUTHERN COMPANY SERVICES, INC.",50000,2017-11-13,entity_simplified
2017,DLCC,Nuclear Energy Institute,Nuclear Energy Institute,NUCLEAR ENERGY INSTITUTE,50000,2017-02-15,entity_exact
2017,RAGA,Edison Electric Institute,Edison Electric Institute,EDISON ELECTRIC INSTITUTE,50000,2017-02-27,entity_exact
2017,RAGA,NextEra,NextEra,NEXTERA ENERGY RESOURCES LLC,50000,2017-05-30,entity_word_boundary
2017,RAGA,Pinnacle West Capital,Pinnacle West,PINNACLE WEST CAPITAL CORPORATION,50000,2017-09-29,entity_simplified
2017,RAGA,Southern Company,Southern Company Services,"SOUTHERN COMPANY SERVICES, INC.",50000,2017-05-09,entity_simplified
2017,RGA,American Electric Power,AEP Service Corporation,AEP SERVICE CORPORATION,50000,2017-03-21,entity_exact
2017,RGA,American Electric Power,AEP Service Corporation,AEP SERVICE CORPORATION,50000,2017-03-21,entity_exact
2017,RGA,Atmos Energy,Atmos Energy,ATMOS ENERGY CORPORATION PAC,50000,2017-08-04,entity_simplified
2017,RGA,Dominion Energy,Dominion Resources,DOMINION RESOURCES SERVICES INC,50000,2017-02-17,entity_simplified
2017,RGA,DTE Energy,DTE Energy,DTE ENERGY COMPANY,50000,2017-07-28,entity_simplified
2017,RGA,DTE Energy,DTE Energy,DTE ENERGY COMPANY,50000,2017-11-29,entity_simplified
2017,RGA,Edison Electric Institute,Edison Electric Institute,EDISON ELECTRIC INSTITUTE,50000,2017-06-20,entity_exact
2017,RGA,Berkshire Hathaway Energy,MidAmerican Energy,MIDAMERICAN ENERGY COMPANY,50000,2017-10-17,entity_simplified
2017,RGA,Pinnacle West Capital,Pinnacle West,PINNACLE WEST CAPITAL CORPORATION,50000,2017-08-11,entity_simplified
2017,RGA,Pinnacle West Capital,Pinnacle West,PINNACLE WEST CAPITAL CORPORATION,50000,2017-12-31,entity_simplified
2017,RGA,Public Service Enterprise Group,PSEG Services Corp,PSEG SERVICES CORP.,50000,2017-08-18,entity_simplified
2017,RGA,Public Service Enterprise Group,PSEG Services Corp,PSEG SERVICES CORP.,50000,2017-09-28,entity_simplified
2017,RSLC,Nuclear Energy Institute,Nuclear Energy Institute,NUCLEAR ENERGY INSTITUTE,50000,2017-03-23,entity_exact
2017,RSLC,Alliant Energy,Wisconsin Power and Light,WISCONSIN POWER AND LIGHT CO.,50000,2017-10-11,entity_simplified
2017,RGA,Berkshire Hathaway Energy,Berkshire Hathaway Energy,BERKSHIRE HATHAWAY ENERGY,40000,2017-05-23,entity_exact
2017,RGA,Eversource,Eversource Energy Service,EVERSOURCE ENERGY SERVICE CO.,40000,2017-11-21,entity_simplified
2017,RAGA,Southern Company,Southern Company Services,"SOUTHERN COMPANY SERVICES, INC.",35000,2017-09-28,entity_simplified
2017,RSLC,FirstEnergy,FirstEnergy,FIRSTENERGY CORP.,30000,2017-10-03,entity_simplified
2017,RSLC,Puget Sound Energy,Puget Sound Energy,PUGET SOUND ENERGY,30000,2017-09-29,entity_exact
2017,DAGA,Edison Electric Institute,Edison Electric Institute,EDISON ELECTRIC INSTITUTE EEI,25000,2017-04-10,entity_simplified
2017,DAGA,NextEra,NextEra,NEXTERA ENERGY,25000,2017-02-15,entity_word_boundary
2017,DGA,AES Corporation,AES Corporation,AES CORPORATION,25000,2017-10-13,entity_exact
2017,DGA,Dominion Energy,Dominion Energy Services,DOMINION ENERGY SERVICES INC,25000,2017-08-29,entity_simplified
2017,DGA,Duke Energy,Duke Energy,DUKE ENERGY CORPORATION,25000,2017-09-12,entity_simplified
2017,DGA,NextEra,NextEra,NEXTERA ENERGY RESOURCES,25000,2017-09-21,entity_word_boundary
2017,DGA,Public Service Enterprise Group,PSEG,PSEG SERVICES,25000,2017-05-23,entity_word_boundary
2017,DGA,Xcel Energy,Xcel Energy,XCEL ENERGY,25000,2017-02-16,entity_exact
2017,DLCC,Edison Electric Institute,Edison Electric Institute,EDISON ELECTRIC INSTITUTE,25000,2017-03-24,entity_exact
2017,DLCC,Fortis,ITC Holdings,ITC HOLDINGS CORP,25000,2017-02-14,entity_exact
2017,DLCC,NextEra,NextEra,NEXTERA ENERGY RESOURCES,25000,2017-02-21,entity_word_boundary
2017,GOPAC,Duke Energy,Duke Energy,DUKE ENERGY,25000,2017-04-26,entity_exact
2017,GOPAC,Fortis,ITC Holdings,ITC HOLDINGS CORP,25000,2017-04-03,entity_exact
2017,RAGA,DTE Energy,DTE Energy,DTE ENERGY CORPORATION SERVICES LLC,25000,2017-06-23,entity_simplified
2017,RAGA,DTE Energy,DTE Energy,DTE ENERGY CORPORATION SERVICES LLC,25000,2017-11-29,entity_simplified
2017,RAGA,FirstEnergy,FirstEnergy,FIRSTENERGY CORP.,25000,2017-06-29,entity_simplified
2017,RGA,Alliant Energy,Alliant Energy,ALLIANT ENERGY CORP,25000,2017-01-25,entity_simplified
2017,RGA,Black Hills Corporation,Black Hills Corporation,BLACK HILLS CORPORATION PAC,25000,2017-01-25,entity_simplified
2017,RGA,Duke Energy,Duke Energy,DUKE ENERGY,25000,2017-08-03,entity_exact
2017,RGA,FirstEnergy,FirstEnergy,FIRSTENERGY,25000,2017-08-11,entity_exact
2017,RGA,NextEra,NextEra,NEXTERA ENERGY RESOURCES LLC,25000,2017-09-22,entity_word_boundary
2017,RSLC,Atmos Energy,Atmos Energy,ATMOS ENERGY CORPORATION PAC,25000,2017-11-13,entity_simplified
2017,RSLC,Edison Electric Institute,Edison Electric Institute,EDISON ELECTRIC INSTITUTE,25000,2017-03-24,entity_exact
2017,RSLC,Fortis,ITC Holdings,ITC HOLDINGS CORP,25000,2017-02-07,entity_exact
2017,RSLC,Public Service Enterprise Group,PSEG Services Corp,PSEG SERVICES CORPORATION,25000,2017-07-05,entity_simplified
2017,RSLC,Dominion Energy,SCANA Services,SCANA SERVICES INC.,25000,2017-05-02,entity_simplified
2017,RSLC,Alliant Energy,Wisconsin Power and Light,WISCONSIN POWER AND LIGHT CO.,25000,2017-09-13,entity_simplified
2017,DGA,American Gas Association,American Gas Association,AMERICAN GAS ASSOCIATION,20000,2017-01-12,entity_exact
2017,DGA,Edison Electric Institute,Edison Electric Institute,EDISON ELECTRIC INSTITUTE,20000,2017-11-08,entity_exact
2017,RAGA,Nuclear Energy Institute,Nuclear Energy Institute,NUCLEAR ENERGY INSTITUTE,20000,2017-05-01,entity_exact
2017,RGA,American Gas Association,American Gas Association,AMERICAN GAS ASSOCIATION,20000,2017-02-09,entity_exact
2017,RSLC,Dominion Energy,Dominion Energy Services,"DOMINION ENERGY SERVICES, INC.",20000,2017-09-29,entity_simplified
2017,RSLC,NextEra,NextEra,NEXTERA ENERGY RESOURCES LLC,20000,2017-01-12,entity_word_boundary
2017,DAGA,Alliant Energy,Alliant Energy,ALLIANT ENERGY,15000,2017-07-31,entity_exact
2017,DAGA,Dominion Energy,Dominion Energy,DOMINION ENERGY,15000,2017-06-21,entity_exact
2017,DAGA,Nuclear Energy Institute,Nuclear Energy Institute,NUCLEAR ENERGY INSTITUTE NEI,15000,2017-04-26,entity_simplified
2017,RAGA,American Electric Power,American Electric Power,AMERICAN ELECTRIC POWER SERVICE CORPORATION,15000,2017-05-05,entity_simplified
2017,RAGA,American Gas Association,American Gas Association,AMERICAN GAS ASSOCIATION,15000,2017-01-24,entity_exact
2017,RAGA,CenterPoint Energy,CenterPoint Energy,CENTERPOINT ENERGY,15000,2017-08-01,entity_exact
2017,RAGA,Berkshire Hathaway Energy,NV Energy,NV ENERGY,15000,2017-01-31,entity_exact
2017,RAGA,Berkshire Hathaway Energy,NV Energy,NV ENERGY,15000,2017-11-03,entity_exact
2017,RAGA,Vistra Energy,Vistra Corporate Services,VISTRA CORPORATE SERVICES COMPANY,15000,2017-03-07,entity_simplified
2017,RAGA,Alliant Energy,Wisconsin Power and Light,WISCONSIN POWER AND LIGHT COMPANY,15000,2017-06-09,entity_simplified
2017,RGA,Ameren,Ameren,AMEREN CORP,15000,2017-05-23,entity_word_boundary
2017,RGA,FirstEnergy,FirstEnergy,FIRSTENERGY,15000,2017-05-19,entity_exact
2017,RGA,NRG Energy,NRG Energy,"NRG ENERGY, INC.",15000,2017-10-17,entity_simplified
2017,RGA,TXNM Energy,PNMR Services,PNMR SERVICES CO,15000,2017-04-19,entity_simplified
2017,RSLC,Exelon,Exelon,"EXELON GENERATION COMPANY, LLC",15000,2017-12-19,entity_word_boundary
2017,RSLC,Duke Energy,Piedmont Natural Gas,PIEDMONT NATURAL GAS CO.,15000,2017-05-31,entity_simplified
2017,DLCC,Xcel Energy,Xcel Energy,XCEL ENERGY,12500,2017-02-15,entity_exact
2017,DLCC,Xcel Energy,Xcel Energy,XCEL ENERGY,12500,2017-03-29,entity_exact
2017,RSLC,Xcel Energy,Xcel Energy Services,XCEL ENERGY SERVICES INC.,12500,2017-02-15,entity_simplified
2017,RGA,NextEra,NextEra,NEXTERA ENERGY RESOURCES LLC-IN-KIND,12413,2017-05-17,entity_word_boundary
2017,RSLC,CenterPoint Energy,CenterPoint Energy Service,"CENTERPOINT ENERGY SERVICE COMPANY, LLC",12000,2017-08-25,entity_simplified
2017,RSLC,Vistra Energy,Vistra Corporate Services,"VISTRA CORPORATE SERVICES COMPANY, AS AGENT",12000,2017-06-06,entity_simplified
2017,DGA,American Gas Association,American Gas Association,AMERICAN GAS ASSOCIATION,10000,2017-11-01,entity_exact
2017,DGA,Cleco Corporate,Cleco Corporate,CLECO CORPORATE HOLDINGS LLC,10000,2017-12-08,entity_simplified
2017,DGA,Vistra Energy,Dynegy,DYNEGY ADMINISTRATIVE SVC,10000,2017-11-15,entity_word_boundary
2017,DGA,Entergy,Entergy,ENTERGY,10000,2017-12-18,entity_word_boundary
2017,DGA,NextEra,NextEra,NEXTERA ENERGY RESOURCES,10000,2017-09-28,entity_word_boundary
2017,DGA,NextEra,NextEra,NEXTERA ENERGY RESOURCES,10000,2017-11-07,entity_word_boundary
2017,DGA,Public Service Enterprise Group,PSEG,PSEG SERVICES,10000,2017-11-20,entity_word_boundary
2017,DGA,Puget Sound Energy,Puget Sound Energy,PUGET SOUND ENERGY,10000,2017-03-28,entity_exact
2017,DLCC,TXNM Energy,PNM Resources,PNM RESOURCES,10000,2017-10-27,entity_exact
2017,GOPAC,American Gas Association,American Gas Association,AMERICAN GAS ASSOCIATION,10000,2017-01-03,entity_exact
2017,GOPAC,American Gas Association,American Gas Association,AMERICAN GAS ASSOCIATION,10000,2017-01-19,entity_exact
2017,GOPAC,FirstEnergy,FirstEnergy,FIRSTENERGY,10000,2017-03-13,entity_exact
2017,RAGA,Berkshire Hathaway Energy,NV Energy,NV ENERGY,10000,2017-01-03,entity_exact
2017,RGA,Alliant Energy,Alliant Energy,ALLIANT ENERGY CORP. SERVICES INC.,10000,2017-09-05,entity_simplified
2017,RGA,Alliant Energy,Alliant Energy,ALLIANT ENERGY CORP. SERVICES INC.,10000,2017-09-19,entity_simplified
2017,RGA,Ameren,Ameren,AMEREN CORP,10000,2017-01-25,entity_word_boundary
2017,RGA,American Gas Association,American Gas Association,AMERICAN GAS ASSOCIATION,10000,2017-11-10,entity_exact
2017,RGA,Berkshire Hathaway Energy,Berkshire Hathaway Energy,BERKSHIRE HATHAWAY ENERGY PAC,10000,2017-01-18,entity_simplified
2017,RGA,Dominion Energy,Dominion Resources,DOMINION RESOURCES SERVICES INC,10000,2017-01-25,entity_simplified
2017,RGA,Entergy,Entergy,ENTERGY,10000,2017-12-19,entity_word_boundary
2017,RGA,NextEra,NextEra,NEXTERA ENERGY RESOURCES LLC,10000,2017-01-18,entity_word_boundary
2017,RGA,NRG Energy,NRG Energy,NRG ENERGY INC,10000,2017-06-08,entity_simplified
2017,RGA,Sempra Energy,Oncor Electric Delivery Company LLC,ONCOR ELECTRIC DELIVERY COMPANY LLC,10000,2017-12-05,entity_exact
2017,RGA,Public Service Enterprise Group,PSEG Services Corp,PSEG SERVICES CORP,10000,2017-05-31,entity_exact
2017,RGA,Salt River Project,Salt River Project,SALT RIVER PROJECT,10000,2017-02-07,entity_exact
2017,RGA,Alta Gas,Washington Gas,WASHINGTON GAS,10000,2017-05-17,entity_exact
2017,RSLC,Atmos Energy,Atmos Energy,ATMOS ENERGY CORPORATION PAC,10000,2017-11-13,entity_simplified
2017,RSLC,Dominion Energy,Dominion Energy Services,"DOMINION ENERGY SERVICES, INC.",10000,2017-09-05,entity_simplified
2017,RSLC,Dominion Energy,Dominion Resources,"DOMINION RESOURCES SERVICES, INC.",10000,2017-04-05,entity_simplified
2017,RSLC,Exelon,Exelon,"EXELON GENERATION COMPANY, LLC",10000,2017-09-15,entity_word_boundary
2017,RSLC,Exelon,Exelon,"EXELON GENERATION COMPANY, LLC",10000,2017-12-19,entity_word_boundary
2017,RSLC,Xcel Energy,Xcel Energy Services,XCEL ENERGY SERVICES INC.,7500,2017-04-17,entity_simplified
2017,RGA,NextEra,NextEra,NEXTERA ENERGY RESOURCES LLC-IN-KIND,7226,2017-08-10,entity_word_boundary
2017,RGA,Southern Company,Southern Company,SOUTHERN COMPANY-IN-KIND,5769,2017-01-12,entity_simplified
2017,RGA,Edison Electric Institute,Edison Electric Institute,EDISON ELECTRIC INSTITUTE-IN-KIND,5069,2017-01-10,entity_simplified
2017,DGA,Eversource,Eversource Energy Service,EVERSOURCE ENERGY SERVICE COMPANY,5000,2017-11-15,entity_simplified
2017,DGA,PG&E Corp,PG&E Corporation,PG E CORPORATION EMPLOYEES ENERGYPAC,5000,2017-09-25,entity_simplified
2017,DLCC,DTE Energy,DTE Energy,DTE ENERGY,5000,2017-12-20,entity_exact
2017,DLCC,Edison Electric Institute,Edison Electric Institute,EDISON ELECTRIC INSTITUTE,5000,2017-07-14,entity_exact
2017,DLCC,Nuclear Energy Institute,Nuclear Energy Institute,NUCLEAR ENERGY INSTITUTE,5000,2017-05-10,entity_exact
2017,DLCC,Xcel Energy,Xcel Energy,XCEL ENERGY,5000,2017-07-19,entity_exact
2017,GOPAC,American Gas Association,American Gas Association,AMERICAN GAS ASSOCIATION,5000,2017-03-15,entity_exact
2017,RAGA,Southern Company,Southern Company Services,"SOUTHERN COMPANY SERVICES, INC.",5000,2017-08-24,entity_simplified
2017,RGA,Avangrid,Avangrid PAC,AVANGRID PAC,5000,2017-01-10,entity_exact
2017,RGA,NextEra,NextEra,NEXTERA ENERGY RESOURCES LLC,5000,2017-08-30,entity_word_boundary
2017,RGA,NextEra,NextEra,NEXTERA ENERGY RESOURCES LLC,5000,2017-10-31,entity_word_boundary
2017,RGA,PG&E Corp,Pacific Gas & Electric,PGANDE CORP EMPLOYEES ENERGY PAC,5000,2017-02-22,entity_word_boundary
2017,RGA,TXNM Energy,PNMR Services,PNMR SERVICES CO,5000,2017-03-06,entity_simplified
2017,RGA,Public Service Enterprise Group,PSEG Services Corp,PSEG SERVICES CORP,5000,2017-02-14,entity_exact
2017,RGA,Salt River Project,Salt River Project,SALT RIVER PROJECT,5000,2017-04-07,entity_exact
2017,RGA,Emera,TEPAC,TEPAC,5000,2017-01-25,entity_word_boundary
2017,RGA,Fortis,UniSource Energy,UNISOURCE ENERGY CORPORATION,5000,2017-07-18,entity_simplified
2017,RGA,CenterPoint Energy,Vectren,VECTREN CORPORATION EMPLOYEES FEDERAL PAC,5000,2017-10-31,entity_word_boundary
2017,RGA,CenterPoint Energy,Vectren,VECTREN CORPORATION EMPLOYEES FEDERAL PAC,5000,2017-12-21,entity_word_boundary
2017,RSLC,Pinnacle West Capital,APS,APS,5000,2017-05-16,entity_word_boundary
2017,RSLC,Xcel Energy,Xcel Energy Services,XCEL ENERGY SERVICES INC.,5000,2017-04-17,entity_simplified
2017,DGA,FirstEnergy,FirstEnergy,FIRSTENERGY CORPORATION,2500,2017-10-17,entity_simplified
2017,DLCC,CMS Energy,Consumers Energy,CONSUMERS ENERGY COMPANY,2500,2017-11-22,entity_simplified
2017,RSLC,American Electric Power,American Electric Power,THE AMERICAN ELECTRIC POWER COMPANY - VIRGINIA COM,2500,2017-10-11,entity_simplified
2017,DGA,Nuclear Energy Institute,Nuclear Energy Institute,NUCLEAR ENERGY INSTITUTE IN-KIND,2337,2017-04-21,entity_simplified
2017,DLCC,TXNM Energy,PNM Resources,PNM RESOURCES,2000,2017-12-28,entity_exact
2017,RGA,NextEra,NextEra,NEXTERA ENERGY RESOURCES LLC,2000,2017-05-09,entity_word_boundary
2017,DGA,Spire,Spire,SPIRE GROUP P.C.,1700,2017-10-17,entity_word_boundary
2017,DLCC,Nuclear Energy Institute,Nuclear Energy Institute,NUCLEAR ENERGY INSTITUTE,1500,2017-05-10,entity_exact
2017,RSLC,Southern Company,Georgia Power,GEORGIA POWER COMPANY,1500,2017-10-16,entity_simplified
2017,DGA,Edison Electric Institute,Edison Electric Institute,EDISON ELECTRIC INSTITUTE IN-KIND,1427,2017-02-21,entity_simplified
2017,RGA,Northwestern Energy,Northwestern Energy Employees PAC,NORTHWESTERN ENERGY EMPLOYEES PAC,1000,2017-02-17,entity_exact
2017,RSLC,NextEra,NextEra,NEXTERA ENERGY RESOURCES LLC,729,2017-06-26,entity_word_boundary
2017,RSLC,Fortis,ITC Holdings,ITC HOLDINGS CORP,720,2017-04-28,entity_exact
2017,RSLC,Nuclear Energy Institute,Nuclear Energy Institute,NUCLEAR ENERGY INSTITUTE,650,2017-05-30,entity_exact
2017,RSLC,Fortis,ITC Holdings,ITC HOLDINGS CORP,598,2017-09-28,entity_exact
2017,RAGA,Alliant Energy,Alliant Energy,ALLIANT ENERGY CORPORATION SERVICES INC,525,2017-05-16,entity_simplified
2017,DGA,Edison Electric Institute,Edison Electric Institute,EDISON ELECTRIC INSTITUTE,500,2017-08-07,entity_exact
2017,RSLC,NextEra,NextEra,NEXTERA ENERGY RESOURCES LLC,499,2017-08-30,entity_word_boundary
2017,RGA,AES Corporation,AES Corporation,AES CORPORATION,450,2017-09-26,entity_exact
2017,RGA,Alliant Energy,Alliant Energy,ALLIANT ENERGY CORP. SERVICES INC.,450,2017-10-06,entity_simplified
2017,RGA,American Gas Association,American Gas Association,AMERICAN GAS ASSOCIATION,450,2017-10-26,entity_exact
2017,RGA,Berkshire Hathaway Energy,Berkshire Hathaway Energy,BERKSHIRE HATHAWAY ENERGY,450,2017-10-23,entity_exact
2017,RGA,Dominion Energy,Dominion Resources,"DOMINION RESOURCES SERVICES, INC.",450,2017-09-25,entity_simplified
2017,RGA,Eversource,Eversource Energy Service,EVERSOURCE ENERGY SERVICE CO.,450,2017-11-14,entity_simplified
2017,RGA,Fortis,ITC Holdings,"ITC HOLDINGS, INC.",450,2017-10-24,entity_simplified
2017,RGA,Fortis,ITC Holdings,"ITC HOLDINGS, INC.",450,2017-10-25,entity_simplified
2017,RGA,Fortis,ITC Holdings,"ITC HOLDINGS, INC.",450,2017-11-14,entity_simplified
2017,RGA,Fortis,ITC Holdings,"ITC HOLDINGS, INC.",450,2017-11-14,entity_simplified
2017,RGA,NRG Energy,NRG Energy,"NRG ENERGY, INC.",450,2017-09-26,entity_simplified
2017,RGA,NRG Energy,NRG Energy,"NRG ENERGY, INC.",450,2017-09-28,entity_simplified
2017,RGA,Nuclear Energy Institute,Nuclear Energy Institute,NUCLEAR ENERGY INSTITUTE,450,2017-10-04,entity_exact
2017,RGA,Xcel Energy,Xcel Energy Services,XCEL ENERGY SERVICES INC.,450,2017-09-22,entity_simplified
2017,RGA,Xcel Energy,Xcel Energy Services,XCEL ENERGY SERVICES INC.,450,2017-10-12,entity_simplified
2017,RGA,Xcel Energy,Xcel Energy Services,XCEL ENERGY SERVICES INC.,450,2017-11-17,entity_simplified
2017,RSLC,Alliant Energy,Alliant Energy,ALLIANT ENERGY CORPORATION SERVICES INC,389,2017-06-26,entity_simplified
2017,DGA,American Gas Association,American Gas Association,AMERICAN GAS ASSOCIATION,350,2017-11-01,entity_exact
2017,DGA,American Gas Association,American Gas Association,AMERICAN GAS ASSOCIATION,350,2017-12-14,entity_exact
2017,DGA,Vistra Energy,Dynegy,DYNEGY ADMINISTRATIVE SVC,350,2017-12-14,entity_word_boundary
2017,DGA,NRG Energy,NRG Energy,NRG ENERGY INC.,350,2017-11-01,entity_simplified
2017,RAGA,Alliant Energy,Alliant Energy,ALLIANT ENERGY CORPORATION SERVICES INC,350,2017-01-24,entity_simplified
2017,RAGA,Pinnacle West Capital,Arizona Public Service,ARIZONA PUBLIC SERVICE COMPANY,350,2017-02-21,entity_simplified
2017,RSLC,Dominion Energy,Dominion Resources,"DOMINION RESOURCES SERVICES, INC.",325,2017-05-30,entity_simplified
2017,RAGA,NextEra,NextEra,NEXTERA ENERGY RESOURCES LLC,300,2017-10-06,entity_word_boundary
2017,RAGA,NextEra,NextEra,NEXTERA ENERGY RESOURCES LLC,300,2017-10-10,entity_word_boundary
2017,RSLC,PPL Corporation,Louisville Gas and Electric Company,LOUISVILLE GAS AND ELECTRIC AND KENTUCKY UTILITIES,299,2017-10-27,entity_simplified
2017,RSLC,NextEra,NextEra,NEXTERA ENERGY RESOURCES LLC,279,2017-12-27,entity_word_boundary
2017,RSLC,Xcel Energy,Xcel Energy Services,XCEL ENERGY SERVICES INC.,279,2017-12-27,entity_simplified
2017,RAGA,Southern Company,Southern Company Services,"SOUTHERN COMPANY SERVICES, INC.",250,2017-07-13,entity_simplified
2017,DAGA,NextEra,NextEra,NEXTERA ENERGY,150,2017-03-09,entity_word_boundary
2017,DAGA,NextEra,NextEra,NEXTERA ENERGY,150,2017-03-09,entity_word_boundary
2017,DAGA,NextEra,NextEra,NEXTERA ENERGY,150,2017-03-09,entity_word_boundary
2017,DAGA,Nuclear Energy Institute,Nuclear Energy Institute,NUCLEAR ENERGY INSTITUTE NEI,150,2017-02-16,entity_simplified
2017,RSLC,Nuclear Energy Institute,Nuclear Energy Institute,NUCLEAR ENERGY INSTITUTE,100,2017-03-31,entity_exact
2017,RSLC,Vistra Energy,Vistra Corporate Services,"VISTRA CORPORATE SERVICES COMPANY, AS AGENT",100,2017-03-01,entity_simplified
2017,RSLC,Nuclear Energy Institute,Nuclear Energy Institute,NUCLEAR ENERGY INSTITUTE,40,2017-08-30,entity_exact
2016,DGA,Duke Energy,Duke Energy,DUKE ENERGY CORPORATION,250000,2016-01-27,entity_simplified
2016,RGA,Duke Energy,Duke Energy,DUKE ENERGY PROGRESS,250000,2016-01-27,entity_simplified
2016,RGA,NextEra,Florida Power & Light,FLORIDA POWER AND LIGHT COMPANY,250000,2016-03-09,entity_simplified
2016,DGA,Eversource,Eversource Energy Service,EVERSOURCE ENERGY SERVICE COMPANY,100000,2016-07-06,entity_simplified
2016,DGA,Exelon,Exelon Business Services,EXELON BUSINESS SERVICES,100000,2016-06-17,entity_exact
2016,DGA,Nuclear Energy Institute,Nuclear Energy Institute,NUCLEAR ENERGY INSTITUTE,100000,2016-03-03,entity_exact
2016,DGA,Xcel Energy,Xcel Energy,XCEL ENERGY,100000,2016-02-18,entity_exact
2016,RGA,Alliant Energy,Alliant Energy,ALLIANT ENERGY CORP.,100000,2016-11-28,entity_simplified
2016,RGA,Fortis,ITC Holdings,ITC HOLDINGS CORP,100000,2016-10-17,entity_exact
2016,RGA,Nuclear Energy Institute,Nuclear Energy Institute,NUCLEAR ENERGY INSTITUTE,100000,2016-02-25,entity_exact
2016,RGA,Southern Company,Southern Company,SOUTHERN COMPANY,100000,2016-06-24,entity_exact
2016,RGA,Xcel Energy,Xcel Energy,XCEL ENERGY,100000,2016-01-06,entity_exact
2016,RSLC,NextEra,NextEra,NEXTERA ENERGY RESOURCES LLC,87500,2016-10-10,entity_word_boundary
2016,DGA,Dominion Energy,Dominion Resources,DOMINION RESOURCES,60000,2016-05-10,entity_exact
2016,DGA,Edison Electric Institute,Edison Electric Institute,EDISON ELECTRIC INSTITUTE,50000,2016-06-14,entity_exact
2016,DGA,Edison Electric Institute,Edison Electric Institute,EDISON ELECTRIC INSTITUTE,50000,2016-06-21,entity_exact
2016,DGA,Entergy,Entergy,ENTERGY,50000,2016-11-29,entity_word_boundary
2016,DGA,FirstEnergy,FirstEnergy,FIRSTENERGY CORPORATION,50000,2016-09-27,entity_simplified
2016,DGA,Southern Company,Southern Company Services,"SOUTHERN COMPANY SERVICES, INC.",50000,2016-06-23,entity_simplified
2016,DLCC,Nuclear Energy Institute,Nuclear Energy Institute,NUCLEAR ENERGY INSTITUTE,50000,2016-03-24,entity_exact
2016,RAGA,NextEra,NextEra,NEXTERA ENERGY RESOURCES LLC,50000,2016-10-17,entity_word_boundary
2016,RAGA,Southern Company,Southern Company Services,"SOUTHERN COMPANY SERVICES, INC.",50000,2016-06-29,entity_simplified
2016,RGA,Southern Company,AGL,AGL RESOURCES,50000,2016-01-15,entity_word_boundary
2016,RGA,Dominion Energy,Dominion Resources,"DOMINION RESOURCES SERVICES, INC.",50000,2016-04-29,entity_simplified
2016,RGA,DTE Energy,DTE Energy,DTE ENERGY CORP SVCS LLC,50000,2016-08-16,entity_simplified
2016,RGA,Edison Electric Institute,Edison Electric Institute,EDISON ELECTRIC INSTITUTE,50000,2016-04-07,entity_exact
2016,RGA,Edison Electric Institute,Edison Electric Institute,EDISON ELECTRIC INSTITUTE,50000,2016-12-22,entity_exact
2016,RGA,Entergy,Entergy,ENTERGY,50000,2016-09-22,entity_word_boundary
2016,RGA,Pinnacle West Capital,Pinnacle West,PINNACLE WEST CAPITAL CORPORATION,50000,2016-08-18,entity_simplified
2016,RSLC,Nuclear Energy Institute,Nuclear Energy Institute,NUCLEAR ENERGY INSTITUTE,50000,2016-03-14,entity_exact
2016,RSLC,Alliant Energy,Wisconsin Power and Light,WISCONSIN POWER AND LIGHT CO.,50000,2016-10-04,entity_simplified
2016,RSLC,Alliant Energy,Wisconsin Power and Light,WISCONSIN POWER AND LIGHT CO.,45000,2016-10-04,entity_simplified
2016,RGA,Duke Energy,Duke Energy,DUKE ENERGY CORPORATION,40000,2016-07-06,entity_simplified
2016,RGA,Eversource,Eversource Energy Service,EVERSOURCE ENERGY SERVICE CO,40000,2016-12-06,entity_simplified
2016,DGA,Southern Company,Southern Company Services,"SOUTHERN COMPANY SERVICES, INC.",35000,2016-01-05,entity_simplified
2016,RAGA,Southern Company,Southern Company Services,"SOUTHERN COMPANY SERVICES, INC.",35000,2016-11-17,entity_simplified
2016,RSLC,Edison Electric Institute,Edison Electric Institute,EDISON ELECTRIC INSTITUTE,35000,2016-04-12,entity_exact
2016,RSLC,FirstEnergy,FirstEnergy,FIRSTENERGY CORP.,30000,2016-03-10,entity_simplified
2016,DAGA,Edison Electric Institute,Edison Electric Institute,EDISON ELECTRIC INSTITUTE,25000,2016-04-21,entity_exact
2016,DGA,AES Corporation,AES Corporation,AES CORPORATION,25000,2016-06-01,entity_exact
2016,DGA,American Electric Power,American Electric Power,AMERICAN ELECTRIC POWER,25000,2016-07-18,entity_exact
2016,DLCC,Alliant Energy,Alliant Energy,ALLIANT ENERGY CORPORATION,25000,2016-12-21,entity_simplified
2016,DLCC,Dominion Energy,Dominion Resources,"DOMINION RESOURCES, INC.",25000,2016-06-20,entity_simplified
2016,DLCC,Fortis,ITC Holdings,ITC HOLDINGS CORP,25000,2016-05-24,entity_exact
2016,GOPAC,Dominion Energy,Dominion Resources,DOMINION RESOURCES SERVICES INC.,25000,2016-09-02,entity_simplified
2016,GOPAC,Duke Energy,Duke Energy,DUKE ENERGY,25000,2016-12-05,entity_exact
2016,GOPAC,Fortis,ITC Holdings,ITC HOLDINGS CORP,25000,2016-02-08,entity_exact
2016,RAGA,CenterPoint Energy,CenterPoint Energy,CENTERPOINT ENERGY,25000,2016-02-18,entity_exact
2016,RAGA,DTE Energy,DTE Energy,DTE ENERGY CORPORATION SERVICES LLC,25000,2016-04-08,entity_simplified
2016,RAGA,Edison Electric Institute,Edison Electric Institute,EDISON ELECTRIC INSTITUTE,25000,2016-04-07,entity_exact
2016,RAGA,Vistra Energy,Energy Future Holdings Corp,ENERGY FUTURE HOLDINGS CORPORATE SERVICES COMPANY,25000,2016-03-02,entity_simplified
2016,RAGA,Berkshire Hathaway Energy,NV Energy,NV ENERGY,25000,2016-01-08,entity_exact
2016,RGA,American Electric Power,AEP Service Corporation,AEP SERVICE CORPORATION,25000,2016-07-14,entity_exact
2016,RGA,AES Corporation,AES Corporation,AES,25000,2016-09-12,entity_word_boundary
2016,RGA,CenterPoint Energy,CenterPoint Energy Service,"CENTERPOINT ENERGY SERVICE COMPANY, LLC",25000,2016-04-12,entity_simplified
2016,RGA,Duke Energy,Duke Energy,DUKE ENERGY PROGRESS,25000,2016-01-27,entity_simplified
2016,RGA,FirstEnergy,FirstEnergy,FIRSTENERGY,25000,2016-04-14,entity_exact
2016,RGA,Pinnacle West Capital,Pinnacle West,PINNACLE WEST CAPITAL CORPORATION,25000,2016-02-09,entity_simplified
2016,RGA,TXNM Energy,PNMR Services,PNMR SERVICES CO.,25000,2016-03-15,entity_simplified
2016,RSLC,Atmos Energy,Atmos Energy,ATMOS ENERGY CORPORATION PAC,25000,2016-08-24,entity_simplified
2016,RSLC,CenterPoint Energy,CenterPoint Energy Service,"CENTERPOINT ENERGY SERVICE COMPANY, LLC",25000,2016-02-18,entity_simplified
2016,RSLC,Dominion Energy,Dominion Resources,"DOMINION RESOURCES SERVICES, INC.",25000,2016-06-22,entity_simplified
2016,RSLC,Vistra Energy,Energy Future Holdings Corp,ENERGY FUTURE HOLDINGS CORPORATE SERVICES COMPANY,25000,2016-03-15,entity_simplified
2016,RSLC,Exelon,Exelon,"EXELON GENERATION COMPANY, LLC",25000,2016-12-06,entity_word_boundary
2016,RSLC,Fortis,ITC Holdings,ITC HOLDINGS CORP,25000,2016-05-18,entity_exact
2016,RSLC,Public Service Enterprise Group,PSEG Services Corp,PSEG SERVICES CORPORATION,25000,2016-01-29,entity_simplified
2016,RSLC,Southern Company,Southern Company Services,"SOUTHERN COMPANY SERVICES, INC.",25000,2016-03-28,entity_simplified
2016,RSLC,Southern Company,Southern Company Services,"SOUTHERN COMPANY SERVICES, INC.",25000,2016-10-10,entity_simplified
2016,DGA,American Gas Association,American Gas Association,AMERICAN GAS ASSOCIATION,20000,2016-01-12,entity_exact
2016,RAGA,FirstEnergy,FirstEnergy,FIRSTENERGY CORP.,20000,2016-10-14,entity_simplified
2016,RAGA,Nuclear Energy Institute,Nuclear Energy Institute,NUCLEAR ENERGY INSTITUTE,20000,2016-04-11,entity_exact
2016,RGA,American Electric Power,AEP Service Corporation,AEP SERVICE CORPORATION,20000,2016-07-14,entity_exact
2016,RGA,American Gas Association,American Gas Association,AMERICAN GAS ASSOCIATION,20000,2016-01-28,entity_exact
2016,DAGA,Dominion Energy,Dominion Resources,"DOMINION RESOURCES SERVICES, INC.",15000,2016-04-21,entity_simplified
2016,DAGA,Nuclear Energy Institute,Nuclear Energy Institute,NUCLEAR ENERGY INSTITUTE,15000,2016-04-18,entity_exact
2016,DAGA,Southern Company,Southern Company Services,SOUTHERN COMPANY SERVICES INC,15000,2016-02-01,entity_simplified
2016,DAGA,Southern Company,Southern Company Services,"SOUTHERN COMPANY SERVICES, INC.",15000,2016-01-25,entity_simplified
2016,DGA,Edison Electric Institute,Edison Electric Institute,EDISON ELECTRIC INSTITUTE,15000,2016-04-08,entity_exact
2016,DLCC,Berkshire Hathaway Energy,MidAmerican Energy,MIDAMERICAN ENERGY,15000,2016-10-17,entity_exact
2016,RAGA,American Gas Association,American Gas Association,AMERICAN GAS ASSOCIATION,15000,2016-02-24,entity_exact
2016,RAGA,CMS Energy,Consumers Energy,CONSUMERS ENERGY COMPANY,15000,2016-07-22,entity_simplified
2016,RAGA,Entergy,Entergy,ENTERGY,15000,2016-11-16,entity_word_boundary
2016,RAGA,Alliant Energy,Wisconsin Power and Light,WISCONSIN POWER AND LIGHT COMPANY,15000,2016-08-24,entity_simplified
2016,RGA,Duke Energy,Duke Energy,DUKE ENERGY CORPORATION,15000,2016-07-06,entity_simplified
2016,RSLC,CMS Energy,Consumers Energy,CONSUMERS ENERGY COMPANY,15000,2016-05-20,entity_simplified
2016,RSLC,NextEra,Florida Power & Light,FLORIDA POWER AND LIGHT COMPANY,15000,2016-02-02,entity_simplified
2016,RSLC,Berkshire Hathaway Energy,MidAmerican Energy,MIDAMERICAN ENERGY COMPANY,15000,2016-10-17,entity_simplified
2016,DGA,Puget Sound Energy,Puget Sound Energy,PUGET SOUND ENERGY,12500,2016-01-05,entity_exact
2016,DGA,Puget Sound Energy,Puget Sound Energy,PUGET SOUND ENERGY,12500,2016-06-08,entity_exact
2016,DGA,Puget Sound Energy,Puget Sound Energy,PUGET SOUND ENERGY,12500,2016-10-24,entity_exact
2016,DLCC,Vistra Energy,Energy Future Holdings Corp,ENERGY FUTURE HOLDINGS,12500,2016-04-11,entity_simplified
2016,GOPAC,Duke Energy,Duke Energy,DUKE ENERGY,12500,2016-04-21,entity_exact
2016,DLCC,Southern Company,Southern Company Services,"SOUTHERN COMPANY SERVICES, INC",12000,2016-10-26,entity_simplified
2016,RSLC,CenterPoint Energy,CenterPoint Energy Service,"CENTERPOINT ENERGY SERVICE COMPANY, LLC",12000,2016-10-26,entity_simplified
2016,DGA,Eversource,Eversource Energy Service,EVERSOURCE ENERGY SERVICE COMPANY IN-KIND,10874,2016-04-01,entity_simplified
2016,DGA,American Gas Association,American Gas Association,AMERICAN GAS ASSOCIATION,10000,2016-11-01,entity_exact
2016,DGA,Eversource,Eversource Energy Service,EVERSOURCE ENERGY SERVICE COMPANY,10000,2016-03-01,entity_simplified
2016,DGA,NRG Energy,NRG Energy,NRG ENERGY INC.,10000,2016-12-30,entity_simplified
2016,DGA,NRG Energy,NRG Energy,NRG ENERGY INC.,10000,2016-12-30,entity_simplified
2016,DGA,Nuclear Energy Institute,Nuclear Energy Institute,NUCLEAR ENERGY INSTITUTE,10000,2016-10-31,entity_exact
2016,DGA,Public Service Enterprise Group,PSEG,PSEG SERVICES,10000,2016-01-05,entity_word_boundary
2016,DGA,Public Service Enterprise Group,PSEG,PSEG SERVICES,10000,2016-06-21,entity_word_boundary
2016,DLCC,Nuclear Energy Institute,Nuclear Energy Institute,NUCLEAR ENERGY INSTITUTE,10000,2016-03-31,entity_exact
2016,DLCC,Southern Company,Southern Company Services,"SOUTHERN COMPANY SERVICES, INC",10000,2016-01-07,entity_simplified
2016,GOPAC,American Electric Power,American Electric Power,AMERICAN ELECTRIC POWER,10000,2016-08-15,entity_exact
2016,GOPAC,American Gas Association,American Gas Association,AMERICAN GAS ASSOCIATION,10000,2016-01-07,entity_exact
2016,GOPAC,American Gas Association,American Gas Association,AMERICAN GAS ASSOCIATION,10000,2016-01-21,entity_exact
2016,RAGA,Sempra Energy,Oncor Electric Delivery Company LLC,ONCOR ELECTRIC DELIVERY COMPANY LLC,10000,2016-11-16,entity_exact
2016,RAGA,Xcel Energy,Xcel Energy Services,XCEL ENERGY SERVICES INC.,10000,2016-07-07,entity_simplified
2016,RGA,American Gas Association,American Gas Association,AMERICAN GAS ASSOCIATION,10000,2016-11-21,entity_exact
2016,RGA,Evergy,Kansas City Power & Light,KANSAS CITY POWER AND LIGHT,10000,2016-09-30,entity_exact
2016,RGA,NRG Energy,NRG Energy,NRG ENERGY INC.,10000,2016-05-11,entity_simplified
2016,RGA,NRG Energy,NRG Energy,NRG ENERGY INC.,10000,2016-10-17,entity_simplified
2016,RGA,Duke Energy,Piedmont Natural Gas,PIEDMONT NATURAL GAS COMPANY,10000,2016-04-22,entity_simplified
2016,RGA,CenterPoint Energy,Vectren,VECTREN CORP EMPLOYEES FEDERAL PAC,10000,2016-12-09,entity_word_boundary
2016,RGA,Alta Gas,Washington Gas,WASHINGTON GAS,10000,2016-04-01,entity_exact
2016,RSLC,Atmos Energy,Atmos Energy,ATMOS ENERGY CORPORATION PAC,10000,2016-03-31,entity_simplified
2016,RSLC,CenterPoint Energy,CenterPoint Energy Service,"CENTERPOINT ENERGY SERVICE COMPANY, LLC",10000,2016-05-03,entity_simplified
2016,RSLC,CMS Energy,Consumers Energy,CONSUMERS ENERGY COMPANY,10000,2016-10-27,entity_simplified
2016,RSLC,Dominion Energy,Dominion Resources,"DOMINION RESOURCES SERVICES, INC.",10000,2016-09-07,entity_simplified
2016,RSLC,Edison Electric Institute,Edison Electric Institute,EDISON ELECTRIC INSTITUTE,10000,2016-10-21,entity_exact
2016,RSLC,Vistra Energy,Energy Future Holdings Corp,ENERGY FUTURE HOLDINGS CORPORATE SERVICES COMPANY,10000,2016-03-02,entity_simplified
2016,RSLC,NextEra,NextEra,NEXTERA ENERGY RESOURCES LLC,10000,2016-03-23,entity_word_boundary
2016,RSLC,NextEra,NextEra,NEXTERA ENERGY RESOURCES LLC,10000,2016-03-24,entity_word_boundary
2016,RSLC,NRG Energy,NRG Energy,NRG ENERGY INC.,10000,2016-03-17,entity_simplified
2016,RSLC,Nuclear Energy Institute,Nuclear Energy Institute,NUCLEAR ENERGY INSTITUTE,10000,2016-08-19,entity_exact
2016,RSLC,Nuclear Energy Institute,Nuclear Energy Institute,NUCLEAR ENERGY INSTITUTE,10000,2016-10-20,entity_exact
2016,RSLC,Puget Sound Energy,Puget Sound Energy,PUGET SOUND ENERGY,10000,2016-10-18,entity_exact
2016,RSLC,Vistra Energy,Vistra Corporate Services,"VISTRA CORPORATE SERVICES COMPANY, AS AGENT",10000,2016-12-12,entity_simplified
2016,GOPAC,Duke Energy,Duke Energy,DUKE ENERGY,7500,2016-03-21,entity_exact
2016,RGA,American Gas Association,American Gas Association,AMERICAN GAS ASSOCIATION-IN-KIND,6500,2016-10-24,entity_simplified
2016,DGA,American Electric Power,American Electric Power,AMERICAN ELECTRIC POWER,5000,2016-07-18,entity_exact
2016,GOPAC,American Electric Power,American Electric Power,AMERICAN ELECTRIC POWER,5000,2016-12-08,entity_exact
2016,GOPAC,American Gas Association,American Gas Association,AMERICAN GAS ASSOCIATION,5000,2016-05-31,entity_exact
2016,GOPAC,Duke Energy,Duke Energy,DUKE ENERGY,5000,2016-03-21,entity_exact
2016,RAGA,Salt River Project,Salt River Project,SALT RIVER PROJECT,5000,2016-04-04,entity_exact
2016,RGA,NRG Energy,NRG Energy,NRG ENERGY INC.,5000,2016-12-06,entity_simplified
2016,RSLC,Vistra Energy,Energy Future Holdings Corp,ENERGY FUTURE HOLDINGS CORPORATE SERVICES COMPANY,5000,2016-04-20,entity_simplified
2016,RSLC,NextEra,NextEra,NEXTERA ENERGY RESOURCES LLC,5000,2016-03-23,entity_word_boundary
2016,RSLC,Sempra Energy,Oncor Electric Delivery Company LLC,ONCOR ELECTRIC DELIVERY COMPANY LLC,5000,2016-05-13,entity_exact
2016,RSLC,Calpine,Calpine,CALPINE CORPORATION,4000,2016-06-13,entity_word_boundary
2016,RGA,Southern Company,Southern Company,SOUTHERN COMPANY -IN-KIND,3529,2016-07-19,entity_simplified
2016,RSLC,Southern Company,Georgia Power,GEORGIA POWER COMPANY,3000,2016-09-07,entity_simplified
2016,DLCC,PPL Corporation,PPL People for Good Government,PPL PEOPLE FOR GOOD GOVERNMENT,2500,2016-09-21,entity_exact
2016,RSLC,Berkshire Hathaway Energy,Nevada Power Company,NEVADA POWER COMPANY DBA NV ENERGY,2500,2016-05-25,entity_simplified
2016,RSLC,Berkshire Hathaway Energy,Nevada Power Company,NEVADA POWER COMPANY DBA NV ENERGY,2500,2016-10-07,entity_simplified
2016,RSLC,Sempra Energy,Oncor Electric Delivery Company LLC,ONCOR ELECTRIC DELIVERY COMPANY LLC,2500,2016-05-19,entity_exact
2016,DGA,Eversource,Eversource Energy Service,EVERSOURCE ENERGY SERVICE COMPANY,2203,2016-06-28,entity_simplified
2016,RGA,NextEra,NextEra,NEXTERA ENERGY RESOURCES LLC,2000,2016-05-03,entity_word_boundary
2016,RGA,NextEra,NextEra,NEXTERA ENERGY RESOURCES LLC,1250,2016-11-07,entity_word_boundary
2016,GOPAC,FirstEnergy,FirstEnergy,FIRSTENERGY CORP. POLITICAL ACTION COMMITTEE,1000,2016-01-07,entity_simplified
2016,RSLC,Fortis,ITC Holdings,ITC HOLDINGS CORP,1000,2016-06-14,entity_exact
2016,RGA,Fortis,ITC Holdings,ITC HOLDINGS CORP,900,2016-10-28,entity_exact
2016,RSLC,Duke Energy,Duke Energy,DUKE ENERGY,800,2016-09-01,entity_exact
2016,RSLC,Southern Company,Mississippi Power,MISSISSIPPI POWER COMPANY,800,2016-06-30,entity_simplified
2016,RSLC,Southern Company,Southern Company Services,"SOUTHERN COMPANY SERVICES, INC.",800,2016-06-29,entity_simplified
2016,RSLC,Southern Company,Southern Company Services,"SOUTHERN COMPANY SERVICES, INC.",800,2016-07-07,entity_simplified
2016,RSLC,NextEra,NextEra,NEXTERA ENERGY RESOURCES LLC,750,2016-10-28,entity_word_boundary
2016,RSLC,Southern Company,Southern Company Services,"SOUTHERN COMPANY SERVICES, INC.",750,2016-10-28,entity_simplified
2016,RSLC,Atmos Energy,Atmos Energy,ATMOS ENERGY CORPORATION PAC,470,2016-05-06,entity_simplified
2016,RGA,Alliant Energy,Alliant Energy,ALLIANT ENERGY CORP.,450,2016-10-05,entity_simplified
2016,RGA,Dominion Energy,Dominion Resources,"DOMINION RESOURCES SERVICES, INC.",450,2016-10-20,entity_simplified
2016,RGA,NRG Energy,NRG Energy,NRG ENERGY INC.,450,2016-11-11,entity_simplified
2016,RGA,NRG Energy,NRG Energy,NRG ENERGY INC.,450,2016-11-11,entity_simplified
2016,RGA,NRG Energy,NRG Energy,NRG ENERGY INC.,450,2016-11-11,entity_simplified
2016,RGA,Nuclear Energy Institute,Nuclear Energy Institute,NUCLEAR ENERGY INSTITUTE,450,2016-10-04,entity_exact
2016,RGA,AES Corporation,AES Corporation,THE AES CORPORATION,450,2016-10-17,entity_simplified
2016,RGA,Xcel Energy,Xcel Energy,XCEL ENERGY,450,2016-10-22,entity_exact
2016,DLCC,Dominion Energy,Dominion Resources,"DOMINION RESOURCES, INC.",400,2016-06-08,entity_simplified
2016,DLCC,Southern Company,Southern Company Services,"SOUTHERN COMPANY SERVICES, INC",400,2016-04-21,entity_simplified
2016,RAGA,Southern Company,Georgia Power,GEORGIA POWER COMPANY,400,2016-09-12,entity_simplified
2016,RSLC,Vistra Energy,Energy Future Holdings Corp,ENERGY FUTURE HOLDINGS CORPORATE SERVICES COMPANY,400,2016-07-01,entity_simplified
2016,RSLC,Nuclear Energy Institute,Nuclear Energy Institute,NUCLEAR ENERGY INSTITUTE,400,2016-06-29,entity_exact
2016,RSLC,Vistra Energy,Energy Future Holdings Corp,ENERGY FUTURE HOLDINGS CORPORATE SERVICES COMPANY,399,2016-04-11,entity_simplified
2016,RSLC,Vistra Energy,Energy Future Holdings Corp,ENERGY FUTURE HOLDINGS CORPORATE SERVICES COMPANY,399,2016-04-11,entity_simplified
2016,DGA,AES Corporation,AES Corporation,AES CORPORATION,350,2016-12-05,entity_exact
2016,DGA,American Gas Association,American Gas Association,AMERICAN GAS ASSOCIATION,350,2016-12-05,entity_exact
2016,RAGA,American Gas Association,American Gas Association,AMERICAN GAS ASSOCIATION,350,2016-02-03,entity_exact
2016,RAGA,Edison Electric Institute,Edison Electric Institute,EDISON ELECTRIC INSTITUTE,350,2016-01-20,entity_exact
2016,RAGA,Vistra Energy,Energy Future Holdings Corp,ENERGY FUTURE HOLDINGS CORPORATE SERVICES COMPANY,350,2016-01-12,entity_simplified
2016,RAGA,NextEra,NextEra,NEXTERA ENERGY RESOURCES LLC,350,2016-06-15,entity_word_boundary
2016,RAGA,NextEra,NextEra,NEXTERA ENERGY RESOURCES LLC,325,2016-10-28,entity_word_boundary
2016,RAGA,NextEra,NextEra,NEXTERA ENERGY RESOURCES LLC,325,2016-10-28,entity_word_boundary
2016,RAGA,Sempra Energy,Oncor Electric Delivery Company LLC,ONCOR ELECTRIC DELIVERY COMPANY LLC,325,2016-10-19,entity_exact
2016,RSLC,Dominion Energy,Dominion Resources,"DOMINION RESOURCES SERVICES, INC.",325,2016-06-20,entity_simplified
2016,DLCC,Xcel Energy,Xcel Energy,XCEL ENERGY,285,2016-06-20,entity_exact
2016,DLCC,Fortis,ITC Holdings,ITC HOLDINGS CORP,250,2016-05-12,entity_exact
2016,RSLC,NextEra,NextEra,NEXTERA ENERGY RESOURCES LLC,250,2016-05-20,entity_word_boundary
2016,RSLC,Southern Company,Georgia Power,GEORGIA POWER COMPANY,235,2016-04-21,entity_simplified
2016,RSLC,NextEra,NextEra,NEXTERA ENERGY RESOURCES LLC,235,2016-03-14,entity_word_boundary
2016,RSLC,Southern Company,Southern Company Services,"SOUTHERN COMPANY SERVICES, INC.",235,2016-03-21,entity_simplified
2016,RSLC,WEC Energy,WEC Energy,WEC ENERGY GROUP INC.,235,2016-04-25,entity_simplified
2016,RSLC,Xcel Energy,Xcel Energy Services,XCEL ENERGY SERVICES INC.,235,2016-04-07,entity_simplified
2016,RAGA,Vistra Energy,Energy Future Holdings Corp,ENERGY FUTURE HOLDINGS CORPORATE SERVICES COMPANY,185,2016-05-06,entity_simplified
2016,DLCC,Xcel Energy,Xcel Energy,XCEL ENERGY,150,2016-06-21,entity_exact
2016,DLCC,Xcel Energy,Xcel Energy,XCEL ENERGY,150,2016-06-21,entity_exact
2016,DLCC,Fortis,ITC Holdings,ITC HOLDINGS CORP,35,2016-05-16,entity_exact
2015,DGA,Duke Energy,Duke Energy,DUKE ENERGY CORPORATION,200000,2015-01-09,entity_simplified
2015,RGA,NextEra,NextEra,NEXTERA ENERGY RESOURCES LLC,200000,2015-09-29,entity_word_boundary
2015,DGA,Nuclear Energy Institute,Nuclear Energy Institute,NUCLEAR ENERGY INSTITUTE,100000,2015-02-24,entity_exact
2015,RGA,Alliant Energy,Alliant Energy,ALLIANT ENERGY CORP SRVCS INC.,100000,2015-12-30,entity_simplified
2015,RGA,Fortis,ITC Holdings,ITC HOLDINGS CORP,100000,2015-11-24,entity_exact
2015,RGA,Southern Company,Southern Company Services,SOUTHERN COMPANY SERVICES INC.,100000,2015-03-12,entity_simplified
2015,RGA,Xcel Energy,Xcel Energy,"XCEL ENERGY, INC",100000,2015-06-19,entity_simplified
2015,DGA,Eversource,Eversource Energy Service,EVERSOURCE ENERGY SERVICE COMPANY,75000,2015-06-25,entity_simplified
2015,DGA,Entergy,Entergy,ENTERGY,50000,2015-11-10,entity_word_boundary
2015,DGA,Exelon,Exelon Business Services,EXELON BUSINESS SERVICES,50000,2015-06-25,entity_exact
2015,DGA,Southern Company,Southern Company Services,"SOUTHERN COMPANY SERVICES, INC.",50000,2015-06-29,entity_simplified
2015,DGA,Xcel Energy,Xcel Energy,XCEL ENERGY,50000,2015-06-19,entity_exact
2015,DGA,Xcel Energy,Xcel Energy,XCEL ENERGY,50000,2015-06-19,entity_exact
2015,DLCC,Nuclear Energy Institute,Nuclear Energy Institute,NUCLEAR ENERGY INSTITUTE,50000,2015-02-23,entity_exact
2015,RAGA,NextEra,NextEra,NEXTERA ENERGY RESOURCES LLC,50000,2015-09-30,entity_word_boundary
2015,RGA,Dominion Energy,Dominion Resources,DOMINION RESOURCES SERVICES INC,50000,2015-05-19,entity_simplified
2015,RGA,Edison Electric Institute,Edison Electric Institute,EDISON ELECTRIC INSTITUTE,50000,2015-06-09,entity_exact
2015,RGA,Entergy,Entergy,ENTERGY,50000,2015-07-31,entity_word_boundary
2015,RGA,Nuclear Energy Institute,Nuclear Energy Institute,NUCLEAR ENERGY INSTITUTE,50000,2015-02-25,entity_exact
2015,RGA,Nuclear Energy Institute,Nuclear Energy Institute,NUCLEAR ENERGY INSTITUTE,50000,2015-02-25,entity_exact
2015,RGA,Pinnacle West Capital,Pinnacle West,PINNACLE WEST CAPITAL CORPORATION,50000,2015-07-29,entity_simplified
2015,RGA,Southern Company,Southern Company Services,"SOUTHERN COMPANY SERVICES, INC.",50000,2015-12-30,entity_simplified
2015,RGA,Alliant Energy,Wisconsin Power and Light,WISCONSIN POWER AND LIGHT CO,50000,2015-12-01,entity_simplified
2015,RSLC,Nuclear Energy Institute,Nuclear Energy Institute,NUCLEAR ENERGY INSTITUTE,50000,2015-02-09,entity_exact
2015,RAGA,Southern Company,Southern Company Services,"SOUTHERN COMPANY SERVICES, INC.",35000,2015-06-15,entity_simplified
2015,DGA,FirstEnergy,FirstEnergy,FIRSTENERGY CORPORATION,30000,2015-11-10,entity_simplified
2015,DAGA,Pinnacle West Capital,Pinnacle West,PINNACLE WEST CAPITAL CORP,25000,2015-06-01,entity_simplified
2015,DGA,Duke Energy,Duke Energy,DUKE ENERGY CORPORATION,25000,2015-06-30,entity_simplified
2015,DGA,Edison Electric Institute,Edison Electric Institute,EDISON ELECTRIC INSTITUTE,25000,2015-06-09,entity_exact
2015,DGA,Edison Electric Institute,Edison Electric Institute,EDISON ELECTRIC INSTITUTE,25000,2015-06-30,entity_exact
2015,DGA,Eversource,Eversource Energy Service,EVERSOURCE ENERGY SERVICE COMPANY,25000,2015-12-08,entity_simplified
2015,DGA,Avangrid,Iberdrola USA,IBERDROLA USA INC,25000,2015-10-28,entity_simplified
2015,DGA,Xcel Energy,Xcel Energy,XCEL ENERGY,25000,2015-09-21,entity_exact
2015,DLCC,Fortis,ITC Holdings,ITC HOLDINGS PAC,25000,2015-04-27,entity_simplified
2015,DLCC,Xcel Energy,Xcel Energy,XCEL ENERGY,25000,2015-12-18,entity_exact
2015,RAGA,CenterPoint Energy,CenterPoint Energy,CENTERPOINT ENERGY,25000,2015-02-02,entity_exact
2015,RAGA,Edison Electric Institute,Edison Electric Institute,EDISON ELECTRIC INSTITUTE,25000,2015-02-05,entity_exact
2015,RAGA,Vistra Energy,Energy Future Holdings Corp,ENERGY FUTURE HOLDINGS CORPORATE SERVICES COMPANY,25000,2015-03-04,entity_simplified
2015,RAGA,Berkshire Hathaway Energy,NV Energy,NV ENERGY,25000,2015-02-03,entity_exact
2015,RGA,AES Corporation,AES Corporation,AES,25000,2015-04-15,entity_word_boundary
2015,RGA,AES Corporation,AES Corporation,AES CORPORATION,25000,2015-12-31,entity_exact
2015,RGA,CenterPoint Energy,CenterPoint Energy Service,"CENTERPOINT ENERGY SERVICE COMPANY, LLC",25000,2015-05-14,entity_simplified
2015,RGA,CMS Energy,Consumers Energy,CONSUMERS ENERGY COMPANY,25000,2015-06-05,entity_simplified
2015,RGA,FirstEnergy,FirstEnergy,FIRSTENERGY,25000,2015-09-11,entity_exact
2015,RGA,WEC Energy,Integrys,"INTEGRYS BUSINESS SUPPORT, LLC",25000,2015-04-07,entity_simplified
2015,RGA,Exelon,Pepco,PEPCO HOLDING COMPANY INC.,25000,2015-05-08,entity_word_boundary
2015,RSLC,Atmos Energy,Atmos Energy,ATMOS ENERGY CORPORATION PAC,25000,2015-10-27,entity_simplified
2015,RSLC,Dominion Energy,Dominion Resources,"DOMINION RESOURCES SERVICES, INC.",25000,2015-04-10,entity_simplified
2015,RSLC,Edison Electric Institute,Edison Electric Institute,EDISON ELECTRIC INSTITUTE,25000,2015-02-18,entity_exact
2015,RSLC,Vistra Energy,Energy Future Holdings Corp,ENERGY FUTURE HOLDINGS CORPORATE SERVICES COMPANY,25000,2015-03-23,entity_simplified
2015,RSLC,Exelon,Exelon,"EXELON GENERATION COMPANY, LLC",25000,2015-06-02,entity_word_boundary
2015,RSLC,Fortis,ITC Holdings,ITC HOLDINGS CORP,25000,2015-04-14,entity_exact
2015,RSLC,National Rural Electric Cooperative Association,National Rural Electric Cooperative Association,NATIONAL RURAL ELECTRIC COOPERATIVE ASSOCIATION,25000,2015-06-29,entity_exact
2015,RSLC,NextEra,NextEra,NEXTERA ENERGY RESOURCES LLC,25000,2015-09-22,entity_word_boundary
2015,RSLC,Southern Company,Southern Company Services,"SOUTHERN COMPANY SERVICES, INC.",25000,2015-04-07,entity_simplified
2015,RSLC,Southern Company,Southern Company Services,"SOUTHERN COMPANY SERVICES, INC.",25000,2015-06-02,entity_simplified
2015,RSLC,Alliant Energy,Wisconsin Power and Light,WISCONSIN POWER AND LIGHT CO.,25000,2015-11-30,entity_simplified
2015,RSLC,Xcel Energy,Xcel Energy Services,XCEL ENERGY SERVICES INC.,25000,2015-12-18,entity_simplified
2015,DGA,American Gas Association,American Gas Association,AMERICAN GAS ASSOCIATION,20000,2015-01-27,entity_exact
2015,RGA,American Gas Association,American Gas Association,AMERICAN GAS ASSOCIATION,20000,2015-01-23,entity_exact
2015,RSLC,Duke Energy,Duke Energy,DUKE ENERGY,20000,2015-06-30,entity_exact
2015,RSLC,Puget Sound Energy,Puget Sound Energy,PUGET SOUND ENERGY,20000,2015-10-26,entity_exact
2015,RAGA,American Gas Association,American Gas Association,AMERICAN GAS ASSOCIATION,16500,2015-01-14,entity_exact
2015,DAGA,Dominion Energy,Dominion Resources,DOMINION RESOURCES SERVICES INC,15000,2015-06-01,entity_simplified
2015,DAGA,Duke Energy,Duke Energy,DUKE ENERGY,15000,2015-01-12,entity_exact
2015,DAGA,NextEra,NextEra,NEXTERA ENERGY RESOURCES LLC,15000,2015-11-02,entity_word_boundary
2015,RAGA,Alliant Energy,Alliant Energy,ALLIANT ENERGY CORPORATION SERVICES INC,15000,2015-12-31,entity_simplified
2015,RAGA,American Electric Power,American Electric Power,AMERICAN ELECTRIC POWER SERVICE CORPORATION,15000,2015-06-18,entity_simplified
2015,RAGA,CMS Energy,Consumers Energy,CONSUMERS ENERGY COMPANY,15000,2015-05-26,entity_simplified
2015,RAGA,Duke Energy,Duke Energy,DUKE ENERGY,15000,2015-02-24,entity_exact
2015,RAGA,Nuclear Energy Institute,Nuclear Energy Institute,NUCLEAR ENERGY INSTITUTE,15000,2015-05-04,entity_exact
2015,RGA,Entergy,Entergy,ENTERGY,15000,2015-09-29,entity_word_boundary
2015,RSLC,American Gas Association,American Gas Association,AMERICAN GAS ASSOCIATION,15000,2015-01-26,entity_exact
2015,RSLC,Berkshire Hathaway Energy,MidAmerican Energy,MIDAMERICAN ENERGY COMPANY,15000,2015-11-18,entity_simplified
2015,DLCC,Vistra Energy,Energy Future Holdings Corp,ENERGY FUTURE HOLDINGS,12500,2015-06-11,entity_simplified
2015,DLCC,Edison Electric Institute,Edison Electric Institute,EDISON ELECTRIC INSTITUTE,12000,2015-04-01,entity_exact
2015,RSLC,CenterPoint Energy,CenterPoint Energy Service,"CENTERPOINT ENERGY SERVICE COMPANY, LLC",12000,2015-12-23,entity_simplified
2015,RSLC,WEC Energy,Integrys,"INTEGRYS BUSINESS SUPPORT, LLC",12000,2015-01-13,entity_simplified
2015,RSLC,Duke Energy,Piedmont Natural Gas,PIEDMONT NATURAL GAS CO.,11000,2015-07-20,entity_simplified
2015,DAGA,Alliant Energy,Alliant Energy,ALLIANT ENERGY CORP SERVICES INC,10000,2015-01-01,entity_simplified
2015,DGA,Dominion Energy,Dominion Resources,DOMINION RESOURCES,10000,2015-09-04,entity_exact
2015,DGA,Public Service Enterprise Group,PSEG,PSEG SERVICES,10000,2015-05-27,entity_word_boundary
2015,DGA,Unitil,Unitil,UNITIL SERVICE CORP,10000,2015-07-15,entity_word_boundary
2015,DLCC,Dominion Energy,Dominion Resources,"DOMINION RESOURCES, INC.",10000,2015-05-14,entity_simplified
2015,DLCC,DTE Energy,DTE Energy,DTE ENERGY,10000,2015-08-11,entity_exact
2015,DLCC,Edison Electric Institute,Edison Electric Institute,EDISON ELECTRIC INSTITUTE,10000,2015-06-11,entity_exact
2015,GOPAC,American Electric Power,American Electric Power,AMERICAN ELECTRIC POWER,10000,2015-11-02,entity_exact
2015,GOPAC,American Gas Association,American Gas Association,AMERICAN GAS ASSOCIATION,10000,2015-02-27,entity_exact
2015,GOPAC,Pinnacle West Capital,APS,APS,10000,2015-05-26,entity_word_boundary
2015,GOPAC,Duke Energy,Duke Energy,DUKE ENERGY,10000,2015-09-08,entity_exact
2015,RAGA,American Electric Power,American Electric Power,AMERICAN ELECTRIC POWER SERVICE CORPORATION,10000,2015-08-20,entity_simplified
2015,RAGA,Edison Electric Institute,Edison Electric Institute,EDISON ELECTRIC INSTITUTE,10000,2015-09-08,entity_exact
2015,RAGA,Nuclear Energy Institute,Nuclear Energy Institute,NUCLEAR ENERGY INSTITUTE,10000,2015-11-18,entity_exact
2015,RGA,Berkshire Hathaway Energy,Nevada Power Company,NEVADA POWER COMPANY,10000,2015-05-12,entity_exact
2015,RGA,NextEra,NextEra,NEXTERA ENERGY RESOURCES LLC,10000,2015-11-13,entity_word_boundary
2015,RGA,NRG Energy,NRG Energy,NRG ENERGY INC.,10000,2015-07-17,entity_simplified
2015,RGA,Exelon,Pepco,PEPCO HOLDING COMPANY INC.,10000,2015-06-16,entity_word_boundary
2015,RGA,Duke Energy,Piedmont Natural Gas,PIEDMONT NATURAL GAS COMPANY,10000,2015-06-09,entity_simplified
2015,RSLC,Alliant Energy,Alliant Energy,ALLIANT ENERGY CORPORATION SERVICES INC,10000,2015-04-30,entity_simplified
2015,RSLC,CMS Energy,Consumers Energy,CONSUMERS ENERGY COMPANY,10000,2015-05-26,entity_simplified
2015,RSLC,Dominion Energy,Dominion Resources,"DOMINION RESOURCES SERVICES, INC.",10000,2015-10-08,entity_simplified
2015,RSLC,Fortis,ITC Holdings,ITC HOLDINGS CORP,10000,2015-09-08,entity_exact
2015,RSLC,NextEra,NextEra,NEXTERA ENERGY RESOURCES LLC,10000,2015-05-27,entity_word_boundary
2015,RSLC,NextEra,NextEra,NEXTERA ENERGY RESOURCES LLC,10000,2015-06-29,entity_word_boundary
2015,RSLC,Nuclear Energy Institute,Nuclear Energy Institute,NUCLEAR ENERGY INSTITUTE,10000,2015-06-29,entity_exact
2015,DAGA,Dominion Energy,Dominion Resources,"DOMINION RESOURCES SERVICES, INC.",5000,2015-08-28,entity_simplified
2015,DGA,CenterPoint Energy,CenterPoint Energy Service,"CENTERPOINT ENERGY SERVICE COMPANY, LLC",5000,2015-10-07,entity_simplified
2015,GOPAC,Duke Energy,Duke Energy,DUKE ENERGY,5000,2015-01-02,entity_exact
2015,RGA,NextEra,NextEra,NEXTERA ENERGY RESOURCES LLC,5000,2015-12-09,entity_word_boundary
2015,RGA,Fortis,Tucson Electric Power,TUCSON ELECTRIC POWER COMPANY,5000,2015-11-23,entity_simplified
2015,RGA,CenterPoint Energy,Vectren,VECTREN EMPLOYEES FEDERAL PAC,5000,2015-03-04,entity_word_boundary
2015,RGA,CenterPoint Energy,Vectren,VECTREN EMPLOYEES FEDERAL PAC,5000,2015-06-02,entity_word_boundary
2015,RSLC,Atmos Energy,Atmos Energy,ATMOS ENERGY CORPORATION PAC,5000,2015-08-13,entity_simplified
2015,RSLC,Atmos Energy,Atmos Energy,ATMOS ENERGY CORPORATION PAC,5000,2015-09-25,entity_simplified
2015,RSLC,CenterPoint Energy,CenterPoint Energy Service,"CENTERPOINT ENERGY SERVICE COMPANY, LLC",5000,2015-10-09,entity_simplified
2015,RSLC,Nuclear Energy Institute,Nuclear Energy Institute,NUCLEAR ENERGY INSTITUTE,5000,2015-09-14,entity_exact
2015,RSLC,Xcel Energy,Xcel Energy Services,XCEL ENERGY SERVICES INC.,5000,2015-11-12,entity_simplified
2015,DGA,PPL Corporation,PPL Services Corporation,PPL SERVICES CORPORATION,2500,2015-06-30,entity_simplified
2015,DLCC,Dominion Energy,SCANA Services,SCANA SERVICES INC,2500,2015-10-07,entity_simplified
2015,GOPAC,Fortis,Tucson Electric Power,TUCSON ELECTRIC POWER,2500,2015-05-08,entity_exact
2015,RSLC,CMS Energy,Consumers Energy,CONSUMERS ENERGY COMPANY,2500,2015-10-06,entity_simplified
2015,RSLC,Vistra Energy,Energy Future Holdings Corp,ENERGY FUTURE HOLDINGS CORPORATE SERVICES COMPANY,2500,2015-09-25,entity_simplified
2015,RSLC,Southern Company,Georgia Power,GEORGIA POWER COMPANY,2500,2015-02-23,entity_simplified
2015,RSLC,National Rural Electric Cooperative Association,National Rural Electric Cooperative Association,NATIONAL RURAL ELECTRIC COOPERATIVE ASSOCIATION,2500,2015-09-21,entity_exact
2015,RSLC,National Fuel,NFG PAPAC,NFG PAPAC,2500,2015-06-29,entity_exact
2015,RSLC,NiSource,Nisource Inc PAC,NISOURCE INC PAC,2500,2015-05-20,entity_exact
2015,RSLC,PPL Corporation,PPL Corporation,PPL CORPORATION,2500,2015-06-29,entity_exact
2015,RGA,Fortis,ITC Holdings,ITC HOLDINGS CORP,2250,2015-12-01,entity_exact
2015,RAGA,CMS Energy,Consumers Energy,CONSUMERS ENERGY COMPANY-IN-KIND,1191,2015-11-10,entity_simplified
2015,GOPAC,Southwest Gas,Southwest Gas,SOUTHWEST GAS CORPORATION,1000,2015-05-04,entity_simplified
2015,RAGA,Berkshire Hathaway Energy,NV Energy,NV ENERGY,1000,2015-10-19,entity_exact
2015,RSLC,NextEra,NextEra,NEXTERA ENERGY RESOURCES LLC,749,2015-08-31,entity_word_boundary
2015,RSLC,Duke Energy,Piedmont Natural Gas,PIEDMONT NATURAL GAS CO.,749,2015-08-31,entity_simplified
2015,RSLC,NextEra,NextEra,NEXTERA ENERGY RESOURCES LLC,634,2015-08-11,entity_word_boundary
2015,RAGA,Vistra Energy,Energy Future Holdings Corp,ENERGY FUTURE HOLDINGS CORPORATE SERVICES COMPANY,610,2015-09-15,entity_simplified
2015,RAGA,NextEra,NextEra,NEXTERA ENERGY RESOURCES LLC,610,2015-10-23,entity_word_boundary
2015,RSLC,Edison Electric Institute,Edison Electric Institute,EDISON ELECTRIC INSTITUTE,574,2015-10-13,entity_exact
2015,RSLC,NextEra,NextEra,NEXTERA ENERGY RESOURCES LLC,550,2015-09-21,entity_word_boundary
2015,DGA,American Gas Association,American Gas Association,AMERICAN GAS ASSOCIATION,500,2015-02-03,entity_exact
2015,RGA,AES Corporation,AES Corporation,AES CORPORATION,450,2015-09-25,entity_exact
2015,RGA,Southern Company,AGL,AGL RESOURCES,450,2015-10-28,entity_word_boundary
2015,RGA,Alliant Energy,Alliant Energy,ALLIANT ENERGY CORP SRVCS INC.,450,2015-10-28,entity_simplified
2015,RGA,Pinnacle West Capital,Arizona Public Service,ARIZONA PUBLIC SERVICE,450,2015-11-18,entity_exact
2015,RGA,Edison Electric Institute,Edison Electric Institute,EDISON ELECTRIC INSTITUTE,450,2015-10-28,entity_exact
2015,RGA,Fortis,ITC Holdings,ITC HOLDINGS CORP.,450,2015-11-10,entity_simplified
2015,RGA,Nuclear Energy Institute,Nuclear Energy Institute,NUCLEAR ENERGY INSTITUTE,450,2015-10-15,entity_exact
2015,RGA,Nuclear Energy Institute,Nuclear Energy Institute,NUCLEAR ENERGY INSTITUTE,450,2015-11-13,entity_exact
2015,RGA,AES Corporation,AES Corporation,THE AES CORPORATION,450,2015-11-13,entity_simplified
2015,RGA,CenterPoint Energy,Vectren,VECTREN CORPORATION EMPLOYEES FEDERAL PAC,450,2015-10-28,entity_word_boundary
2015,RGA,Xcel Energy,Xcel Energy,XCEL ENERGY,450,2015-10-15,entity_exact
2015,RGA,Xcel Energy,Xcel Energy,XCEL ENERGY,450,2015-10-28,entity_exact
2015,RGA,Xcel Energy,Xcel Energy,XCEL ENERGY,450,2015-10-28,entity_exact
2015,RGA,Xcel Energy,Xcel Energy,XCEL ENERGY,450,2015-11-10,entity_exact
2015,RAGA,Edison Electric Institute,Edison Electric Institute,EDISON ELECTRIC INSTITUTE,415,2015-01-27,entity_exact
2015,RAGA,Edison Electric Institute,Edison Electric Institute,EDISON ELECTRIC INSTITUTE,400,2015-07-08,entity_exact
2015,RAGA,NextEra,NextEra,NEXTERA ENERGY RESOURCES LLC,400,2015-06-16,entity_word_boundary
2015,RAGA,NextEra,NextEra,NEXTERA ENERGY RESOURCES LLC,400,2015-07-03,entity_word_boundary
2015,RSLC,Vistra Energy,Energy Future Holdings Corp,ENERGY FUTURE HOLDINGS CORPORATE SERVICES COMPANY,399,2015-08-11,entity_simplified
2015,RSLC,Entergy,Entergy,ENTERGY PILGRIM NUCLEAR POWER STATION,399,2015-08-11,entity_word_boundary
2015,RSLC,NextEra,NextEra,NEXTERA ENERGY RESOURCES LLC,399,2015-08-11,entity_word_boundary
2015,RSLC,NextEra,NextEra,NEXTERA ENERGY RESOURCES LLC,390,2015-09-21,entity_word_boundary
2015,RAGA,Nuclear Energy Institute,Nuclear Energy Institute,NUCLEAR ENERGY INSTITUTE,375,2015-07-01,entity_exact
2015,DGA,American Gas Association,American Gas Association,AMERICAN GAS ASSOCIATION,350,2015-03-25,entity_exact
2015,DGA,NiSource,NiSource,NISOURCE,350,2015-05-27,entity_exact
2015,RAGA,Alliant Energy,Alliant Energy,ALLIANT ENERGY CORPORATION SERVICES INC,350,2015-02-12,entity_simplified
2015,RAGA,Alliant Energy,Alliant Energy,ALLIANT ENERGY CORPORATION SERVICES INC,350,2015-09-24,entity_simplified
2015,RSLC,Southern Company,Southern Company Services,"SOUTHERN COMPANY SERVICES, INC.",350,2015-08-31,entity_simplified
2015,RSLC,NextEra,NextEra,NEXTERA ENERGY RESOURCES LLC,315,2015-09-21,entity_word_boundary
2015,RSLC,American Gas Association,American Gas Association,AMERICAN GAS ASSOCIATION,299,2015-05-22,entity_exact
2015,RAGA,Pinnacle West Capital,Arizona Public Service,ARIZONA PUBLIC SERVICE COMAPNY,250,2015-07-15,entity_simplified
2015,RSLC,Nuclear Energy Institute,Nuclear Energy Institute,NUCLEAR ENERGY INSTITUTE,235,2015-08-11,entity_exact
2015,RSLC,Southern Company,Southern Company Services,"SOUTHERN COMPANY SERVICES, INC.",235,2015-08-11,entity_simplified
2015,RSLC,Edison Electric Institute,Edison Electric Institute,EDISON ELECTRIC INSTITUTE,175,2015-05-22,entity_exact
2015,RSLC,Alliant Energy,Alliant Energy,ALLIANT ENERGY CORPORATION SERVICES INC,150,2015-07-20,entity_simplified
2015,RSLC,Nuclear Energy Institute,Nuclear Energy Institute,NUCLEAR ENERGY INSTITUTE,150,2015-07-20,entity_exact
2015,RSLC,NextEra,NextEra,NEXTERA ENERGY RESOURCES LLC,75,2015-09-21,entity_word_boundary
2014,RGA,Duke Energy,Duke Energy,DUKE ENERGY,2000000,2014-10-21,entity_exact
2014,RGA,NextEra,Florida Power & Light,FLORIDA POWER AND LIGHT COMPANY,1300000,2014-10-09,entity_simplified
2014,RGA,Duke Energy,Duke Energy,DUKE ENERGY,500000,2014-09-30,entity_exact
2014,RGA,NextEra,NextEra,"NEXTERA ENERGY, INC.",350000,2014-02-04,entity_word_boundary
2014,RGA,Duke Energy,Duke Energy,DUKE ENERGY,275000,2014-06-17,entity_exact
2014,RGA,Duke Energy,Duke Energy,DUKE ENERGY,275000,2014-12-12,entity_exact
2014,RAGA,Pinnacle West Capital,Pinnacle West,PINNACLE WEST CAPITAL CORPORATION,250000,2014-10-03,entity_simplified
2014,RGA,FirstEnergy,FirstEnergy,FIRSTENERGY,250000,2014-06-11,entity_exact
2014,RGA,Essential Utilities,Peoples Natural Gas,"PEOPLES NATURAL GAS CO, LLC",250000,2014-06-17,entity_simplified
2014,DGA,Duke Energy,Duke Energy,DUKE ENERGY CORPORATION,200000,2014-03-20,entity_simplified
2014,RGA,Southern Company,Southern Company Services,"SOUTHERN COMPANY SERVICES, INC.",200000,2014-03-21,entity_simplified
2014,RAGA,Pinnacle West Capital,Pinnacle West,PINNACLE WEST CAPITAL CORPORATION,175000,2014-09-15,entity_simplified
2014,RGA,NextEra,Florida Power & Light,FLORIDA POWER AND LIGHT COMPANY,150000,2014-01-17,entity_simplified
2014,RGA,NextEra,Florida Power & Light,FLORIDA POWER AND LIGHT COMPANY,150000,2014-04-10,entity_simplified
2014,DGA,Southern Company,Southern Company Services,"SOUTHERN COMPANY SERVICES, INC.",100000,2014-03-26,entity_simplified
2014,DGA,Xcel Energy,Xcel Energy,XCEL ENERGY,100000,2014-07-23,entity_exact
2014,RGA,American Electric Power,AEP Service Corporation,AEP SERVICE CORPORATION,100000,2014-03-28,entity_exact
2014,RGA,FirstEnergy,FirstEnergy,FIRSTENERGY,100000,2014-10-16,entity_exact
2014,RGA,Fortis,ITC Holdings,ITC HOLDINGS CORP,100000,2014-11-10,entity_exact
2014,RGA,Xcel Energy,Xcel Energy Services,XCEL ENERGY SERVICES INC,100000,2014-07-16,entity_simplified
2014,DGA,Exelon,Exelon Business Services,EXELON BUSINESS SERVICES,75000,2014-05-08,entity_exact
2014,DGA,Exelon,Commonwealth Edison,COMMONWEALTH EDISON COMPANY,50000,2014-06-30,entity_simplified
2014,DGA,Dominion Energy,Dominion Resources,DOMINION RESOURCES,50000,2014-09-23,entity_exact
2014,DGA,Entergy,Entergy,ENTERGY,50000,2014-06-06,entity_word_boundary
2014,DGA,Exelon,Exelon Business Services,EXELON BUSINESS SERVICES,50000,2014-05-08,entity_exact
2014,DGA,Eversource,Northeast Utilities,NORTHEAST UTILITIES SERVICE COMPANY,50000,2014-11-20,entity_simplified
2014,DGA,Nuclear Energy Institute,Nuclear Energy Institute,NUCLEAR ENERGY INSTITUTE,50000,2014-05-08,entity_exact
2014,DGA,Exelon,Pepco,PEPCO,50000,2014-05-20,entity_word_boundary
2014,DLCC,Nuclear Energy Institute,Nuclear Energy Institute,NUCLEAR ENERGY INSTITUTE,50000,2014-04-01,entity_exact
2014,RAGA,NextEra,NextEra,NEXTERA ENERGY RESOURCES LLC,50000,2014-09-05,entity_word_boundary
2014,RAGA,Southern Company,Southern Company Services,"SOUTHERN COMPANY SERVICES, INC.",50000,2014-04-21,entity_simplified
2014,RGA,Southern Company,AGL,AGL RESOURCES,50000,2014-09-26,entity_word_boundary
2014,RGA,Alliant Energy,Alliant Energy,ALLIANT ENERGY CORP SRVCS INC,50000,2014-01-09,entity_simplified
2014,RGA,Alliant Energy,Alliant Energy,ALLIANT ENERGY CORP SRVCS INC,50000,2014-12-31,entity_simplified
2014,RGA,DTE Energy,DTE Energy,DTE ENERGY CORP SVCS LLC,50000,2014-06-30,entity_simplified
2014,RGA,Edison Electric Institute,Edison Electric Institute,EDISON ELECTRIC INSTITUTE,50000,2014-07-31,entity_exact
2014,RGA,Entergy,Entergy,ENTERGY CORPORATION,50000,2014-06-04,entity_word_boundary
2014,RGA,Fortis,ITC Holdings,ITC HOLDINGS CORP,50000,2014-05-19,entity_exact
2014,RGA,Berkshire Hathaway Energy,MidAmerican Energy,MIDAMERICAN ENERGY COMPANY,50000,2014-07-18,entity_simplified
2014,RGA,Berkshire Hathaway Energy,MidAmerican Energy,MIDAMERICAN ENERGY HOLDINGS COMPANY,50000,2014-01-16,entity_simplified
2014,RGA,Nuclear Energy Institute,Nuclear Energy Institute,NUCLEAR ENERGY INSTITUTE,50000,2014-06-06,entity_exact
2014,RGA,Pinnacle West Capital,Pinnacle West,PINNACLE WEST CAPITAL CORPORATION,50000,2014-10-29,entity_simplified
2014,RGA,Public Service Enterprise Group,PSEG Services Corp,PSEG SERVICES CORP.,50000,2014-06-30,entity_simplified
2014,RGA,Public Service Enterprise Group,PSEG Services Corp,PSEG SERVICES CORP.,50000,2014-10-06,entity_simplified
2014,RSLC,DTE Energy,DTE Energy,DTE ENERGY CORPORATION SERVICES LLC,50000,2014-09-19,entity_simplified
2014,RSLC,Nuclear Energy Institute,Nuclear Energy Institute,NUCLEAR ENERGY INSTITUTE,50000,2014-02-06,entity_exact
2014,DGA,Edison Electric Institute,Edison Electric Institute,EDISON ELECTRIC INSTITUTE,45000,2014-03-21,entity_exact
2014,DGA,FirstEnergy,FirstEnergy,FIRSTENERGY CORPORATION,45000,2014-10-17,entity_simplified
2014,DGA,Edison Electric Institute,Edison Electric Institute,EDISON ELECTRIC INSTITUTE,35000,2014-10-21,entity_exact
2014,RAGA,Southern Company,Southern Company Services,SOUTHERN COMPANY SERVICES INC,35000,2014-09-29,entity_simplified
2014,DGA,FirstEnergy,FirstEnergy,FIRSTENERGY CORPORATION,28900,2014-03-31,entity_simplified
2014,DAGA,Edison Electric Institute,Edison Electric Institute,EDISON ELECTRIC INSTITUTE,25000,2014-11-13,entity_exact
2014,DGA,AES Corporation,AES Corporation,AES CORPORATION,25000,2014-09-29,entity_exact
2014,DGA,American Electric Power,American Electric Power,AMERICAN ELECTRIC POWER,25000,2014-08-28,entity_exact
2014,DGA,Dominion Energy,Dominion Resources,DOMINION RESOURCES,25000,2014-05-08,entity_exact
2014,DGA,Dominion Energy,Dominion Resources,DOMINION RESOURCES,25000,2014-06-25,entity_exact
2014,DGA,Eversource,Northeast Utilities,NORTHEAST UTILITIES SERVICE COMPANY,25000,2014-11-21,entity_simplified
2014,DGA,NRG Energy,NRG Energy,NRG ENERGY INC.,25000,2014-10-21,entity_simplified
2014,DGA,Puget Sound Energy,Puget Sound Energy,PUGET SOUND ENERGY,25000,2014-09-16,entity_exact
2014,DGA,Alta Gas,Washington Gas Light Company,WASHINGTON GAS LIGHT COMPANY,25000,2014-06-30,entity_exact
2014,DLCC,National Rural Electric Cooperative Association,Action Committee for Rural Electrification,ACTION COMMITTEE FOR RURAL ELECTRIFICATION,25000,2014-05-22,entity_exact
2014,DLCC,Dominion Energy,Dominion Resources,"DOMINION RESOURCES, INC.",25000,2014-06-16,entity_simplified
2014,DLCC,Berkshire Hathaway Energy,MidAmerican Energy,MIDAMERICAN ENERGY,25000,2014-09-19,entity_exact
2014,GOPAC,Duke Energy,Duke Energy,DUKE ENERGY,25000,2014-12-16,entity_exact
2014,RAGA,CenterPoint Energy,CenterPoint Energy,CENTERPOINT ENERGY,25000,2014-03-27,entity_exact
2014,RAGA,DTE Energy,DTE Energy,DTE ENERGY CORPORATION SERVICES LLC,25000,2014-02-27,entity_simplified
2014,RAGA,Edison Electric Institute,Edison Electric Institute,EDISON ELECTRIC INSTITUTE,25000,2014-02-27,entity_exact
2014,RGA,American Electric Power,AEP Service Corporation,AEP SERVICE CORPORATION,25000,2014-08-15,entity_exact
2014,RGA,AES Corporation,AES Corporation,AES,25000,2014-01-09,entity_word_boundary
2014,RGA,Southern Company,AGL,AGL RESOURCES,25000,2014-06-06,entity_word_boundary
2014,RGA,Alliant Energy,Alliant Energy,ALLIANT ENERGY CORP SRVCS INC,25000,2014-01-16,entity_simplified
2014,RGA,Alliant Energy,Alliant Energy,ALLIANT ENERGY CORP SRVCS INC,25000,2014-08-15,entity_simplified
2014,RGA,CenterPoint Energy,CenterPoint Energy Service,"CENTERPOINT ENERGY SERVICE COMPANY, LLC",25000,2014-03-25,entity_simplified
2014,RGA,CMS Energy,Consumers Energy,CONSUMERS ENERGY COMPANY,25000,2014-04-29,entity_simplified
2014,RGA,CMS Energy,Consumers Energy,CONSUMERS ENERGY COMPANY,25000,2014-07-28,entity_simplified
2014,RGA,WEC Energy,Integrys,"INTEGRYS BUSINESS SUPPORT, LLC",25000,2014-04-22,entity_simplified
2014,RGA,NRG Energy,NRG Energy,NRG ENERGY INC,25000,2014-10-20,entity_simplified
2014,RGA,Exelon,Pepco,"PEPCO HOLDING COMPANY, INC.",25000,2014-05-16,entity_word_boundary
2014,RGA,PPL Corporation,PPL Services Corporation,PPL SERVICES CORPORATION,25000,2014-06-03,entity_simplified
2014,RGA,Public Service Enterprise Group,PSEG Services Corp,PSEG SERVICES CORP.,25000,2014-12-18,entity_simplified
2014,RGA,Southern Company,Southern Company Services,"SOUTHERN COMPANY SERVICES, INC.",25000,2014-11-10,entity_simplified
2014,RSLC,National Rural Electric Cooperative Association,Action Committee for Rural Electrification,ACTION COMMITTEE FOR RURAL ELECTRIFICATION,25000,2014-05-23,entity_exact
2014,RSLC,Alliant Energy,Alliant Energy,ALLIANT ENERGY CORPORATION SERVICES INC,25000,2014-12-31,entity_simplified
2014,RSLC,Dominion Energy,Dominion Resources,"DOMINION RESOURCES SERVICES, INC.",25000,2014-04-25,entity_simplified
2014,RSLC,Duke Energy,Duke Energy,DUKE ENERGY,25000,2014-10-20,entity_exact
2014,RSLC,Duke Energy,Duke Energy,DUKE ENERGY,25000,2014-11-10,entity_exact
2014,RSLC,Edison Electric Institute,Edison Electric Institute,EDISON ELECTRIC INSTITUTE,25000,2014-06-26,entity_exact
2014,RSLC,Exelon,Exelon,"EXELON GENERATION COMPANY, LLC",25000,2014-08-27,entity_word_boundary
2014,RSLC,FirstEnergy,FirstEnergy,FIRSTENERGY CORP.,25000,2014-09-11,entity_simplified
2014,RSLC,Fortis,ITC Holdings,ITC HOLDINGS CORP,25000,2014-04-25,entity_exact
2014,RSLC,NextEra,NextEra,NEXTERA ENERGY RESOURCES LLC,25000,2014-10-24,entity_word_boundary
2014,RSLC,Public Service Enterprise Group,PSEG Services Corp,PSEG SERVICES CORPORATION,25000,2014-04-30,entity_simplified
2014,RSLC,Southern Company,Southern Company Services,"SOUTHERN COMPANY SERVICES, INC.",25000,2014-04-29,entity_simplified
2014,RSLC,Southern Company,Southern Company Services,"SOUTHERN COMPANY SERVICES, INC.",25000,2014-11-12,entity_simplified
2014,DLCC,Edison Electric Institute,Edison Electric Institute,EDISON ELECTRIC INSTITUTE,22000,2014-03-24,entity_exact
2014,DGA,AES Corporation,AES Corporation,AES CORPORATION,21100,2014-03-05,entity_exact
2014,DGA,FirstEnergy,FirstEnergy,FIRSTENERGY CORPORATION,21100,2014-03-31,entity_simplified
2014,DGA,Southern Company,AGL,AGL RESOURCES,20000,2014-02-25,entity_word_boundary
2014,DGA,American Gas Association,American Gas Association,AMERICAN GAS ASSOCIATION,20000,2014-02-12,entity_exact
2014,DGA,NiSource,Nisource Corporate Services,NISOURCE CORPORATE SERVICES,20000,2014-07-23,entity_exact
2014,RGA,American Gas Association,American Gas Association,AMERICAN GAS ASSOCIATION,20000,2014-02-11,entity_exact
2014,DAGA,Dominion Energy,Dominion Resources,"DOMINION RESOURCES SERVICES, INC.",15000,2014-08-22,entity_simplified
2014,DAGA,Duke Energy,Duke Energy,DUKE ENERGY,15000,2014-01-14,entity_exact
2014,DGA,Edison Electric Institute,Edison Electric Institute,EDISON ELECTRIC INSTITUTE,15000,2014-10-21,entity_exact
2014,DLCC,Alliant Energy,Alliant Energy,ALLIANT ENERGY CORPORATION,15000,2014-01-06,entity_simplified
2014,DLCC,Alliant Energy,Alliant Energy,ALLIANT ENERGY CORPORATION,15000,2014-12-31,entity_simplified
2014,RAGA,American Electric Power,American Electric Power,AMERICAN ELECTRIC POWER,15000,2014-07-08,entity_exact
2014,RAGA,American Gas Association,American Gas Association,AMERICAN GAS ASSOCIATION,15000,2014-03-05,entity_exact
2014,RAGA,Vistra Energy,Energy Future Holdings Corp,ENERGY FUTURE HOLDINGS CORPORATE SERVICES COMPANY,15000,2014-03-18,entity_simplified
2014,RAGA,Nuclear Energy Institute,Nuclear Energy Institute,NUCLEAR ENERGY INSTITUTE,15000,2014-04-04,entity_exact
2014,RGA,Entergy,"Entergy Arkansas, Inc.",ENTERGY ARKANSAS,15000,2014-09-12,entity_exact
2014,RGA,IDACORP,Idaho Power,IDAHO POWER COMPANY,15000,2014-07-28,entity_simplified
2014,RSLC,Alliant Energy,Alliant Energy,ALLIANT ENERGY CORPORATION SERVICES INC,15000,2014-06-25,entity_simplified
2014,RSLC,American Gas Association,American Gas Association,AMERICAN GAS ASSOCIATION,15000,2014-01-28,entity_exact
2014,RSLC,Berkshire Hathaway Energy,MidAmerican Energy,MIDAMERICAN ENERGY HOLIDNGS COMPANY,15000,2014-09-23,entity_simplified
2014,RSLC,Puget Sound Energy,Puget Sound Energy,PUGET SOUND ENERGY,15000,2014-09-03,entity_exact
2014,RGA,NextEra,NextEra,"NEXTERA ENERGY, INC.",14324,2014-11-21,entity_word_boundary
2014,DLCC,Vistra Energy,Energy Future Holdings Corp,ENERGY FUTURE HOLDINGS,12500,2014-03-18,entity_simplified
2014,RSLC,American Electric Power,American Electric Power,AMERICAN ELECTRIC POWER SERVICE CORPORATION,12000,2014-11-10,entity_simplified
2014,RSLC,Vistra Energy,Energy Future Holdings Corp,ENERGY FUTURE HOLDINGS CORPORATE SERVICES COMPANY,12000,2014-03-21,entity_simplified
2014,RSLC,WEC Energy,Integrys,"INTEGRYS BUSINESS SUPPORT, LLC",12000,2014-03-21,entity_simplified
2014,DAGA,Alliant Energy,Alliant Energy,ALLIANT ENERGY CORP SRVCS INC,10000,2014-02-27,entity_simplified
2014,DAGA,National Grid,National Grid,NATIONAL GRID,10000,2014-02-24,entity_exact
2014,DAGA,Nuclear Energy Institute,Nuclear Energy Institute,NUCLEAR ENERGY INSTITUTE,10000,2014-09-30,entity_exact
2014,DGA,Avista Corporation,Avista Corp,AVISTA CORP.,10000,2014-03-13,entity_simplified
2014,DGA,WEC Energy,Integrys,"INTEGRYS BUSINESS SUPPORT, LLC",10000,2014-06-30,entity_simplified
2014,DGA,Unitil,Unitil,UNITIL SERVICE CORP,10000,2014-08-26,entity_word_boundary
2014,DLCC,Vistra Energy,Energy Future Holdings Corp,ENERGY FUTURE HOLDINGS,10000,2014-01-06,entity_simplified
2014,GOPAC,American Gas Association,American Gas Association,AMERICAN GAS ASSOCIATION,10000,2014-02-12,entity_exact
2014,GOPAC,American Gas Association,American Gas Association,AMERICAN GAS ASSOCIATION,10000,2014-11-13,entity_exact
2014,RAGA,Alliant Energy,Alliant Energy,ALLIANT ENERGY CORP.,10000,2014-10-31,entity_simplified
2014,RAGA,CMS Energy,Consumers Energy,CONSUMERS ENERGY COMPANY,10000,2014-06-25,entity_simplified
2014,RGA,Atmos Energy,Atmos Energy,ATMOS ENERGY CORPORATION PAC,10000,2014-10-15,entity_simplified
2014,RGA,IDACORP,Idaho Power,IDAHO POWER COMPANY,10000,2014-10-27,entity_simplified
2014,RGA,WEC Energy,Integrys,"INTEGRYS BUSINESS SUPPORT, LLC",10000,2014-04-17,entity_simplified
2014,RGA,Berkshire Hathaway Energy,Nevada Power Company,NEVADA POWER COMPANY,10000,2014-04-24,entity_exact
2014,RGA,Duke Energy,Piedmont Natural Gas,PIEDMONT NATURAL GAS COMPANY,10000,2014-05-13,entity_simplified
2014,RSLC,Duke Energy,Duke Energy,DUKE ENERGY,10000,2014-04-25,entity_exact
2014,RSLC,Fortis,ITC Holdings,ITC HOLDINGS CORP,10000,2014-05-13,entity_exact
2014,RGA,NextEra,NextEra,NEXTERA ENERGY RESOURCES LLC- IN-KIND TRAVEL,8933,2014-06-16,entity_word_boundary
2014,RGA,NextEra,NextEra,"NEXTERA ENERGY, INC. -IN-KIND  TRAVEL",6690,2014-02-19,entity_word_boundary
2014,DGA,Southern Company,AGL,AGL RESOURCES,5000,2014-02-25,entity_word_boundary
2014,DGA,Ameren,Ameren,AMEREN ILLINOIS,5000,2014-06-17,entity_word_boundary
2014,DGA,Ameren,Ameren,AMEREN ILLINOIS,5000,2014-06-17,entity_word_boundary
2014,DGA,Edison Electric Institute,Edison Electric Institute,EDISON ELECTRIC INSTITUTE,5000,2014-03-21,entity_exact
2014,DGA,FirstEnergy,FirstEnergy,FIRSTENERGY CORPORATION,5000,2014-09-23,entity_simplified
2014,DGA,PPL Corporation,PPL Services Corporation,PPL SERVICES CORPORATION,5000,2014-09-18,entity_simplified
2014,DLCC,Edison Electric Institute,Edison Electric Institute,EDISON ELECTRIC INSTITUTE,5000,2014-12-01,entity_exact
2014,DLCC,FirstEnergy,FirstEnergy,FIRSTENERGY CORPORATION,5000,2014-06-12,entity_simplified
2014,DLCC,National Rural Electric Cooperative Association,National Rural Electric Cooperative Association,NATIONAL RURAL ELECTRIC COOPERATIVE ASSOCIATION,5000,2014-12-18,entity_exact
2014,RAGA,Vistra Energy,Energy Future Holdings Corp,ENERGY FUTURE HOLDINGS,5000,2014-10-17,entity_simplified
2014,RGA,CenterPoint Energy,Vectren,VECTREN EMPLOYEES FEDERAL PAC,5000,2014-02-04,entity_word_boundary
2014,RGA,CenterPoint Energy,Vectren,VECTREN EMPLOYEES FEDERAL PAC,5000,2014-06-26,entity_word_boundary
2014,RSLC,American Electric Power,American Electric Power,AMERICAN ELECTRIC POWER SERVICE CORPORATION,5000,2014-07-15,entity_simplified
2014,RSLC,WEC Energy,Integrys,"INTEGRYS BUSINESS SUPPORT, LLC",5000,2014-07-29,entity_simplified
2014,RSLC,NextEra,NextEra,NEXTERA ENERGY RESOURCES LLC,5000,2014-05-30,entity_word_boundary
2014,RSLC,NextEra,NextEra,NEXTERA ENERGY RESOURCES LLC,5000,2014-11-05,entity_word_boundary
2014,RSLC,Nuclear Energy Institute,Nuclear Energy Institute,NUCLEAR ENERGY INSTITUTE,5000,2014-10-30,entity_exact
2014,DGA,AES Corporation,AES Corporation,AES CORPORATION,3900,2014-03-05,entity_exact
2014,DGA,Edison Electric Institute,Edison Electric Institute,EDISON ELECTRIC INSTITUTE,2869,2014-09-22,entity_exact
2014,DAGA,Puget Sound Energy,Puget Sound Energy,PUGET SOUND ENERGY,2500,2014-08-22,entity_exact
2014,RSLC,Southern Company,Georgia Power,GEORGIA POWER COMPANY,2500,2014-09-10,entity_simplified
2014,DGA,UGI Corp,UGI,UGI STATE PAC,1500,2014-09-23,entity_word_boundary
2014,DGA,Northwestern Energy,Northwestern Energy,NORTHWESTERN ENERGY MONTANA EMPLOYEES PAC,1000,2014-03-31,entity_simplified
2014,RSLC,Southwest Gas,Southwest Gas,SOUTHWEST GAS CORPORATION,1000,2014-10-17,entity_simplified
2014,RGA,WEC Energy,Integrys,"INTEGRYS BUSINESS SUPPORT, LLC",900,2014-10-13,entity_simplified
2014,RGA,Fortis,ITC Holdings,ITC HOLDINGS CORP,900,2014-10-15,entity_exact
2014,RSLC,Vistra Energy,Energy Future Holdings Corp,ENERGY FUTURE HOLDINGS CORPORATE SERVICES COMPANY,600,2014-08-21,entity_simplified
2014,RSLC,NextEra,NextEra,NEXTERA ENERGY RESOURCES LLC,600,2014-08-21,entity_word_boundary
2014,RAGA,Vistra Energy,Energy Future Holdings Corp,ENERGY FUTURE HOLDINGS,570,2014-04-30,entity_simplified
2014,RAGA,Vistra Energy,Energy Future Holdings Corp,ENERGY FUTURE HOLDINGS,570,2014-05-08,entity_simplified
2014,RAGA,Vistra Energy,Energy Future Holdings Corp,ENERGY FUTURE HOLDINGS,560,2014-09-19,entity_simplified
2014,RGA,AES Corporation,AES Corporation,AES,450,2014-10-06,entity_word_boundary
2014,RGA,AES Corporation,AES Corporation,AES,450,2014-10-29,entity_word_boundary
2014,RGA,Southern Company,AGL,AGL RESOURCES,450,2014-11-10,entity_word_boundary
2014,RGA,Alliant Energy,Alliant Energy,ALLIANT ENERGY CORP SRVCS INC,450,2014-11-10,entity_simplified
2014,RGA,Exelon,Atlantic City Electric,ATLANTIC CITY ELECTRIC,450,2014-10-29,entity_exact
2014,RGA,Edison Electric Institute,Edison Electric Institute,EDISON ELECTRIC INSTITUTE,450,2014-10-15,entity_exact
2014,RGA,Fortis,ITC Holdings,ITC HOLDINGS CORP,450,2014-10-13,entity_exact
2014,RGA,Nuclear Energy Institute,Nuclear Energy Institute,NUCLEAR ENERGY INSTITUTE,450,2014-10-13,entity_exact
2014,RGA,Exelon,Pepco,"PEPCO HOLDING COMPANY, INC.",450,2014-11-12,entity_word_boundary
2014,RGA,Exelon,Pepco,"PEPCO HOLDING COMPANY, INC.",450,2014-11-12,entity_word_boundary
2014,RGA,CenterPoint Energy,Vectren,VECTREN EMPLOYEES FEDERAL PAC,450,2014-11-03,entity_word_boundary
2014,RGA,Xcel Energy,Xcel Energy Services,XCEL ENERGY SERVICES INC,450,2014-11-03,entity_simplified
2014,RAGA,NextEra,NextEra,NEXTERA ENERGY RESOURCES,415,2014-10-13,entity_word_boundary
2014,RAGA,NextEra,NextEra,NEXTERA ENERGY RESOURCES,415,2014-11-12,entity_word_boundary
2014,RAGA,Vistra Energy,Energy Future Holdings Corp,ENERGY FUTURE HOLDINGS,410,2014-09-24,entity_simplified
2014,RSLC,Vistra Energy,Energy Future Holdings Corp,ENERGY FUTURE HOLDINGS CORPORATE SERVICES COMPANY,399,2014-07-29,entity_simplified
2014,RSLC,WEC Energy,Integrys,"INTEGRYS BUSINESS SUPPORT, LLC",399,2014-07-29,entity_simplified
2014,DGA,AES Corporation,AES Corporation,AES SOUTHLAND,350,2014-12-16,entity_word_boundary
2014,DGA,American Gas Association,American Gas Association,AMERICAN GAS ASSOCIATION,350,2014-03-07,entity_exact
2014,DGA,American Gas Association,American Gas Association,AMERICAN GAS ASSOCIATION,350,2014-05-12,entity_exact
2014,DGA,Exelon,Pepco,PEPCO HOLDINGS,350,2014-12-16,entity_word_boundary
2014,DGA,Alta Gas,Washington Gas Light Company,WASHINGTON GAS LIGHT COMPANY,350,2014-10-09,entity_exact
2014,RAGA,American Gas Association,American Gas Association,AMERICAN GAS ASSOCIATION,350,2014-01-15,entity_exact
2014,RAGA,NextEra,NextEra,NEXTERA ENERGY,315,2014-06-12,entity_word_boundary
2014,RSLC,Vistra Energy,Energy Future Holdings Corp,ENERGY FUTURE HOLDINGS CORPORATE SERVICES COMPANY,299,2014-06-05,entity_simplified
2014,RSLC,Alliant Energy,Alliant Energy,ALLIANT ENERGY CORPORATION SERVICES INC,295,2014-05-21,entity_simplified
2014,RSLC,NextEra,NextEra,NEXTERA ENERGY RESOURCES LLC,295,2014-06-05,entity_word_boundary
2014,DLCC,Edison Electric Institute,Edison Electric Institute,EDISON ELECTRIC INSTITUTE,250,2014-08-31,entity_exact
2014,RSLC,NextEra,NextEra,NEXTERA ENERGY RESOURCES LLC,250,2014-09-23,entity_word_boundary
2014,RSLC,Fortis,ITC Holdings,ITC HOLDINGS CORP,190,2014-09-23,entity_exact
2013,RGA,NextEra,Florida Power & Light,FLORIDA POWER AND LIGHT COMPANY,500000,2013-06-24,entity_simplified
2013,DGA,Duke Energy,Progress Energy,"PROGRESS ENERGY SERVICE COMPANY, INC",200000,2013-05-10,entity_simplified
2013,RGA,Duke Energy,Progress Energy,"PROGRESS ENERGY SERVICE COMPANY, LLC",175000,2013-09-17,entity_simplified
2013,DGA,Exelon,Exelon Business Services,EXELON BUSINESS SERVICES,125000,2013-05-22,entity_exact
2013,DGA,NextEra,NextEra,NEXTERA ENERGY RESOURCES,100000,2013-07-16,entity_word_boundary
2013,DGA,Nuclear Energy Institute,Nuclear Energy Institute,NUCLEAR ENERGY INSTITUTE,100000,2013-04-23,entity_exact
2013,DGA,Southern Company,Southern Company Services,"SOUTHERN COMPANY SERVICES, INC.",100000,2013-06-28,entity_simplified
2013,RGA,Nuclear Energy Institute,Nuclear Energy Institute,NUCLEAR ENERGY INSTITUTE,100000,2013-04-25,entity_exact
2013,RGA,Essential Utilities,Peoples Natural Gas,"PEOPLES NATURAL GAS CO, LLC",100000,2013-11-13,entity_simplified
2013,RGA,Duke Energy,Progress Energy,"PROGRESS ENERGY SERVICE COMPANY, LLC",100000,2013-04-24,entity_simplified
2013,RGA,Southern Company,Southern Company Services,"SOUTHERN COMPANY SERVICES, INC.",100000,2013-04-16,entity_simplified
2013,RGA,Xcel Energy,Xcel Energy Services,XCEL ENERGY SERVICES INC,100000,2013-07-24,entity_simplified
2013,DGA,Southern Company,Southern Company Services,"SOUTHERN COMPANY SERVICES, INC.",87000,2013-12-31,entity_simplified
2013,DGA,Xcel Energy,Xcel Energy,XCEL ENERGY,75000,2013-07-16,entity_exact
2013,RSLC,Southern Company,Southern Company Services,"SOUTHERN COMPANY SERVICES, INC.",60000,2013-05-24,entity_simplified
2013,DGA,FirstEnergy,FirstEnergy,FIRSTENERGY CORPORATION,50000,2013-05-30,entity_simplified
2013,DGA,FirstEnergy,FirstEnergy,FIRSTENERGY CORPORATION,50000,2013-11-07,entity_simplified
2013,DGA,Berkshire Hathaway Energy,MidAmerican Energy,MIDAMERICAN ENERGY HOLDINGS COMPANY,50000,2013-09-17,entity_simplified
2013,DLCC,Nuclear Energy Institute,Nuclear Energy Institute,NUCLEAR ENERGY INSTITUTE,50000,2013-03-07,entity_exact
2013,RGA,Alliant Energy,Alliant Energy,ALLIANT ENERGY CORP SRVCS INC,50000,2013-01-23,entity_simplified
2013,RGA,Pinnacle West Capital,APS,APS,50000,2013-08-27,entity_word_boundary
2013,RGA,Dominion Energy,Dominion Resources,"DOMINION RESOURCES SERVICES, INC.",50000,2013-05-07,entity_simplified
2013,RGA,DTE Energy,DTE Energy,DTE ENERGY CORP SVCS LLC,50000,2013-11-08,entity_simplified
2013,RGA,FirstEnergy,FirstEnergy,FIRSTENERGY,50000,2013-10-11,entity_exact
2013,RGA,FirstEnergy,FirstEnergy,FIRSTENERGY,50000,2013-10-31,entity_exact
2013,RGA,Fortis,ITC Holdings,ITC HOLDINGS CORP,50000,2013-11-25,entity_exact
2013,RSLC,Edison Electric Institute,Edison Electric Institute,EDISON ELECTRIC INSTITUTE,50000,2013-03-28,entity_exact
2013,RSLC,NextEra,Florida Power & Light,FLORIDA POWER AND LIGHT COMPANY,50000,2013-10-03,entity_simplified
2013,RSLC,Nuclear Energy Institute,Nuclear Energy Institute,NUCLEAR ENERGY INSTITUTE,50000,2013-03-14,entity_exact
2013,DGA,Eversource,Northeast Utilities,NORTHEAST UTILITIES SERVICE COMPANY,40000,2013-07-16,entity_simplified
2013,RGA,NiSource,Nisource Corporate Services,NISOURCE CORPORATE SERVICES CO,40000,2013-03-29,entity_simplified
2013,DGA,Exelon,Pepco,PEPCO,35000,2013-05-22,entity_word_boundary
2013,RGA,NiSource,Northern Indiana Public Service Company,NORTHERN INDIANA PUBLIC SERVICE COMPANY,30000,2013-05-29,entity_exact
2013,RSLC,American Gas Association,American Gas Association,AMERICAN GAS ASSOCIATION,30000,2013-01-31,entity_exact
2013,DAGA,Eversource,Northeast Utilities,NORTHEAST UTILITIES SERVICE CO.,25000,2013-09-23,entity_simplified
2013,DGA,AES Corporation,AES Corporation,AES CORPORATION,25000,2013-01-16,entity_exact
2013,DGA,Avista Corporation,Avista Corp,AVISTA CORP.,25000,2013-09-27,entity_simplified
2013,DGA,Dominion Energy,Dominion Resources,DOMINION RESOURCES,25000,2013-04-23,entity_exact
2013,DGA,Dominion Energy,Dominion Resources,DOMINION RESOURCES,25000,2013-04-23,entity_exact
2013,DGA,Edison Electric Institute,Edison Electric Institute,EDISON ELECTRIC INSTITUTE,25000,2013-03-12,entity_exact
2013,DGA,Eversource,NSTAR,NSTAR,25000,2013-11-13,entity_word_boundary
2013,DGA,Puget Sound Energy,Puget Sound Energy,PUGET SOUND ENERGY,25000,2013-10-04,entity_exact
2013,DGA,Southern Company,Southern Company Services,"SOUTHERN COMPANY SERVICES, INC.",25000,2013-01-16,entity_simplified
2013,DGA,Alta Gas,Washington Gas Light Company,WASHINGTON GAS LIGHT COMPANY,25000,2013-06-19,entity_exact
2013,DGA,Xcel Energy,Xcel Energy,XCEL ENERGY,25000,2013-07-16,entity_exact
2013,RGA,AES Corporation,AES Corporation,AES,25000,2013-01-08,entity_word_boundary
2013,RGA,Southern Company,AGL,AGL RESOURCES,25000,2013-04-23,entity_word_boundary
2013,RGA,CenterPoint Energy,CenterPoint Energy Service,"CENTERPOINT ENERGY SERVICE COMPANY, LLC",25000,2013-08-06,entity_simplified
2013,RGA,CMS Energy,Consumers Energy,CONSUMERS ENERGY COMPANY,25000,2013-03-27,entity_simplified
2013,RGA,Edison Electric Institute,Edison Electric Institute,EDISON ELECTRIC INSTITUTE,25000,2013-09-26,entity_exact
2013,RGA,Berkshire Hathaway Energy,Nevada Power Company,NEVADA POWER COMPANY,25000,2013-03-05,entity_exact
2013,RGA,NRG Energy,NRG Energy,NRG ENERGY INC,25000,2013-03-05,entity_simplified
2013,RGA,Exelon,Pepco,"PEPCO HOLDING COMPANY, INC.",25000,2013-05-17,entity_word_boundary
2013,RGA,PPL Corporation,PPL Services Corporation,PPL SERVICES CORPORATION,25000,2013-07-30,entity_simplified
2013,RGA,Public Service Enterprise Group,PSEG Services Corp,PSEG SERVICES CORP.,25000,2013-06-20,entity_simplified
2013,RSLC,Alliant Energy,Alliant Energy,ALLIANT ENERGY CORPORATION SERVICES INC,25000,2013-12-19,entity_simplified
2013,RSLC,Dominion Energy,Dominion Resources,"DOMINION RESOURCES SERVICES, INC.",25000,2013-06-28,entity_simplified
2013,RSLC,DTE Energy,DTE Energy,DTE ENERGY CORPORATION SERVICES LLC,25000,2013-04-26,entity_simplified
2013,RSLC,Duke Energy,Duke Energy,DUKE ENERGY,25000,2013-09-20,entity_exact
2013,RSLC,Duke Energy,Duke Energy,DUKE ENERGY,25000,2013-09-20,entity_exact
2013,RSLC,Edison Electric Institute,Edison Electric Institute,EDISON ELECTRIC INSTITUTE,25000,2013-11-26,entity_exact
2013,RSLC,Exelon,Exelon,"EXELON GENERATION COMPANY, LLC",25000,2013-11-20,entity_word_boundary
2013,RSLC,Public Service Enterprise Group,PSEG Services Corp,PSEG SERVICES CORPORATION,25000,2013-06-21,entity_simplified
2013,RSLC,Southern Company,Southern Company Services,"SOUTHERN COMPANY SERVICES, INC.",25000,2013-05-31,entity_simplified
2013,DAGA,Dominion Energy,Dominion Resources,DOMINION RESOURCES SERVICES INC.,20000,2013-07-19,entity_simplified
2013,DGA,American Gas Association,American Gas Association,AMERICAN GAS ASSOCIATION,20000,2013-01-31,entity_exact
2013,DGA,NiSource,Nisource Corporate Services,NISOURCE CORPORATE SERVICES,20000,2013-05-10,entity_exact
2013,DGA,NRG Energy,NRG Energy,NRG ENERGY INC.,20000,2013-07-02,entity_simplified
2013,DGA,Public Service Enterprise Group,PSEG,PSEG SERVICES,20000,2013-12-17,entity_word_boundary
2013,DLCC,Dominion Energy,Dominion Resources,"DOMINION RESOURCES, INC.",20000,2013-06-10,entity_simplified
2013,RGA,American Gas Association,American Gas Association,AMERICAN GAS ASSOCIATION,20000,2013-02-06,entity_exact
2013,RSLC,Fortis,ITC Holdings,ITC HOLDINGS CORP,15399,2013-05-24,entity_exact
2013,DAGA,Edison Electric Institute,Edison Electric Institute,EDISON ELECTRIC INSTITUTE,15000,2013-02-06,entity_exact
2013,DAGA,Southern Company,Southern Company Services,SOUTHERN COMPANY SERVICES INC.,15000,2013-12-31,entity_simplified
2013,DGA,Southern Company,AGL,AGL RESOURCES,15000,2013-09-17,entity_word_boundary
2013,DGA,American Electric Power,American Electric Power,AMERICAN ELECTRIC POWER,15000,2013-10-30,entity_exact
2013,DGA,Edison Electric Institute,Edison Electric Institute,EDISON ELECTRIC INSTITUTE,15000,2013-11-22,entity_exact
2013,DGA,Exelon,Pepco,PEPCO,15000,2013-04-23,entity_word_boundary
2013,RSLC,Vistra Energy,Energy Future Holdings Corp,ENERGY FUTURE HOLDINGS CORPORATE SERVICES COMPANY,15000,2013-03-28,entity_simplified
2013,RSLC,NextEra,NextEra,NEXTERA ENERGY RESOURCES LLC,15000,2013-12-11,entity_word_boundary
2013,RSLC,Southern Company,Southern Company Services,"SOUTHERN COMPANY SERVICES, INC.",15000,2013-11-20,entity_simplified
2013,DLCC,Vistra Energy,Energy Future Holdings Corp,ENERGY FUTURE HOLDINGS,12500,2013-08-12,entity_simplified
2013,RSLC,Vistra Energy,Energy Future Holdings Corp,ENERGY FUTURE HOLDINGS CORPORATE SERVICES COMPANY,12000,2013-05-16,entity_simplified
2013,RSLC,Xcel Energy,Xcel Energy Services,XCEL ENERGY SERVICES INC.,12000,2013-08-28,entity_simplified
2013,DAGA,Alliant Energy,Alliant Energy,ALLIANT ENERGY CORP SRVCS INC,10000,2013-02-06,entity_simplified
2013,DGA,Ameren,Ameren,AMEREN ILLINOIS,10000,2013-07-02,entity_word_boundary
2013,DGA,Exelon,Commonwealth Edison,COMMONWEALTH EDISON COMPANY,10000,2013-06-28,entity_simplified
2013,DGA,WEC Energy,Integrys,"INTEGRYS BUSINESS SUPPORT, LLC",10000,2013-06-19,entity_simplified
2013,DGA,Eversource,Northeast Utilities,NORTHEAST UTILITIES SERVICE COMPANY,10000,2013-07-16,entity_simplified
2013,DLCC,Alliant Energy,Alliant Energy,ALLIANT ENERGY CORPORATION,10000,2013-01-23,entity_simplified
2013,DLCC,Exelon,Exelon,EXELON GENERATION,10000,2013-12-04,entity_word_boundary
2013,DLCC,Nuclear Energy Institute,Nuclear Energy Institute,NUCLEAR ENERGY INSTITUTE,10000,2013-10-25,entity_exact
2013,GOPAC,American Gas Association,American Gas Association,AMERICAN GAS ASSOCIATION,10000,2013-01-17,entity_exact
2013,RGA,Black Hills Corporation,Black Hills Corporation,BLACK HILLS CORPORATION PAC,10000,2013-12-13,entity_simplified
2013,RGA,WEC Energy,Integrys,"INTEGRYS BUSINESS SUPPORT, LLC",10000,2013-03-26,entity_simplified
2013,RGA,Berkshire Hathaway Energy,MidAmerican Energy,MIDAMERICAN ENERGY HOLDINGS COMPANY,10000,2013-05-07,entity_simplified
2013,RGA,Duke Energy,Piedmont Natural Gas,PIEDMONT NATURAL GAS COMPANY,10000,2013-07-02,entity_simplified
2013,RSLC,CMS Energy,Consumers Energy,CONSUMERS ENERGY COMPANY,10000,2013-06-25,entity_simplified
2013,RSLC,Dominion Energy,Dominion Resources,"DOMINION RESOURCES SERVICES, INC.",10000,2013-07-03,entity_simplified
2013,RSLC,Fortis,ITC Holdings,ITC HOLDINGS CORP,10000,2013-08-09,entity_exact
2013,RSLC,Nuclear Energy Institute,Nuclear Energy Institute,NUCLEAR ENERGY INSTITUTE,10000,2013-03-15,entity_exact
2013,RSLC,Puget Sound Energy,Puget Sound Energy,PUGET SOUND ENERGY,10000,2013-12-11,entity_exact
2013,RGA,Berkshire Hathaway Energy,MidAmerican Energy,MIDAMERICAN ENERGY HOLDINGS COMPANY,7500,2013-09-24,entity_simplified
2013,RGA,Berkshire Hathaway Energy,Northern Natural Gas,NORTHERN NATURAL GAS,7500,2013-09-24,entity_exact
2013,RGA,NextEra,NextEra,NEXTERA ENERGY RESOURCES LLC IN-KIND TRAVEL,6128,2013-09-16,entity_word_boundary
2013,DGA,National Grid,National Grid,NATIONAL GRID USA,5996,2013-12-04,entity_simplified
2013,DAGA,Duke Energy,Duke Energy,DUKE ENERGY,5000,2013-07-19,entity_exact
2013,DAGA,Duke Energy,Duke Energy,DUKE ENERGY,5000,2013-09-23,entity_exact
2013,DGA,NextEra,NextEra,NEXTERA ENERGY RESOURCES,5000,2013-03-22,entity_word_boundary
2013,DGA,Eversource,Northeast Utilities,NORTHEAST UTILITIES SERVICE COMPANY,5000,2013-03-28,entity_simplified
2013,DGA,Nuclear Energy Institute,Nuclear Energy Institute,NUCLEAR ENERGY INSTITUTE,5000,2013-05-10,entity_exact
2013,DGA,Public Service Enterprise Group,PSEG,PSEG SERVICES,5000,2013-12-17,entity_word_boundary
2013,DLCC,Dominion Energy,Dominion Resources,"DOMINION RESOURCES, INC.",5000,2013-01-02,entity_simplified
2013,RGA,Southwest Gas,Southwest Gas,SOUTHWEST GAS POLITICAL ACTION COMMITTEE,5000,2013-05-16,entity_simplified
2013,RSLC,Alliant Energy,Alliant Energy,ALLIANT ENERGY CORPORATION SERVICES INC,5000,2013-07-12,entity_simplified
2013,RSLC,Vistra Energy,Energy Future Holdings Corp,ENERGY FUTURE HOLDINGS CORPORATE SERVICES COMPANY,5000,2013-05-16,entity_simplified
2013,RSLC,WEC Energy,Integrys,"INTEGRYS BUSINESS SUPPORT, LLC",5000,2013-03-27,entity_simplified
2013,RSLC,NextEra,NextEra,NEXTERA ENERGY PROJECT MANAGEMENT LLC,5000,2013-07-31,entity_word_boundary
2013,DGA,National Grid,National Grid,NATIONAL GRID USA,3040,2013-12-04,entity_simplified
2013,DLCC,PPL Corporation,PPL People for Good Government,PPL PEOPLE FOR GOOD GOVERNMENT,2500,2013-10-17,entity_exact
2013,GOPAC,American Gas Association,American Gas Association,AMERICAN GAS ASSOCIATION,2500,2013-09-13,entity_exact
2013,RSLC,Southern Company,Georgia Power,GEORGIA POWER COMPANY,2500,2013-09-06,entity_simplified
2013,GOPAC,American Gas Association,American Gas Association,AMERICAN GAS ASSOCIATION,2000,2013-06-21,entity_exact
2013,DGA,National Grid,National Grid,NATIONAL GRID USA,905,2013-12-04,entity_simplified
2013,RGA,NiSource,Nisource Corporate Services,NISOURCE CORPORATE SERVICES CO,900,2013-10-21,entity_simplified
2013,RSLC,Vistra Energy,Energy Future Holdings Corp,ENERGY FUTURE HOLDINGS CORPORATE SERVICES COMPANY,649,2013-08-09,entity_simplified
2013,RSLC,Vistra Energy,Energy Future Holdings Corp,ENERGY FUTURE HOLDINGS CORPORATE SERVICES COMPANY,510,2013-11-26,entity_simplified
2013,RGA,AES Corporation,AES Corporation,AES,450,2013-10-11,entity_word_boundary
2013,RGA,AES Corporation,AES Corporation,AES,450,2013-10-11,entity_word_boundary
2013,RGA,American Gas Association,American Gas Association,AMERICAN GAS ASSOCIATION,450,2013-10-23,entity_exact
2013,RGA,DTE Energy,DTE Energy,DTE ENERGY CORP SVCS LLC,450,2013-10-30,entity_simplified
2013,RGA,Edison Electric Institute,Edison Electric Institute,EDISON ELECTRIC INSTITUTE,450,2013-11-06,entity_exact
2013,RGA,Fortis,ITC Holdings,"ITC HOLDINGS, INC.",450,2013-11-15,entity_simplified
2013,RGA,Nuclear Energy Institute,Nuclear Energy Institute,NUCLEAR ENERGY INSTITUTE,450,2013-10-21,entity_exact
2013,RGA,Pinnacle West Capital,Pinnacle West,PINNACLE WEST,450,2013-11-08,entity_exact
2013,RGA,Public Service Enterprise Group,PSEG Services Corp,PSEG SERVICES CORP.,450,2013-10-28,entity_simplified
2013,RGA,Xcel Energy,Xcel Energy Services,XCEL ENERGY SERVICES INC,450,2013-10-09,entity_simplified
2013,RGA,Xcel Energy,Xcel Energy Services,XCEL ENERGY SERVICES INC,450,2013-10-09,entity_simplified
2013,RSLC,NextEra,NextEra,NEXTERA ENERGY RESOURCES LLC,445,2013-12-19,entity_word_boundary
2013,RSLC,American Gas Association,American Gas Association,AMERICAN GAS ASSOCIATION,400,2013-10-29,entity_exact
2013,RSLC,American Gas Association,American Gas Association,AMERICAN GAS ASSOCIATION,400,2013-11-26,entity_exact
2013,RSLC,DTE Energy,DTE Energy,DTE ENERGY CORPORATION SERVICES LLC,400,2013-11-26,entity_simplified
2013,RSLC,Edison Electric Institute,Edison Electric Institute,EDISON ELECTRIC INSTITUTE,399,2013-10-14,entity_exact
2013,RSLC,NextEra,NextEra,NEXTERA ENERGY PROJECT MANAGEMENT LLC,399,2013-10-14,entity_word_boundary
2013,RSLC,American Gas Association,American Gas Association,AMERICAN GAS ASSOCIATION,375,2013-06-25,entity_exact
2013,DGA,NRG Energy,NRG Energy,NRG ENERGY INC.,350,2013-07-08,entity_simplified
2013,DGA,Exelon,Pepco,PEPCO,350,2013-07-08,entity_word_boundary
2013,RSLC,Alliant Energy,Alliant Energy,ALLIANT ENERGY CORPORATION SERVICES INC,350,2013-03-19,entity_simplified
2013,RSLC,American Gas Association,American Gas Association,AMERICAN GAS ASSOCIATION,350,2013-03-19,entity_exact
2013,RSLC,American Gas Association,American Gas Association,AMERICAN GAS ASSOCIATION,350,2013-04-05,entity_exact
2013,RSLC,Vistra Energy,Energy Future Holdings Corp,ENERGY FUTURE HOLDINGS CORPORATE SERVICES COMPANY,350,2013-03-19,entity_simplified
2013,DGA,Edison Electric Institute,Edison Electric Institute,EDISON ELECTRIC INSTITUTE,325,2013-01-31,entity_exact
2013,RSLC,Edison Electric Institute,Edison Electric Institute,EDISON ELECTRIC INSTITUTE,295,2013-11-26,entity_exact
2013,RSLC,NextEra,NextEra,NEXTERA ENERGY PROJECT MANAGEMENT LLC,295,2013-11-26,entity_word_boundary
2013,RSLC,Fortis,ITC Holdings,ITC HOLDINGS CORP,285,2013-09-20,entity_exact
2013,RSLC,Southern Company,Alabama Power,ALABAMA POWER COMPANY,275,2013-01-25,entity_simplified
2013,RSLC,Xcel Energy,Xcel Energy Services,XCEL ENERGY SERVICES INC.,265,2013-09-20,entity_simplified
2013,RSLC,Vistra Energy,Energy Future Holdings Corp,ENERGY FUTURE HOLDINGS CORPORATE SERVICES COMPANY,250,2013-08-09,entity_simplified
2013,RSLC,American Gas Association,American Gas Association,AMERICAN GAS ASSOCIATION,245,2013-05-23,entity_exact
2013,RSLC,American Gas Association,American Gas Association,AMERICAN GAS ASSOCIATION,150,2013-12-04,entity_exact
2013,DGA,National Grid,National Grid,NATIONAL GRID USA,59,2013-12-04,entity_simplified
2012,DGA,Duke Energy,Duke Energy,DUKE ENERGY CORPORATION,200000,2012-03-27,entity_simplified
2012,RGA,Duke Energy,Duke Energy,DUKE ENERGY,175000,2012-06-22,entity_exact
2012,DGA,Exelon,Exelon,EXELON CORPORATION,150000,2012-06-28,entity_word_boundary
2012,RGA,NextEra,Florida Power & Light,FLORIDA POWER AND LIGHT COMPANY,125000,2012-06-06,entity_simplified
2012,RGA,NextEra,Florida Power & Light,FLORIDA POWER AND LIGHT COMPANY,125000,2012-12-28,entity_simplified
2012,DGA,NextEra,NextEra,NEXTERA ENERGY RESOURCES,100000,2012-08-10,entity_word_boundary
2012,DGA,Nuclear Energy Institute,Nuclear Energy Institute,NUCLEAR ENERGY INSTITUTE,100000,2012-04-17,entity_exact
2012,DGA,Southern Company,Southern Company Services,SOUTHERN COMPANY SERVICES CONFERENCE,100000,2012-01-06,entity_simplified
2012,DGA,Southern Company,Southern Company Services,SOUTHERN COMPANY SERVICES CONFERENCE,100000,2012-03-30,entity_simplified
2012,RGA,Nuclear Energy Institute,Nuclear Energy Institute,NUCLEAR ENERGY INSTITUTE,100000,2012-04-12,entity_exact
2012,RGA,Essential Utilities,Peoples Natural Gas,"PEOPLES NATURAL GAS CO, LLC",100000,2012-09-18,entity_simplified
2012,RSLC,Duke Energy,Duke Energy,DUKE ENERGY/DUKE POWER COMPANY,100000,2012-10-15,entity_simplified
2012,RGA,Southern Company,Southern Company Services,"SOUTHERN COMPANY SERVICES, INC.",75000,2012-10-23,entity_simplified
2012,DGA,Nuclear Energy Institute,Nuclear Energy Institute,NUCLEAR ENERGY INSTITUTE,67756,2012-09-05,entity_exact
2012,DGA,American Electric Power,American Electric Power,AMERICAN ELECTRIC POWER AEP,50000,2012-02-22,entity_simplified
2012,DGA,Calpine,Calpine,CALPINE CORPORATION,50000,2012-05-23,entity_word_boundary
2012,DGA,Entergy,Entergy,ENTERGY,50000,2012-05-30,entity_word_boundary
2012,DGA,National Grid,National Grid,NATIONAL GRID USA,50000,2012-02-09,entity_simplified
2012,DLCC,Nuclear Energy Institute,Nuclear Energy Institute,NUCLEAR ENERGY INSTITUTE,50000,2012-04-09,entity_exact
2012,RGA,American Electric Power,AEP Service Corporation,AEP SERVICE CORPORATION,50000,2012-02-22,entity_exact
2012,RGA,Pinnacle West Capital,APS,APS,50000,2012-10-18,entity_word_boundary
2012,RGA,Dominion Energy,Dominion Resources,"DOMINION RESOURCES SERVICES, INC.",50000,2012-06-20,entity_simplified
2012,RGA,Entergy,Entergy,ENTERGY CORPORATION,50000,2012-02-02,entity_word_boundary
2012,RGA,NextEra,NextEra,NEXTERA ENERGY RESOURCES LLC,50000,2012-10-10,entity_word_boundary
2012,RSLC,Edison Electric Institute,Edison Electric Institute,EDISON ELECTRIC INSTITUTE,50000,2012-03-23,entity_exact
2012,RSLC,NextEra,NextEra,"NEXTERA ENERGY, INC.",50000,2012-10-01,entity_word_boundary
2012,RSLC,Nuclear Energy Institute,Nuclear Energy Institute,NUCLEAR ENERGY INSTITUTE,50000,2012-04-13,entity_exact
2012,DGA,Eversource,Northeast Utilities,NORTHEAST UTILITIES SERVICE COMPANY,40000,2012-04-05,entity_simplified
2012,DGA,Dominion Energy,Dominion Resources,DOMINION RESOURCES,30000,2012-06-18,entity_exact
2012,DAGA,Nuclear Energy Institute,Nuclear Energy Institute,NUCLEAR ENERGY INSTITUTE,25000,2012-07-10,entity_exact
2012,DGA,AES Corporation,AES Corporation,AES CORPORATION,25000,2012-02-09,entity_exact
2012,DGA,American Electric Power,American Electric Power,AMERICAN ELECTRIC POWER AEP,25000,2012-06-18,entity_simplified
2012,DGA,American Electric Power,American Electric Power,AMERICAN ELECTRIC POWER AEP,25000,2012-11-01,entity_simplified
2012,DGA,Dominion Energy,Dominion Resources,DOMINION RESOURCES,25000,2012-04-24,entity_exact
2012,DGA,Edison Electric Institute,Edison Electric Institute,EDISON ELECTRIC INSTITUTE EEI,25000,2012-02-09,entity_simplified
2012,DGA,Eversource,Northeast Utilities,NORTHEAST UTILITIES SERVICE CO.,25000,2012-01-06,entity_simplified
2012,DGA,NRG Energy,NRG Energy,NRG ENERGY INC.,25000,2012-03-16,entity_simplified
2012,DGA,Alta Gas,Washington Gas Light Company,WASHINGTON GAS LIGHT COMPANY,25000,2012-07-17,entity_exact
2012,DGA,Xcel Energy,Xcel Energy,XCEL ENERGY,25000,2012-08-21,entity_exact
2012,DLCC,Berkshire Hathaway Energy,MidAmerican Energy,MIDAMERICAN ENERGY,25000,2012-09-27,entity_exact
2012,RGA,AES Corporation,AES Corporation,AES,25000,2012-01-20,entity_word_boundary
2012,RGA,Southern Company,AGL,AGL RESOURCES,25000,2012-03-29,entity_word_boundary
2012,RGA,Avista Corporation,Avista Corp,AVISTA CORP.,25000,2012-07-13,entity_simplified
2012,RGA,CenterPoint Energy,CenterPoint Energy Service,"CENTERPOINT ENERGY SERVICE COMPANY, LLC",25000,2012-06-05,entity_simplified
2012,RGA,DTE Energy,DTE Energy,DTE ENERGY CORP SVCS LLC,25000,2012-11-09,entity_simplified
2012,RGA,Edison Electric Institute,Edison Electric Institute,EDISON ELECTRIC INSTITUTE,25000,2012-10-16,entity_exact
2012,RGA,Berkshire Hathaway Energy,Nevada Power Company,NEVADA POWER COMPANY,25000,2012-05-25,entity_exact
2012,RGA,NRG Energy,NRG Energy,NRG ENERGY INC,25000,2012-02-28,entity_simplified
2012,RGA,Exelon,Pepco,"PEPCO HOLDING COMPANY, INC.",25000,2012-06-07,entity_word_boundary
2012,RGA,PPL Corporation,PPL Services Corporation,PPL SERVICES CORPORATION,25000,2012-06-12,entity_simplified
2012,RGA,Duke Energy,Progress Energy,PROGRESS ENERGY,25000,2012-05-22,entity_exact
2012,RGA,Public Service Enterprise Group,PSEG Services Corp,PSEG SERVICES CORP.,25000,2012-11-02,entity_simplified
2012,RGA,Xcel Energy,Xcel Energy Services,XCEL ENERGY SERVICES INC,25000,2012-05-23,entity_simplified
2012,RSLC,Alliant Energy,Alliant Energy,ALLIANT ENERGY CORPORATION SERVICES INC,25000,2012-10-31,entity_simplified
2012,RSLC,Dominion Energy,Dominion Resources,"DOMINION RESOURCES SERVICES, INC.",25000,2012-07-20,entity_simplified
2012,RSLC,Duke Energy,Duke Energy,DUKE ENERGY/DUKE POWER COMPANY,25000,2012-12-14,entity_simplified
2012,RSLC,Nuclear Energy Institute,Nuclear Energy Institute,NUCLEAR ENERGY INSTITUTE,25000,2012-03-02,entity_exact
2012,RSLC,Public Service Enterprise Group,PSEG Services Corp,PSEG SERVICES CORPORATION,25000,2012-08-03,entity_simplified
2012,RSLC,American Gas Association,American Gas Association,AMERICAN GAS ASSOCIATION,22500,2012-01-20,entity_exact
2012,DGA,American Gas Association,American Gas Association,AMERICAN GAS ASSOCIATION,20000,2012-01-27,entity_exact
2012,RGA,American Gas Association,American Gas Association,AMERICAN GAS ASSOCIATION,20000,2012-03-13,entity_exact
2012,DAGA,Dominion Energy,Dominion Resources,DOMINION RESOURCES SERVICES  INC.,15000,2012-07-10,entity_simplified
2012,DGA,Edison Electric Institute,Edison Electric Institute,EDISON ELECTRIC INSTITUTE EEI,15000,2012-11-02,entity_simplified
2012,RGA,Puget Sound Energy,Puget Sound Energy,PUGET SOUND ENERGY,15000,2012-11-01,entity_exact
2012,RSLC,Vistra Energy,Energy Future Holdings Corp,ENERGY FUTURE HOLDINGS CORPORATE SERVICES COMPANY,15000,2012-02-10,entity_simplified
2012,RSLC,Exelon,Exelon,"EXELON GENERATION COMPANY, LLC",15000,2012-10-19,entity_word_boundary
2012,RSLC,NextEra,NextEra,"NEXTERA ENERGY, INC.",15000,2012-10-31,entity_word_boundary
2012,DLCC,Edison Electric Institute,Edison Electric Institute,EDISON ELECTRIC INSTITUTE,12000,2012-05-04,entity_exact
2012,DAGA,Alliant Energy,Alliant Energy,ALLIANT ENERGY CORP SRVCS INC,10000,2012-05-18,entity_simplified
2012,DAGA,American Electric Power,American Electric Power,AMERICAN ELECTRIC POWER,10000,2012-02-24,entity_exact
2012,DGA,Ameren,Ameren,AMEREN CORPORATION,10000,2012-05-17,entity_word_boundary
2012,DGA,Exelon,Exelon,EXELON CORPORATION CONFERENCE,10000,2012-10-17,entity_word_boundary
2012,DGA,FirstEnergy,FirstEnergy,FIRSTENERGY CORP,10000,2012-10-03,entity_simplified
2012,DGA,NRG Energy,NRG Energy,NRG ENERGY INC.,10000,2012-06-28,entity_simplified
2012,DGA,Public Service Enterprise Group,PSEG,PSEG SERVICES,10000,2012-09-13,entity_word_boundary
2012,DGA,Puget Sound Energy,Puget Sound Energy,PUGET SOUND ENERGY,10000,2012-10-01,entity_exact
2012,DGA,Southern Company,Southern Company,SOUTHERN COMPANY,10000,2012-10-22,entity_exact
2012,DLCC,Dominion Energy,Dominion Resources,"DOMINION RESOURCES, INC.",10000,2012-06-29,entity_simplified
2012,DLCC,Vistra Energy,Energy Future Holdings Corp,ENERGY FUTURE HOLDINGS,10000,2012-05-31,entity_simplified
2012,DLCC,Exelon,Exelon,EXELON GENERATION,10000,2012-01-03,entity_word_boundary
2012,GOPAC,American Gas Association,American Gas Association,AMERICAN GAS ASSOCIATION,10000,2012-03-22,entity_exact
2012,RGA,Black Hills Corporation,Black Hills Corporation,BLACK HILLS CORPORATION PAC,10000,2012-01-26,entity_simplified
2012,RGA,CMS Energy,Consumers Energy,CONSUMERS ENERGY COMPANY,10000,2012-03-05,entity_simplified
2012,RGA,WEC Energy,Integrys,"INTEGRYS BUSINESS SUPPORT, LLC",10000,2012-05-04,entity_simplified
2012,RGA,Berkshire Hathaway Energy,MidAmerican Energy,MIDAMERICAN ENERGY COMPANY EXECUTIVE PAC,10000,2012-03-19,entity_simplified
2012,RGA,Duke Energy,Piedmont Natural Gas,PIEDMONT NATURAL GAS COMPANY,10000,2012-05-25,entity_simplified
2012,RGA,Public Service Enterprise Group,PSEG Services Corp,PSEG SERVICES CORP.,10000,2012-11-28,entity_simplified
2012,RGA,WEC Energy,Wisconsin Public Service,WISCONSIN PUBLIC SERVICE CORP.,10000,2012-01-17,entity_simplified
2012,RSLC,Alliant Energy,Alliant Energy,ALLIANT ENERGY CORPORATION SERVICES INC,10000,2012-12-14,entity_simplified
2012,RSLC,American Electric Power,American Electric Power,AMERICAN ELECTRIC POWER SERVICE CORPORATION,10000,2012-03-23,entity_simplified
2012,RSLC,American Electric Power,American Electric Power,AMERICAN ELECTRIC POWER SERVICE CORPORATION,10000,2012-10-04,entity_simplified
2012,RSLC,Dominion Energy,Dominion Resources,"DOMINION RESOURCES SERVICES, INC.",10000,2012-05-04,entity_simplified
2012,RSLC,Vistra Energy,Energy Future Holdings Corp,ENERGY FUTURE HOLDINGS CORPORATE SERVICES COMPANY,10000,2012-04-05,entity_simplified
2012,RSLC,Exelon,Exelon,"EXELON GENERATION COMPANY, LLC",10000,2012-02-29,entity_word_boundary
2012,RSLC,WEC Energy,Integrys,"INTEGRYS BUSINESS SUPPORT, LLC",10000,2012-07-20,entity_simplified
2012,RSLC,Berkshire Hathaway Energy,Nevada Power Company,NEVADA POWER COMPANY DBA NV ENERGY,10000,2012-09-07,entity_simplified
2012,RSLC,NiSource,Nisource Inc PAC,NISOURCE INC PAC,10000,2012-10-01,entity_exact
2012,RSLC,Nuclear Energy Institute,Nuclear Energy Institute,NUCLEAR ENERGY INSTITUTE,10000,2012-07-27,entity_exact
2012,RSLC,Sempra Energy,Oncor,ONCOR ELECTRIC DELIVERY,10000,2012-02-10,entity_word_boundary
2012,DAGA,Duke Energy,Duke Energy,DUKE ENERGY,5000,2012-07-10,entity_exact
2012,DGA,Nuclear Energy Institute,Nuclear Energy Institute,NUCLEAR ENERGY INSTITUTE,5000,2012-04-12,entity_exact
2012,DGA,Nuclear Energy Institute,Nuclear Energy Institute,NUCLEAR ENERGY INSTITUTE,5000,2012-10-01,entity_exact
2012,DGA,Nuclear Energy Institute,Nuclear Energy Institute,NUCLEAR ENERGY INSTITUTE,5000,2012-10-10,entity_exact
2012,DLCC,American Gas Association,American Gas Association,AMERICAN GAS ASSOCIATION,5000,2012-08-20,entity_exact
2012,DLCC,Xcel Energy,Xcel Energy,XCEL ENERGY,5000,2012-01-31,entity_exact
2012,RSLC,American Electric Power,American Electric Power,AMERICAN ELECTRIC POWER SERVICE CORPORATION,5000,2012-01-20,entity_simplified
2012,RSLC,American Gas Association,American Gas Association,AMERICAN GAS ASSOCIATION,5000,2012-08-10,entity_exact
2012,RSLC,Pinnacle West Capital,APS,APS,5000,2012-11-26,entity_word_boundary
2012,RSLC,Edison Electric Institute,Edison Electric Institute,EDISON ELECTRIC INSTITUTE,5000,2012-09-28,entity_exact
2012,RSLC,Berkshire Hathaway Energy,Nevada Power Company,NEVADA POWER COMPANY DBA NV ENERGY,5000,2012-06-19,entity_simplified
2012,DGA,Public Service Enterprise Group,PSEG,PSEG SERVICES,3200,2012-02-17,entity_word_boundary
2012,DLCC,Vistra Energy,Energy Future Holdings Corp,ENERGY FUTURE HOLDINGS,2500,2012-05-31,entity_simplified
2012,RGA,Southern Company,AGL,AGL RESOURCES,2500,2012-09-07,entity_word_boundary
2012,RSLC,WEC Energy,Integrys,"INTEGRYS BUSINESS SUPPORT, LLC",2500,2012-05-11,entity_simplified
2012,RSLC,Southwest Gas,Southwest Gas,SOUTHWEST GAS CORPORATION,597,2012-07-05,entity_simplified
2012,RGA,American Electric Power,AEP Service Corporation,AEP SERVICE CORPORATION,450,2012-11-27,entity_exact
2012,RGA,AES Corporation,AES Corporation,AES,450,2012-10-09,entity_word_boundary
2012,RGA,American Gas Association,American Gas Association,AMERICAN GAS ASSOCIATION,450,2012-10-09,entity_exact
2012,RGA,Pinnacle West Capital,APS,APS,450,2012-11-27,entity_word_boundary
2012,RGA,Dominion Energy,Dominion Resources,"DOMINION RESOURCES SERVICES, INC.",450,2012-11-27,entity_simplified
2012,RGA,Duke Energy,Duke Energy,DUKE ENERGY,450,2012-11-02,entity_exact
2012,RGA,Duke Energy,Duke Energy,DUKE ENERGY,450,2012-11-09,entity_exact
2012,RGA,Duke Energy,Duke Energy,DUKE ENERGY,450,2012-11-09,entity_exact
2012,RGA,Edison Electric Institute,Edison Electric Institute,EDISON ELECTRIC INSTITUTE,450,2012-10-31,entity_exact
2012,RGA,Exelon,Exelon,EXELON CORPORATION,450,2012-10-17,entity_word_boundary
2012,RGA,Exelon,Exelon,EXELON CORPORATION,450,2012-10-19,entity_word_boundary
2012,RGA,Berkshire Hathaway Energy,Nevada Power Company,NEVADA POWER COMPANY,450,2012-10-24,entity_exact
2012,RGA,Nuclear Energy Institute,Nuclear Energy Institute,NUCLEAR ENERGY INSTITUTE,450,2012-10-24,entity_exact
2012,RGA,Exelon,Pepco,"PEPCO HOLDING COMPANY, INC.",450,2012-10-17,entity_word_boundary
2012,RGA,Public Service Enterprise Group,PSEG Services Corp,PSEG SERVICES CORP.,450,2012-10-24,entity_simplified
2012,RSLC,NextEra,NextEra,"NEXTERA ENERGY, INC.",430,2012-06-20,entity_word_boundary
2012,RSLC,Edison Electric Institute,Edison Electric Institute,EDISON ELECTRIC INSTITUTE,399,2012-10-08,entity_exact
2012,DGA,AES Corporation,AES Corporation,AES CORPORATION,350,2012-05-10,entity_exact
2012,DGA,American Gas Association,American Gas Association,AMERICAN GAS ASSOCIATION,350,2012-05-10,entity_exact
2012,DGA,Dominion Energy,Dominion Resources,DOMINION RESOURCES,350,2012-02-10,entity_exact
2012,DGA,Edison Electric Institute,Edison Electric Institute,EDISON ELECTRIC INSTITUTE EEI,350,2012-06-19,entity_simplified
2012,DGA,PPL Corporation,PPL Corporation,PPL CORPORATION,350,2012-06-19,entity_exact
2012,DGA,Public Service Enterprise Group,PSEG,PSEG SERVICES,350,2012-02-10,entity_word_boundary
2012,RSLC,American Electric Power,American Electric Power,AMERICAN ELECTRIC POWER SERVICE CORPORATION,350,2012-10-16,entity_simplified
2012,RSLC,American Electric Power,American Electric Power,AMERICAN ELECTRIC POWER SERVICE CORPORATION,325,2012-06-20,entity_simplified
2012,RSLC,American Gas Association,American Gas Association,AMERICAN GAS ASSOCIATION,325,2012-06-20,entity_exact
2012,RSLC,American Electric Power,American Electric Power,AMERICAN ELECTRIC POWER SERVICE CORPORATION,299,2012-02-10,entity_simplified
2012,RSLC,American Electric Power,American Electric Power,AMERICAN ELECTRIC POWER SERVICE CORPORATION,299,2012-03-08,entity_simplified
2012,RSLC,American Gas Association,American Gas Association,AMERICAN GAS ASSOCIATION,299,2012-01-27,entity_exact
2012,RSLC,American Gas Association,American Gas Association,AMERICAN GAS ASSOCIATION,299,2012-02-10,entity_exact
2012,RSLC,American Gas Association,American Gas Association,AMERICAN GAS ASSOCIATION,299,2012-03-08,entity_exact
2012,RSLC,American Gas Association,American Gas Association,AMERICAN GAS ASSOCIATION,299,2012-08-14,entity_exact
2012,RSLC,Edison Electric Institute,Edison Electric Institute,EDISON ELECTRIC INSTITUTE,299,2012-01-27,entity_exact
2012,RSLC,Vistra Energy,Energy Future Holdings Corp,ENERGY FUTURE HOLDINGS CORPORATE SERVICES COMPANY,299,2012-02-10,entity_simplified
2012,RSLC,Vistra Energy,Energy Future Holdings Corp,ENERGY FUTURE HOLDINGS CORPORATE SERVICES COMPANY,299,2012-02-29,entity_simplified
2012,RSLC,Southern Company,Southern Company Services,"SOUTHERN COMPANY SERVICES, INC.",299,2012-02-29,entity_simplified
2012,RSLC,American Gas Association,American Gas Association,AMERICAN GAS ASSOCIATION,275,2012-11-09,entity_exact
2012,RSLC,Edison Electric Institute,Edison Electric Institute,EDISON ELECTRIC INSTITUTE,275,2012-11-30,entity_exact
2012,RSLC,Edison Electric Institute,Edison Electric Institute,EDISON ELECTRIC INSTITUTE,215,2012-05-30,entity_exact
2012,RSLC,NextEra,NextEra,"NEXTERA ENERGY, INC.",-215,2012-07-19,entity_word_boundary
2011,DGA,Exelon,Exelon,EXELON CORPORATION,250000,2011-06-20,entity_word_boundary
2011,RGA,FirstEnergy,FirstEnergy,FIRSTENERGY,250000,2011-12-29,entity_exact
2011,RGA,NextEra,NextEra,"NEXTERA ENERGY RESOURCES, INC.",250000,2011-10-26,entity_word_boundary
2011,RGA,NiSource,Nisource Corporate Services,NISOURCE CORPORATE SERVICES,200000,2011-10-03,entity_exact
2011,DGA,Duke Energy,Duke Energy,DUKE ENERGY CORPORATION,100000,2011-09-13,entity_simplified
2011,DGA,FirstEnergy,First Energy,FIRST ENERGY CORP,100000,2011-06-30,entity_simplified
2011,DGA,NextEra,NextEra,NEXTERA ENERGY RESOURCES,100000,2011-07-26,entity_word_boundary
2011,DGA,Nuclear Energy Institute,Nuclear Energy Institute,NUCLEAR ENERGY INSTITUTE,100000,2011-05-16,entity_exact
2011,DGA,Southern Company,Southern Company,SOUTHERN COMPANY CONFERENCE,100000,2011-01-20,entity_simplified
2011,RGA,Nuclear Energy Institute,Nuclear Energy Institute,NUCLEAR ENERGY INSTITUTE,100000,2011-06-28,entity_exact
2011,RGA,Essential Utilities,Peoples Natural Gas,"PEOPLES NATURAL GAS CO, LLC",100000,2011-10-05,entity_simplified
2011,RGA,Southern Company,Southern Company Services,"SOUTHERN COMPANY SERVICES, INC.",100000,2011-01-19,entity_simplified
2011,RGA,Southern Company,Southern Company Services,"SOUTHERN COMPANY SERVICES, INC.",100000,2011-12-27,entity_simplified
2011,DGA,Duke Energy,Duke Energy,DUKE ENERGY CORPORATION,75000,2011-05-24,entity_simplified
2011,RGA,Duke Energy,Duke Energy,DUKE ENERGY,75000,2011-06-13,entity_exact
2011,DGA,American Electric Power,American Electric Power,AMERICAN ELECTRIC POWER AEP,50000,2011-06-17,entity_simplified
2011,DGA,Calpine,Calpine,CALPINE CORPORATION,50000,2011-06-14,entity_word_boundary
2011,DGA,Exelon,Constellation Energy Group,"CONSTELLATION ENERGY GROUP, INC.",50000,2011-05-31,entity_simplified
2011,DGA,Entergy,Entergy,ENTERGY,50000,2011-05-31,entity_word_boundary
2011,DGA,NRG Energy,NRG Energy,NRG ENERGY INC.,50000,2011-06-29,entity_simplified
2011,DGA,Duke Energy,Progress Energy,"PROGRESS ENERGY, INC",50000,2011-08-22,entity_simplified
2011,DLCC,Nuclear Energy Institute,Nuclear Energy Institute,NUCLEAR ENERGY INSTITUTE,50000,2011-08-09,entity_exact
2011,RGA,American Electric Power,AEP Service Corporation,AEP SERVICE CORPORATION,50000,2011-08-30,entity_exact
2011,RGA,Pinnacle West Capital,APS,APS,50000,2011-04-19,entity_word_boundary
2011,RGA,Exelon,Constellation Energy Group,CONSTELLATION ENERGY GROUP,50000,2011-06-03,entity_exact
2011,RGA,Vistra Energy,Energy Future Holdings Corp,ENERGY FUTURE HOLDING,50000,2011-03-08,entity_simplified
2011,RGA,NiSource,Nisource Corporate Services,NISOURCE CORPORATE SERVICES,50000,2011-04-08,entity_exact
2011,RSLC,Duke Energy,Duke Energy,DUKE ENERGY/DUKE POWER COMPANY,50000,2011-12-15,entity_simplified
2011,RSLC,Edison Electric Institute,Edison Electric Institute,EDISON ELECTRIC INSTITUTE,50000,2011-02-28,entity_exact
2011,RSLC,NextEra,NextEra,"NEXTERA ENERGY, INC.",50000,2011-10-27,entity_word_boundary
2011,RSLC,Nuclear Energy Institute,Nuclear Energy Institute,NUCLEAR ENERGY INSTITUTE,40000,2011-05-13,entity_exact
2011,DAGA,Edison Electric Institute,Edison Electric Institute,EDISON ELECTRIC INSTITUTE,25000,2011-12-20,entity_exact
2011,DAGA,Nuclear Energy Institute,Nuclear Energy Institute,NUCLEAR ENERGY INSTITUTE,25000,2011-09-27,entity_exact
2011,DGA,AES Corporation,AES Corporation,AES CORPORATION,25000,2011-01-04,entity_exact
2011,DGA,American Electric Power,American Electric Power,AMERICAN ELECTRIC POWER AEP,25000,2011-09-01,entity_simplified
2011,DGA,Avista Corporation,Avista Corp,AVISTA CORP,25000,2011-11-03,entity_exact
2011,DGA,Dominion Energy,Dominion Resources,DOMINION RESOURCES,25000,2011-09-19,entity_exact
2011,DGA,Duke Energy,Duke Energy,DUKE ENERGY CORPORATION,25000,2011-05-24,entity_simplified
2011,DGA,Duke Energy,Piedmont Natural Gas,PIEDMONT NATURAL GAS COMPANY,25000,2011-08-10,entity_simplified
2011,DGA,Southern Company,Southern Company,SOUTHERN COMPANY,25000,2011-10-06,entity_exact
2011,DGA,Xcel Energy,Xcel Energy,XCEL ENERGY,25000,2011-06-30,entity_exact
2011,RGA,AES Corporation,AES Corporation,AES,25000,2011-01-04,entity_word_boundary
2011,RGA,Southern Company,AGL,AGL RESOURCES,25000,2011-03-10,entity_word_boundary
2011,RGA,Alliant Energy,Alliant Energy,ALLIANT ENERGY CORPORATE SERVICES INC.,25000,2011-12-23,entity_simplified
2011,RGA,Dominion Energy,Dominion Resources,"DOMINION RESOURCES SERVICES, INC.",25000,2011-09-19,entity_simplified
2011,RGA,DTE Energy,DTE Energy,DTE ENERGY,25000,2011-01-04,entity_exact
2011,RGA,DTE Energy,DTE Energy,DTE ENERGY CORP SVCS LLC,25000,2011-12-28,entity_simplified
2011,RGA,Duke Energy,Duke Energy,DUKE ENERGY,25000,2011-06-13,entity_exact
2011,RGA,Duke Energy,Duke Energy,DUKE ENERGY,25000,2011-12-28,entity_exact
2011,RGA,Edison Electric Institute,Edison Electric Institute,EDISON ELECTRIC INSTITUTE,25000,2011-06-27,entity_exact
2011,RGA,Berkshire Hathaway Energy,Nevada Power Company,NEVADA POWER COMPANY,25000,2011-05-10,entity_exact
2011,RGA,Duke Energy,Progress Energy,PROGRESS ENERGY,25000,2011-11-16,entity_exact
2011,DGA,American Gas Association,American Gas Association,AMERICAN GAS ASSOCIATION AGA,20000,2011-02-15,entity_simplified
2011,RGA,American Gas Association,American Gas Association,AMERICAN GAS ASSOCIATION,20000,2011-03-25,entity_exact
2011,RGA,CenterPoint Energy,CenterPoint Energy Service,"CENTERPOINT ENERGY SERVICE COMPANY, LLC",20000,2011-09-26,entity_simplified
2011,DAGA,Dominion Energy,Dominion Resources,"DOMINION RESOURCES SERVICES, INC.",15000,2011-02-01,entity_simplified
2011,RGA,PPL Corporation,PPL Corporation,PPL CORPORATION,15000,2011-08-02,entity_exact
2011,RGA,Duke Energy,Progress Energy,PROGRESS ENERGY,15000,2011-09-08,entity_exact
2011,RGA,Duke Energy,Progress Energy,PROGRESS ENERGY,15000,2011-09-26,entity_exact
2011,RSLC,Exelon,Exelon,"EXELON GENERATION COMPANY, LLC",15000,2011-12-09,entity_word_boundary
2011,RSLC,Nuclear Energy Institute,Nuclear Energy Institute,NUCLEAR ENERGY INSTITUTE,15000,2011-10-17,entity_exact
2011,RSLC,Southern Company,Southern Company Services,"SOUTHERN COMPANY SERVICES, INC.",15000,2011-04-15,entity_simplified
2011,DLCC,Vistra Energy,Energy Future Holdings Corp,ENERGY FUTURE HOLDINGS,12500,2011-08-23,entity_simplified
2011,DAGA,American Electric Power,American Electric Power,AMERICAN ELECTRIC POWER,10000,2011-03-25,entity_exact
2011,DGA,Dominion Energy,Dominion Resources,DOMINION RESOURCES,10000,2011-06-10,entity_exact
2011,DGA,Exelon,Exelon,EXELON CORPORATION,10000,2011-08-10,entity_word_boundary
2011,DGA,Exelon,Pepco,PEPCO,10000,2011-05-16,entity_word_boundary
2011,DGA,Exelon,Pepco,PEPCO,10000,2011-12-14,entity_word_boundary
2011,DGA,Public Service Enterprise Group,PSEG,PSEG SERVICES,10000,2011-06-07,entity_word_boundary
2011,GOPAC,American Gas Association,American Gas Association,AMERICAN GAS ASSOCIATION,10000,2011-09-29,entity_exact
2011,RGA,NextEra,NextEra,"NEXTERA ENERGY RESOURCES, INC.",10000,2011-01-14,entity_word_boundary
2011,RGA,Exelon,Pepco,"PEPCO HOLDING COMPANY, INC.",10000,2011-10-28,entity_word_boundary
2011,RGA,Duke Energy,Piedmont Natural Gas,PIEDMONT NATURAL GAS,10000,2011-06-03,entity_exact
2011,RGA,Duke Energy,Progress Energy,PROGRESS ENERGY,10000,2011-02-15,entity_exact
2011,RGA,Public Service Enterprise Group,PSEG Services Corp,PSEG SERVICES CORP.,10000,2011-12-05,entity_simplified
2011,RGA,Xcel Energy,Xcel Energy Services,XCEL ENERGY SERVICES INC,10000,2011-07-21,entity_simplified
2011,RSLC,American Electric Power,American Electric Power,AMERICAN ELECTRIC POWER SERVICE CORPORATION,10000,2011-03-18,entity_simplified
2011,RSLC,Vistra Energy,Energy Future Holdings Corp,ENERGY FUTURE HOLDINGS CORPORATE SERVICES COMPANY,10000,2011-05-06,entity_simplified
2011,RSLC,Southern Company,Georgia Power,GEORGIA POWER COMPANY,10000,2011-06-10,entity_simplified
2011,RSLC,WEC Energy,Integrys,"INTEGRYS BUSINESS SUPPORT, LLC",10000,2011-06-29,entity_simplified
2011,RSLC,Nuclear Energy Institute,Nuclear Energy Institute,NUCLEAR ENERGY INSTITUTE,10000,2011-01-31,entity_exact
2011,RSLC,Xcel Energy,Xcel Energy,XCEL ENERGY,10000,2011-08-12,entity_exact
2011,RSLC,American Gas Association,American Gas Association,AMERICAN GAS ASSOCIATION,7500,2011-03-04,entity_exact
2011,RSLC,American Gas Association,American Gas Association,AMERICAN GAS ASSOCIATION,7500,2011-10-14,entity_exact
2011,RSLC,Nuclear Energy Institute,Nuclear Energy Institute,NUCLEAR ENERGY INSTITUTE,7500,2011-09-28,entity_exact
2011,RSLC,Public Service Enterprise Group,PSEG Services Corp,PSEG SERVICES CORPORATION,7500,2011-11-11,entity_simplified
2011,DGA,Duke Energy,Duke Energy,DUKE ENERGY CORPORATION,5500,2011-10-26,entity_simplified
2011,DAGA,Duke Energy,Duke Energy,DUKE ENERGY,5000,2011-09-27,entity_exact
2011,DLCC,Xcel Energy,Xcel Energy PAC,XCEL ENERGY PAC,5000,2011-07-11,entity_exact
2011,RSLC,Nuclear Energy Institute,Nuclear Energy Institute,NUCLEAR ENERGY INSTITUTE,5000,2011-08-26,entity_exact
2011,RSLC,Public Service Enterprise Group,PSEG Services Corp,PSEG SERVICES CORPORATION,5000,2011-03-25,entity_simplified
2011,RSLC,Vistra Energy,Energy Future Holdings Corp,ENERGY FUTURE HOLDINGS CORPORATE SERVICES COMPANY,2500,2011-08-12,entity_simplified
2011,GOPAC,American Gas Association,American Gas Association,AMERICAN GAS ASSOCIATION,2285,2011-11-10,entity_exact
2011,RGA,NextEra,NextEra,"NEXTERA ENERGY RESOURCES, INC.",1007,2011-09-12,entity_word_boundary
2011,RGA,AES Corporation,AES Corporation,AES,450,2011-10-26,entity_word_boundary
2011,RGA,AES Corporation,AES Corporation,AES,450,2011-11-16,entity_word_boundary
2011,RGA,Southern Company,AGL,AGL RESOURCES,450,2011-11-16,entity_word_boundary
2011,RGA,Alliant Energy,Alliant Energy,ALLIANT ENERGY CORPORATE SERVICES INC.,450,2011-11-03,entity_simplified
2011,RGA,American Gas Association,American Gas Association,AMERICAN GAS ASSOCIATION,450,2011-12-06,entity_exact
2011,RGA,CenterPoint Energy,CenterPoint Energy Service,"CENTERPOINT ENERGY SERVICE COMPANY, LLC",450,2011-11-16,entity_simplified
2011,RGA,Exelon,Constellation Energy Group,CONSTELLATION ENERGY GROUP,450,2011-11-08,entity_exact
2011,RGA,Dominion Energy,Dominion Resources,"DOMINION RESOURCES SERVICES, INC.",450,2011-11-11,entity_simplified
2011,RGA,Duke Energy,Duke Energy,DUKE ENERGY,450,2011-11-16,entity_exact
2011,RGA,Edison Electric Institute,Edison Electric Institute,EDISON ELECTRIC INSTITUTE,450,2011-11-16,entity_exact
2011,RGA,Nuclear Energy Institute,Nuclear Energy Institute,NUCLEAR ENERGY INSTITUTE,450,2011-11-16,entity_exact
2011,RGA,Exelon,Pepco,"PEPCO HOLDING COMPANY, INC.",450,2011-11-09,entity_word_boundary
2011,RGA,Exelon,Pepco,"PEPCO HOLDING COMPANY, INC.",450,2011-11-16,entity_word_boundary
2011,RGA,PPL Corporation,PPL Corporation,PPL CORPORATION,450,2011-11-08,entity_exact
2011,DGA,American Gas Association,American Gas Association,AMERICAN GAS ASSOCIATION AGA,350,2011-08-03,entity_simplified
2011,DGA,Exelon,Constellation Energy Group,"CONSTELLATION ENERGY GROUP, INC.",350,2011-08-03,entity_simplified
2011,RSLC,American Electric Power,American Electric Power,AMERICAN ELECTRIC POWER SERVICE CORPORATION,299,2011-06-22,entity_simplified
2011,RSLC,American Gas Association,American Gas Association,AMERICAN GAS ASSOCIATION,299,2011-11-29,entity_exact
2011,RSLC,Dominion Energy,Dominion Resources,"DOMINION RESOURCES SERVICES, INC.",299,2011-11-11,entity_simplified
2011,RSLC,Vistra Energy,Energy Future Holdings Corp,ENERGY FUTURE HOLDINGS CORPORATE SERVICES COMPANY,299,2011-06-29,entity_simplified
2011,RSLC,Nuclear Energy Institute,Nuclear Energy Institute,NUCLEAR ENERGY INSTITUTE,299,2011-10-03,entity_exact
2011,DGA,AES Corporation,AES Corporation,AES CORPORATION,250,2011-12-14,entity_exact
2011,DGA,American Gas Association,American Gas Association,AMERICAN GAS ASSOCIATION AGA,250,2011-06-01,entity_simplified
2011,DGA,American Gas Association,American Gas Association,AMERICAN GAS ASSOCIATION AGA,250,2011-10-07,entity_simplified
2011,DGA,American Gas Association,American Gas Association,AMERICAN GAS ASSOCIATION AGA,250,2011-10-07,entity_simplified
2011,DGA,American Gas Association,American Gas Association,AMERICAN GAS ASSOCIATION AGA,250,2011-11-16,entity_simplified
2011,DGA,Exelon,Pepco,PEPCO,250,2011-10-07,entity_word_boundary
2011,DGA,Exelon,Pepco,PEPCO,250,2011-10-07,entity_word_boundary
2011,DGA,Exelon,Pepco,PEPCO,250,2011-12-14,entity_word_boundary
2011,DGA,Exelon,Pepco,PEPCO,250,2011-12-14,entity_word_boundary
2011,RSLC,Dominion Energy,Dominion Resources,"DOMINION RESOURCES SERVICES, INC.",225,2011-11-08,entity_simplified
2011,RSLC,Edison Electric Institute,Edison Electric Institute,EDISON ELECTRIC INSTITUTE,215,2011-11-30,entity_exact
2011,RSLC,Nuclear Energy Institute,Nuclear Energy Institute,NUCLEAR ENERGY INSTITUTE,100,2011-03-24,entity_exact
2011,RGA,Duke Energy,Progress Energy,PROGRESS ENERGY,-15000,2011-10-25,entity_exact
2010,DGA,FirstEnergy,First Energy,FIRST ENERGY CORP,250000,2010-06-04,entity_simplified
2010,RGA,NextEra,NextEra,"NEXTERA ENERGY RESOURCES, INC.",250000,2010-09-17,entity_word_boundary
2010,DGA,FirstEnergy,First Energy,FIRST ENERGY CORP,200000,2010-09-17,entity_simplified
2010,RGA,FirstEnergy,FirstEnergy,FIRSTENERGY,200000,2010-09-13,entity_exact
2010,RGA,NextEra,NextEra,"NEXTERA ENERGY RESOURCES, INC.",150000,2010-10-12,entity_word_boundary
2010,DGA,NextEra,FPL,"FPL ENERGY, LLC. FLORIDA POWER LIGHT COMPANY.",125000,2010-10-12,entity_word_boundary
2010,DGA,NextEra,FPL,"FPL ENERGY, LLC. FLORIDA POWER LIGHT COMPANY.",125000,2010-10-12,entity_word_boundary
2010,RGA,NextEra,NextEra,"NEXTERA ENERGY RESOURCES, INC.",125000,2010-10-12,entity_word_boundary
2010,RGA,NextEra,NextEra,"NEXTERA ENERGY RESOURCES, INC.",125000,2010-10-12,entity_word_boundary
2010,DGA,Duke Energy,Duke Energy,DUKE ENERGY CORPORATION,100000,2010-02-26,entity_simplified
2010,DGA,Duke Energy,Duke Energy,DUKE ENERGY CORPORATION,100000,2010-12-21,entity_simplified
2010,DGA,NextEra,FPL,"FPL ENERGY, LLC. FLORIDA POWER LIGHT COMPANY.",100000,2010-06-29,entity_word_boundary
2010,DGA,NextEra,FPL,"FPL ENERGY, LLC. FLORIDA POWER LIGHT COMPANY.",100000,2010-09-03,entity_word_boundary
2010,DGA,Southern Company,Southern Company Services,SOUTHERN COMPANY SERVICES CONFERENCE,100000,2010-01-08,entity_simplified
2010,RGA,Vistra Energy,Energy Future Holdings Corp,ENERGY FUTURE HOLDING,100000,2010-01-22,entity_simplified
2010,RGA,FirstEnergy,FirstEnergy,FIRSTENERGY,100000,2010-01-28,entity_exact
2010,RGA,FirstEnergy,FirstEnergy,FIRSTENERGY,100000,2010-03-31,entity_exact
2010,RGA,NextEra,NextEra,"NEXTERA ENERGY RESOURCES, INC.",100000,2010-06-23,entity_word_boundary
2010,DGA,FirstEnergy,Allegheny Energy,"ALLEGHENY ENERGY, INC.",75000,2010-09-17,entity_simplified
2010,DGA,American Electric Power,American Electric Power,AMERICAN ELECTRIC POWER AEP,75000,2010-04-14,entity_simplified
2010,DGA,American Electric Power,American Electric Power,AMERICAN ELECTRIC POWER AEP,75000,2010-08-24,entity_simplified
2010,DGA,Duke Energy,Duke Energy,DUKE ENERGY CORPORATION,50000,2010-02-26,entity_simplified
2010,DGA,Duke Energy,Duke Energy,DUKE ENERGY CORPORATION,50000,2010-05-19,entity_simplified
2010,DGA,Duke Energy,Duke Energy,DUKE ENERGY CORPORATION,50000,2010-09-30,entity_simplified
2010,DGA,Duke Energy,Progress Energy,"PROGRESS ENERGY, INC",50000,2010-04-14,entity_simplified
2010,RGA,FirstEnergy,Allegheny Energy,ALLEGHENY ENERGY,50000,2010-09-14,entity_exact
2010,RGA,American Electric Power,American Electric Power,AMERICAN ELECTRIC POWER,50000,2010-03-15,entity_exact
2010,RGA,American Electric Power,American Electric Power,AMERICAN ELECTRIC POWER,50000,2010-04-29,entity_exact
2010,RGA,American Electric Power,American Electric Power,AMERICAN ELECTRIC POWER,50000,2010-04-30,entity_exact
2010,RGA,Exelon,Constellation Energy Group,CONSTELLATION ENERGY GROUP,50000,2010-05-10,entity_exact
2010,RGA,Duke Energy,Duke Energy,DUKE ENERGY,50000,2010-02-25,entity_exact
2010,RGA,Duke Energy,Duke Energy,DUKE ENERGY,50000,2010-09-29,entity_exact
2010,RGA,Vistra Energy,Energy Future Holdings Corp,ENERGY FUTURE HOLDING,50000,2010-08-25,entity_simplified
2010,RGA,Entergy,Entergy,ENTERGY CORPORATION,50000,2010-11-02,entity_word_boundary
2010,RGA,FirstEnergy,FirstEnergy,FIRSTENERGY CORP.,50000,2010-05-17,entity_simplified
2010,RSLC,Edison Electric Institute,Edison Electric Institute,EDISON ELECTRIC INSTITUTE,50000,2010-04-01,entity_exact
2010,RSLC,FirstEnergy,FirstEnergy,FIRSTENERGY CORP.,50000,2010-08-12,entity_simplified
2010,DGA,Duke Energy,Piedmont Natural Gas,PIEDMONT NATURAL GAS COMPANY,45000,2010-03-11,entity_simplified
2010,RSLC,Dominion Energy,Dominion Resources,"DOMINION RESOURCES SERVICES, INC.",35000,2010-01-15,entity_simplified
2010,DAGA,Dominion Energy,Dominion Resources,"DOMINION RESOURCES SERVICES, INC.",25000,2010-01-18,entity_simplified
2010,DAGA,Edison Electric Institute,Edison Electric Institute,EDISON ELECTRIC INSTITUTE,25000,2010-05-17,entity_exact
2010,DGA,FirstEnergy,Allegheny Energy,"ALLEGHENY ENERGY, INC.",25000,2010-10-13,entity_simplified
2010,DGA,Ameren,Ameren,AMEREN CORPORATION,25000,2010-11-08,entity_word_boundary
2010,DGA,Avista Corporation,Avista Corp,AVISTA CORP,25000,2010-07-13,entity_exact
2010,DGA,Exelon,Constellation Energy Group,"CONSTELLATION ENERGY GROUP, INC.",25000,2010-10-06,entity_simplified
2010,DGA,Dominion Energy,Dominion Resources,DOMINION RESOURCES,25000,2010-01-21,entity_exact
2010,DGA,Dominion Energy,Dominion Resources,DOMINION RESOURCES,25000,2010-03-30,entity_exact
2010,DGA,Dominion Energy,Dominion Resources,DOMINION RESOURCES,25000,2010-09-27,entity_exact
2010,DGA,Edison Electric Institute,Edison Electric Institute,EDISON ELECTRIC INSTITUTE EEI,25000,2010-11-16,entity_simplified
2010,DGA,Evergy,Kansas City Power & Light,KANSAS CITY POWER LIGHT,25000,2010-09-17,entity_exact
2010,DGA,Berkshire Hathaway Energy,MidAmerican Energy,MIDAMERICAN ENERGY HOLDINGS COMPANY,25000,2010-07-22,entity_simplified
2010,DGA,Berkshire Hathaway Energy,Northern Natural Gas,NORTHERN NATURAL GAS COMPANY,25000,2010-07-22,entity_simplified
2010,DGA,NRG Energy,NRG Energy,NRG ENERGY INC.,25000,2010-04-08,entity_simplified
2010,DGA,Nuclear Energy Institute,Nuclear Energy Institute,NUCLEAR ENERGY INSTITUTE,25000,2010-05-19,entity_exact
2010,DGA,Xcel Energy,Xcel Energy,XCEL ENERGY,25000,2010-05-13,entity_exact
2010,RGA,Southern Company,AGL,AGL RESOURCES,25000,2010-01-20,entity_word_boundary
2010,RGA,FirstEnergy,Allegheny Energy,ALLEGHENY ENERGY,25000,2010-06-24,entity_exact
2010,RGA,Alliant Energy,Alliant Energy,ALLIANT ENERGY CORP SERVICES INC.,25000,2010-12-31,entity_simplified
2010,RGA,CenterPoint Energy,CenterPoint Energy,"CENTERPOINT ENERGY, INC",25000,2010-08-25,entity_simplified
2010,RGA,CMS Energy,Consumers Energy,CONSUMERS ENERGY COMPANY,25000,2010-10-08,entity_simplified
2010,RGA,Dominion Energy,Dominion Resources,"DOMINION RESOURCES SERVICES, INC.",25000,2010-01-29,entity_simplified
2010,RGA,Dominion Energy,Dominion Resources,"DOMINION RESOURCES SERVICES, INC.",25000,2010-09-17,entity_simplified
2010,RGA,Dominion Energy,Dominion Resources,"DOMINION RESOURCES SERVICES, INC.",25000,2010-12-31,entity_simplified
2010,RGA,Duke Energy,Duke Energy,DUKE ENERGY,25000,2010-04-12,entity_exact
2010,RGA,Duke Energy,Duke Energy,DUKE ENERGY,25000,2010-09-16,entity_exact
2010,RGA,Berkshire Hathaway Energy,Nevada Power Company,NEVADA POWER COMPANY,25000,2010-04-19,entity_exact
2010,RGA,NiSource,Nisource Corporate Services,NISOURCE CORPORATE SERVICES,25000,2010-05-11,entity_exact
2010,RGA,Berkshire Hathaway Energy,Northern Natural Gas,NORTHERN NATURAL GAS COMPANY,25000,2010-04-12,entity_simplified
2010,RGA,Nuclear Energy Institute,Nuclear Energy Institute,NUCLEAR ENERGY INSTITUTE,25000,2010-04-05,entity_exact
2010,RGA,Public Service Enterprise Group,PSEG Services Corp,PSEG SERVICES CORP.,25000,2010-10-28,entity_simplified
2010,RGA,Xcel Energy,Xcel Energy Services,XCEL ENERGY SERVICES INC,25000,2010-04-23,entity_simplified
2010,DGA,Edison Electric Institute,Edison Electric Institute,EDISON ELECTRIC INSTITUTE EEI,20000,2010-03-11,entity_simplified
2010,DLCC,Berkshire Hathaway Energy,MidAmerican Energy,MIDAMERICAN ENERGY,20000,2010-07-22,entity_exact
2010,RGA,American Gas Association,American Gas Association,AMERICAN GAS ASSOCIATION,20000,2010-03-09,entity_exact
2010,RSLC,Dominion Energy,Dominion Resources,"DOMINION RESOURCES SERVICES, INC.",20000,2010-09-24,entity_simplified
2010,DGA,American Gas Association,American Gas Association,AMERICAN GAS ASSOCIATION AGA,15000,2010-03-11,entity_simplified
2010,DLCC,Exelon,Exelon,EXELON GENERATION,15000,2010-11-12,entity_word_boundary
2010,RGA,Pinnacle West Capital,APS,APS,15000,2010-09-08,entity_word_boundary
2010,RGA,Edison Electric Institute,Edison Electric Institute,EDISON ELECTRIC INSTITUTE,15000,2010-10-12,entity_exact
2010,DLCC,Vistra Energy,Energy Future Holdings Corp,ENERGY FUTURE HOLDINGS,12500,2010-08-16,entity_simplified
2010,DLCC,Nuclear Energy Institute,Nuclear Energy Institute,NUCLEAR ENERGY INSTITUTE,12000,2010-09-08,entity_exact
2010,DAGA,American Electric Power,American Electric Power,AMERICAN ELECTRIC POWER,10000,2010-03-18,entity_exact
2010,DAGA,Nuclear Energy Institute,Nuclear Energy Institute,NUCLEAR ENERGY INSTITUTE,10000,2010-10-18,entity_exact
2010,DGA,Dominion Energy,Dominion Resources,DOMINION RESOURCES,10000,2010-01-21,entity_exact
2010,DGA,NiSource,Nisource Corporate Services,NISOURCE CORPORATE SERVICES,10000,2010-09-22,entity_exact
2010,DGA,Eversource,Northeast Utilities,NORTHEAST UTILITIES SERVICE COMPANY,10000,2010-10-20,entity_simplified
2010,DGA,Exelon,Pepco,PEPCO,10000,2010-04-14,entity_word_boundary
2010,DGA,Puget Sound Energy,Puget Sound Energy,PUGET SOUND ENERGY,10000,2010-06-23,entity_exact
2010,DLCC,Xcel Energy,Xcel Energy PAC,XCEL ENERGY PAC,10000,2010-09-03,entity_exact
2010,RGA,Southern Company,AGL,AGL RESOURCES,10000,2010-07-22,entity_word_boundary
2010,RGA,Pinnacle West Capital,APS,APS,10000,2010-08-24,entity_word_boundary
2010,RGA,IDACORP,Idaho Power,IDAHO POWER,10000,2010-09-29,entity_exact
2010,RGA,Berkshire Hathaway Energy,MidAmerican Energy,MIDAMERICAN ENERGY HOLDINGS CO.,10000,2010-11-09,entity_simplified
2010,RGA,PPL Corporation,PPL Corporation,PPL CORPORATION,10000,2010-06-24,entity_exact
2010,RGA,Public Service Enterprise Group,PSEG Services Corp,PSEG SERVICES CORP.,10000,2010-12-02,entity_simplified
2010,RGA,Southwest Gas,Southwest Gas,SOUTHWEST GAS CORPORATION,10000,2010-08-18,entity_simplified
2010,RGA,WEC Energy,Wisconsin Public Service,WISCONSIN PUBLIC SERVICE CORP.,10000,2010-08-27,entity_simplified
2010,RSLC,Alliant Energy,Alliant Energy,ALLIANT ENERGY CORPORATION,10000,2010-10-13,entity_simplified
2010,RSLC,Dominion Energy,Dominion Resources,"DOMINION RESOURCES SERVICES, INC.",10000,2010-09-24,entity_simplified
2010,RSLC,Vistra Energy,Energy Future Holdings Corp,ENERGY FUTURE HOLDINGS CORPORATE SERVICES COMPANY,10000,2010-08-06,entity_simplified
2010,RSLC,Exelon,Exelon,EXELON CORPORATION,10000,2010-10-19,entity_word_boundary
2010,RSLC,Nuclear Energy Institute,Nuclear Energy Institute,NUCLEAR ENERGY INSTITUTE,10000,2010-03-05,entity_exact
2010,DGA,American Gas Association,American Gas Association,AMERICAN GAS ASSOCIATION AGA,5000,2010-03-11,entity_simplified
2010,DGA,Dominion Energy,Dominion Resources,DOMINION RESOURCES,5000,2010-06-30,entity_exact
2010,DGA,Edison Electric Institute,Edison Electric Institute,EDISON ELECTRIC INSTITUTE EEI,5000,2010-03-11,entity_simplified
2010,DGA,NextEra,FPL,"FPL ENERGY, LLC. FLORIDA POWER LIGHT COMPANY.",5000,2010-10-27,entity_word_boundary
2010,DGA,Exelon,Pepco,PEPCO,5000,2010-03-29,entity_word_boundary
2010,DGA,Exelon,Pepco,PEPCO,5000,2010-04-21,entity_word_boundary
2010,DGA,Duke Energy,Piedmont Natural Gas,PIEDMONT NATURAL GAS COMPANY,5000,2010-03-11,entity_simplified
2010,DLCC,Alliant Energy,Alliant Energy,ALLIANT ENERGY CORPORATION,5000,2010-01-07,entity_simplified
2010,DLCC,Exelon,Exelon,EXELON GENERATION,5000,2010-03-17,entity_word_boundary
2010,DLCC,NRG Energy,NRG Energy,NRG ENERGY,5000,2010-11-18,entity_exact
2010,GOPAC,Exelon,Exelon PAC,EXELON PAC,5000,2010-08-20,entity_exact
2010,RGA,Ameren,AmerenCILCO,AMERENCILCO,5000,2010-09-15,entity_exact
2010,RGA,Salt River Project,Salt River Project,SALT RIVER PROJECT,5000,2010-09-30,entity_exact
2010,RGA,Salt River Project,Salt River Project,SALT RIVER PROJECT,5000,2010-09-30,entity_exact
2010,RGA,Fortis,Tucson Electric Power,TUCSON ELECTRIC POWER,5000,2010-08-19,entity_exact
2010,RSLC,American Electric Power,American Electric Power,AMERICAN ELECTRIC POWER SERVICE CORPORATION,5000,2010-03-12,entity_simplified
2010,RSLC,CenterPoint Energy,CenterPoint Energy Service,"CENTERPOINT ENERGY SERVICE COMPANY, LLC",5000,2010-02-04,entity_simplified
2010,RSLC,Dominion Energy,Dominion Resources,"DOMINION RESOURCES SERVICES, INC.",5000,2010-07-09,entity_simplified
2010,RSLC,Vistra Energy,Energy Future Holdings Corp,ENERGY FUTURE HOLDINGS CORPORATE SERVICES COMPANY,5000,2010-09-17,entity_simplified
2010,RSLC,Puget Sound Energy,Puget Sound Energy,PUGET SOUND ENERGY,5000,2010-06-23,entity_exact
2010,RSLC,American Gas Association,American Gas Association,AMERICAN GAS ASSOCIATION,3500,2010-10-01,entity_exact
2010,DLCC,Berkshire Hathaway Energy,MidAmerican Energy,MIDAMERICAN ENERGY,3000,2010-11-03,entity_exact
2010,DGA,Exelon,Exelon PAC,EXELON PAC,2500,2010-08-26,entity_exact
2010,DLCC,Alliant Energy,Alliant Energy,ALLIANT ENERGY CORPORATION,2500,2010-01-07,entity_simplified
2010,GOPAC,American Gas Association,American Gas Association,AMERICAN GAS ASSOCIATION,2500,2010-07-08,entity_exact
2010,GOPAC,Edison Electric Institute,Edison Electric Institute,EDISON ELECTRIC INSTITUTE,2500,2010-07-15,entity_exact
2010,RSLC,Nuclear Energy Institute,Nuclear Energy Institute,NUCLEAR ENERGY INSTITUTE,2500,2010-02-25,entity_exact
2010,GOPAC,American Gas Association,American Gas Association,AMERICAN GAS ASSOCIATION,2000,2010-01-21,entity_exact
2010,RGA,CenterPoint Energy,CenterPoint Energy,"CENTERPOINT ENERGY, INC",2000,2010-01-08,entity_simplified
2010,RGA,NiSource,Nisource Corporate Services,NISOURCE CORPORATE SERVICES,2000,2010-06-28,entity_exact
2010,RSLC,WEC Energy,Integrys,INTEGRYS ENERGY GROUP PAC,1700,2010-08-06,entity_simplified
2010,RGA,Fortis,UniSource Energy,UNISOURCE ENERGY CORPORATION,1000,2010-08-30,entity_simplified
2010,RSLC,WEC Energy,Integrys,INTEGRYS ENERGY GROUP PAC,900,2010-09-10,entity_simplified
2010,RGA,Entergy,Entergy,ENTERGY CORPORATION,760,2010-04-09,entity_word_boundary
2010,RGA,Southern Company,AGL,AGL RESOURCES,450,2010-10-20,entity_word_boundary
2010,RGA,Southern Company,AGL,AGL RESOURCES,450,2010-10-20,entity_word_boundary
2010,RGA,Alliant Energy,Alliant Energy,ALLIANT ENERGY CORP,450,2010-12-13,entity_simplified
2010,RGA,American Electric Power,American Electric Power,AMERICAN ELECTRIC POWER,450,2010-11-02,entity_exact
2010,RGA,American Gas Association,American Gas Association,AMERICAN GAS ASSOCIATION,450,2010-11-02,entity_exact
2010,RGA,CMS Energy,Consumers Energy,CONSUMERS ENERGY COMPANY,450,2010-11-11,entity_simplified
2010,RGA,Dominion Energy,Dominion Resources,"DOMINION RESOURCES SERVICES, INC.",450,2010-11-12,entity_simplified
2010,RGA,Edison Electric Institute,Edison Electric Institute,EDISON ELECTRIC INSTITUTE,450,2010-11-02,entity_exact
2010,RGA,Vistra Energy,Energy Future Holdings Corp,ENERGY FUTURE HOLDING,450,2010-11-12,entity_simplified
2010,RGA,Berkshire Hathaway Energy,MidAmerican Energy,MIDAMERICAN ENERGY HOLDINGS CO.,450,2010-11-12,entity_simplified
2010,RGA,Berkshire Hathaway Energy,Nevada Power Company,NEVADA POWER COMPANY,450,2010-11-17,entity_exact
2010,RGA,Nuclear Energy Institute,Nuclear Energy Institute,NUCLEAR ENERGY INSTITUTE,450,2010-11-02,entity_exact
2010,RGA,Public Service Enterprise Group,PSEG Services Corp,PSEG SERVICES CORP.,450,2010-11-12,entity_simplified
2010,RGA,Xcel Energy,Xcel Energy Services,XCEL ENERGY SERVICES INC,450,2010-10-20,entity_simplified
2010,RSLC,American Electric Power,American Electric Power,AMERICAN ELECTRIC POWER SERVICE CORPORATION,299,2010-11-19,entity_simplified
2010,RSLC,Dominion Energy,Dominion Resources,"DOMINION RESOURCES SERVICES, INC.",299,2010-06-29,entity_simplified
2010,RSLC,Dominion Energy,Dominion Resources,"DOMINION RESOURCES SERVICES, INC.",299,2010-06-29,entity_simplified
2010,RSLC,Vistra Energy,Energy Future Holdings Corp,ENERGY FUTURE HOLDINGS CORPORATE SERVICES COMPANY,299,2010-06-30,entity_simplified
2010,DGA,NRG Energy,NRG Energy,NRG ENERGY INC.,281,2010-06-17,entity_simplified
2010,DGA,Dominion Energy,Dominion Resources,DOMINION RESOURCES,250,2010-04-12,entity_exact
2010,DGA,NRG Energy,NRG Energy,NRG ENERGY INC.,250,2010-03-29,entity_simplified
2010,RSLC,American Electric Power,American Electric Power,AMERICAN ELECTRIC POWER SERVICE CORPORATION,175,2010-03-05,entity_simplified
2010,DGA,Edison Electric Institute,Edison Electric Institute,EDISON ELECTRIC INSTITUTE EEI,62,2010-06-17,entity_simplified
2010,DGA,FirstEnergy,First Energy,FIRST ENERGY CORP,62,2010-06-17,entity_simplified
2010,DGA,Edison Electric Institute,Edison Electric Institute,EDISON ELECTRIC INSTITUTE EEI,31,2010-06-17,entity_simplified
2010,DGA,NRG Energy,NRG Energy,NRG ENERGY INC.,31,2010-06-17,entity_simplified
2009,DGA,FirstEnergy,First Energy,FIRST ENERGY CORP,100000,2009-04-15,entity_simplified
2009,DGA,NextEra,FPL,"FPL ENERGY, LLC. FLORIDA POWER LIGHT COMPANY.",100000,2009-05-20,entity_word_boundary
2009,DGA,Southern Company,Southern Company Services,"SOUTHERN COMPANY SERVICES, INC.",100000,2009-05-11,entity_simplified
2009,RGA,Southern Company,Southern Company Services,SOUTHERN COMPANY SERVICES,100000,2009-03-26,entity_exact
2009,RGA,Southern Company,Southern Company Services,SOUTHERN COMPANY SERVICES,100000,2009-12-31,entity_exact
2009,DGA,FirstEnergy,Allegheny Energy,"ALLEGHENY ENERGY, INC.",50000,2009-07-22,entity_simplified
2009,DGA,American Electric Power,American Electric Power,AMERICAN ELECTRIC POWER AEP,50000,2009-05-18,entity_simplified
2009,DGA,Duke Energy,Duke Energy,DUKE ENERGY CORPORATION,50000,2009-03-04,entity_simplified
2009,DGA,Duke Energy,Duke Energy,DUKE ENERGY CORPORATION,50000,2009-04-15,entity_simplified
2009,RGA,American Electric Power,American Electric Power,AMERICAN ELECTRIC POWER SERVICE CORPORATION,50000,2009-05-12,entity_simplified
2009,RGA,Dominion Energy,Dominion Resources,"DOMINION RESOURCES SERVICES, INC.",50000,2009-04-30,entity_simplified
2009,RGA,Duke Energy,Duke Energy,DUKE ENERGY,50000,2009-03-16,entity_exact
2009,RGA,FirstEnergy,FirstEnergy,FIRSTENERGY CORP.,50000,2009-09-30,entity_simplified
2009,RGA,NRG Energy,NRG Energy,"NRG ENERGY, INC.",50000,2009-06-30,entity_simplified
2009,RSLC,Edison Electric Institute,Edison Electric Institute,EDISON ELECTRIC INSTITUTE,50000,2009-01-09,entity_exact
2009,RSLC,Dominion Energy,Dominion Resources,"DOMINION RESOURCES SERVICES, INC.",35000,2009-05-29,entity_simplified
2009,DAGA,Edison Electric Institute,Edison Electric Institute,EDISON ELECTRIC INSTITUTE,25000,2009-04-06,entity_exact
2009,DGA,Southern Company,AGL,AGL RESOURCES,25000,2009-07-09,entity_word_boundary
2009,DGA,Alliant Energy,Alliant Energy,ALLIANT ENERGY,25000,2009-12-31,entity_exact
2009,DGA,Dominion Energy,Dominion Resources,DOMINION RESOURCES,25000,2009-02-11,entity_exact
2009,DGA,Edison Electric Institute,Edison Electric Institute,EDISON ELECTRIC INSTITUTE EEI,25000,2009-03-04,entity_simplified
2009,DGA,Berkshire Hathaway Energy,MidAmerican Energy,MIDAMERICAN ENERGY HOLDINGS COMPANY,25000,2009-01-06,entity_simplified
2009,DGA,NRG Energy,NRG Energy,NRG ENERGY INC.,25000,2009-12-31,entity_simplified
2009,DGA,Nuclear Energy Institute,Nuclear Energy Institute,NUCLEAR ENERGY INSTITUTE,25000,2009-06-29,entity_exact
2009,RGA,AES Corporation,AES Corporation,AES,25000,2009-11-17,entity_word_boundary
2009,RGA,Southern Company,AGL,AGL RESOURCES INC.,25000,2009-02-20,entity_word_boundary
2009,RGA,CenterPoint Energy,CenterPoint Energy Service,"CENTERPOINT ENERGY SERVICE COMPANY, LLC",25000,2009-10-01,entity_simplified
2009,RGA,Duke Energy,Duke Energy,DUKE ENERGY,25000,2009-12-14,entity_exact
2009,RGA,Nuclear Energy Institute,Nuclear Energy Institute,NUCLEAR ENERGY INSTITUTE,25000,2009-06-25,entity_exact
2009,RSLC,Duke Energy,Duke Energy,DUKE ENERGY/DUKE POWER COMPANY,25000,2009-06-19,entity_simplified
2009,RSLC,Duke Energy,Duke Energy,DUKE ENERGY/DUKE POWER COMPANY,25000,2009-10-22,entity_simplified
2009,DGA,American Gas Association,American Gas Association,AMERICAN GAS ASSOCIATION AGA,20000,2009-03-17,entity_simplified
2009,DLCC,Berkshire Hathaway Energy,MidAmerican Energy,MIDAMERICAN ENERGY,20000,2009-12-16,entity_exact
2009,RGA,American Gas Association,American Gas Association,AMERICAN GAS ASSOCIATION,20000,2009-04-22,entity_exact
2009,RSLC,American Gas Association,American Gas Association,AMERICAN GAS ASSOCIATION,20000,2009-04-09,entity_exact
2009,DAGA,Dominion Energy,Dominion Resources,"DOMINION RESOURCES SERVICES, INC.",15000,2009-05-11,entity_simplified
2009,DGA,Dominion Energy,Dominion Resources,DOMINION RESOURCES,15000,2009-11-03,entity_exact
2009,DGA,Public Service Enterprise Group,PSEG,PSEG SERVICES,15000,2009-01-06,entity_word_boundary
2009,DGA,Public Service Enterprise Group,PSEG,PSEG SERVICES,15000,2009-12-17,entity_word_boundary
2009,DLCC,Exelon,Exelon,EXELON GENERATION,15000,2009-09-24,entity_word_boundary
2009,RGA,Duke Energy,Duke Energy,DUKE ENERGY,15000,2009-05-05,entity_exact
2009,RGA,Edison Electric Institute,Edison Electric Institute,EDISON ELECTRIC INSTITUTE,15000,2009-12-09,entity_exact
2009,RGA,Public Service Enterprise Group,PSEG Services Corp,PSEG SERVICES CORPORATION,15000,2009-12-31,entity_simplified
2009,DLCC,Vistra Energy,Energy Future Holdings Corp,ENERGY FUTURE HOLDINGS,12500,2009-09-29,entity_simplified
2009,DLCC,Nuclear Energy Institute,Nuclear Energy Institute,NUCLEAR ENERGY INSTITUTE,12000,2009-02-18,entity_exact
2009,DAGA,Nuclear Energy Institute,Nuclear Energy Institute,NUCLEAR ENERGY INSTITUTE,10000,2009-10-01,entity_exact
2009,DGA,AES Corporation,AES Corporation,AES CORPORATION,10000,2009-07-29,entity_exact
2009,DGA,Calpine,Calpine,CALPINE CORPORATION,10000,2009-03-04,entity_word_boundary
2009,DGA,Calpine,Calpine,CALPINE CORPORATION,10000,2009-12-15,entity_word_boundary
2009,DGA,Eversource,Northeast Utilities,NORTHEAST UTILITIES SERVICE COMPANY,10000,2009-01-06,entity_simplified
2009,DGA,Exelon,Pepco,PEPCO,10000,2009-03-04,entity_word_boundary
2009,DGA,Southern Company,Southern Company Services,"SOUTHERN COMPANY SERVICES, INC.",10000,2009-01-23,entity_simplified
2009,DGA,Xcel Energy,Xcel Energy,XCEL ENERGY,10000,2009-02-03,entity_exact
2009,RGA,Black Hills Corporation,Black Hills Corporation,"BLACK HILLS CORPORATION, PAC",10000,2009-08-04,entity_simplified
2009,RGA,Calpine,Calpine,CALPINE CORP.,10000,2009-12-31,entity_word_boundary
2009,RGA,Calpine,Calpine,CALPINE CORPORATION,10000,2009-03-16,entity_word_boundary
2009,RGA,Berkshire Hathaway Energy,Nevada Power Company,NEVADA POWER COMPANY,10000,2009-11-20,entity_exact
2009,RGA,Duke Energy,Piedmont Natural Gas,PIEDMONT NATURAL GAS COMPANY,10000,2009-06-30,entity_simplified
2009,RGA,Duke Energy,Progress Energy,"PROGRESS ENERGY, INC.",10000,2009-01-27,entity_simplified
2009,RGA,Xcel Energy,Xcel Energy,XCEL ENERGY,10000,2009-02-10,entity_exact
2009,RSLC,Vistra Energy,Energy Future Holdings Corp,ENERGY FUTURE HOLDINGS CORPORATE SERVICES COMPANY,10000,2009-10-01,entity_simplified
2009,DAGA,Dominion Energy,Dominion Resources,"DOMINION RESOURCES SERVICES, INC.",5000,2009-10-01,entity_simplified
2009,DAGA,Entergy,Entergy Services,"ENTERGY SERVICES, INC.",5000,2009-05-21,entity_simplified
2009,DAGA,Salt River Project,Salt River Project,SALT RIVER PROJECT,5000,2009-06-22,entity_exact
2009,DGA,Ameren,Ameren,AMEREN CORPORATION,5000,2009-12-31,entity_word_boundary
2009,DGA,Dominion Energy,Dominion Resources,DOMINION RESOURCES,5000,2009-07-29,entity_exact
2009,DGA,Dominion Energy,Dominion Resources,DOMINION RESOURCES,5000,2009-10-21,entity_exact
2009,RGA,Berkshire Hathaway Energy,MidAmerican Energy,MIDAMERICAN ENERGY HOLDINGS CO,5000,2009-09-01,entity_simplified
2009,RGA,Public Service Enterprise Group,PSEG Services Corp,PSEG SERVICES CORPORATION,5000,2009-07-28,entity_simplified
2009,RSLC,Southern Company,Alabama Power,ALABAMA POWER COMPANY,5000,2009-08-25,entity_simplified
2009,RSLC,American Electric Power,American Electric Power,AMERICAN ELECTRIC POWER SERVICE CORPORATION,5000,2009-06-12,entity_simplified
2009,RSLC,CenterPoint Energy,CenterPoint Energy Service,"CENTERPOINT ENERGY SERVICE COMPANY, LLC",5000,2009-11-13,entity_simplified
2009,RSLC,Vistra Energy,Energy Future Holdings Corp,ENERGY FUTURE HOLDINGS CORPORATE SERVICES COMPANY,5000,2009-10-14,entity_simplified
2009,RSLC,Nuclear Energy Institute,Nuclear Energy Institute,NUCLEAR ENERGY INSTITUTE,5000,2009-03-26,entity_exact
2009,RSLC,Nuclear Energy Institute,Nuclear Energy Institute,NUCLEAR ENERGY INSTITUTE,5000,2009-04-03,entity_exact
2009,RSLC,Puget Sound Energy,Puget Sound Energy,PUGET SOUND ENERGY,5000,2009-12-18,entity_exact
2009,DAGA,American Electric Power,American Electric Power,AMERICAN ELECTRIC POWER,2500,2009-05-21,entity_exact
2009,DLCC,PPL Corporation,PPL Electric Utilities Corporation,PPL ELECTRIC UTILITIES CORPORATION,2500,2009-09-24,entity_exact
2009,RSLC,Dominion Energy,Dominion Resources,"DOMINION RESOURCES SERVICES, INC.",2500,2009-06-04,entity_simplified
2009,RSLC,Duke Energy,Piedmont Natural Gas,PIEDMONT NATURAL GAS CO.,2500,2009-08-14,entity_simplified
2009,DGA,Consolidated Edison,Consolidated Edison,"CONSOLIDATED EDISON, INC. EMPLOYEES PAC",2000,2009-09-29,entity_simplified
2009,DGA,Edison Electric Institute,Edison Electric Institute,EDISON ELECTRIC INSTITUTE EEI,1585,2009-12-11,entity_simplified
2009,RSLC,Southern Company,AGL,AGL RESOURCES,1000,2009-08-14,entity_word_boundary
2009,RSLC,Berkshire Hathaway Energy,Nevada Power Company,NEVADA POWER COMPANYSIERRA PACIFIC POWER COMPANY,1000,2009-09-03,entity_simplified
2009,DGA,American Gas Association,American Gas Association,AMERICAN GAS ASSOCIATION AGA,914,2009-11-18,entity_simplified
2009,RGA,AES Corporation,AES Corporation,AES,450,2009-11-11,entity_word_boundary
2009,RGA,American Electric Power,American Electric Power,AMERICAN ELECTRIC POWER SERVICE CORPORATION,450,2009-11-10,entity_simplified
2009,RGA,CenterPoint Energy,CenterPoint Energy Service,"CENTERPOINT ENERGY SERVICE COMPANY, LLC",450,2009-10-12,entity_simplified
2009,RGA,Edison Electric Institute,Edison Electric Institute,EDISON ELECTRIC INSTITUTE,450,2009-11-10,entity_exact
2009,RGA,Exelon,Exelon,EXELON,450,2009-11-10,entity_word_boundary
2009,RGA,Public Service Enterprise Group,PSEG Services Corp,PSEG SERVICES CORPORATION,450,2009-11-11,entity_simplified
2009,RGA,Southern Company,Southern Company Services,SOUTHERN COMPANY SERVICES,450,2009-09-28,entity_exact
2009,RSLC,Nuclear Energy Institute,Nuclear Energy Institute,NUCLEAR ENERGY INSTITUTE,299,2009-06-17,entity_exact
2009,DGA,Public Service Enterprise Group,PSEG,PSEG SERVICES,295,2009-11-12,entity_word_boundary
2009,DGA,American Gas Association,American Gas Association,AMERICAN GAS ASSOCIATION AGA,250,2009-04-06,entity_simplified
2009,DGA,CMS Energy,CMS Energy,CMS ENERGY CORPORATION,250,2009-07-09,entity_simplified
2009,DGA,Public Service Enterprise Group,PSEG,PSEG SERVICES,250,2009-11-12,entity_word_boundary
2009,RSLC,CenterPoint Energy,CenterPoint Energy Service,"CENTERPOINT ENERGY SERVICE COMPANY, LLC",250,2009-12-03,entity_simplified
2009,DGA,Public Service Enterprise Group,PSEG,PSEG SERVICES,200,2009-08-05,entity_word_boundary
2009,DGA,FirstEnergy,Allegheny Energy,"ALLEGHENY ENERGY, INC.",100,2009-08-05,entity_simplified
2009,RSLC,American Gas Association,American Gas Association,AMERICAN GAS ASSOCIATION,31,2009-06-17,entity_exact
2008,DGA,NextEra,FPL,"FPL ENERGY, LLC.",100000,2008-05-13,entity_word_boundary
2008,RGA,Duke Energy,Duke Energy,DUKE ENERGY,100000,2008-09-09,entity_exact
2008,RGA,Southern Company,Southern Company Services,"SOUTHERN COMPANY SERVICES, INC.",100000,2008-01-24,entity_simplified
2008,DGA,American Electric Power,American Electric Power,AMERICAN ELECTRIC POWER AEP,75000,2008-05-13,entity_simplified
2008,RGA,Nuclear Energy Institute,Nuclear Energy Institute,NUCLEAR ENERGY INSTITUTE,65763,2008-09-01,entity_exact
2008,DGA,FirstEnergy,Allegheny Energy,"ALLEGHENY ENERGY, INC.",50000,2008-03-31,entity_simplified
2008,DGA,Southern Company,Southern Company Services,"SOUTHERN COMPANY SERVICES, INC.",50000,2008-05-30,entity_simplified
2008,DGA,Southern Company,Southern Company Services,"SOUTHERN COMPANY SERVICES, INC.",50000,2008-10-14,entity_simplified
2008,RGA,American Electric Power,American Electric Power,AMERICAN ELECTRIC POWER SERVICE CORPORATION,50000,2008-03-25,entity_simplified
2008,RGA,American Gas Association,American Gas Association,AMERICAN GAS ASSOCIATION,50000,2008-06-30,entity_exact
2008,RGA,Atmos Energy,Atmos Energy,ATMOS ENERGY CORPORATION,50000,2008-03-31,entity_simplified
2008,RGA,NextEra,Florida Power & Light,FLORIDA POWER AND LIGHT COMPANY,50000,2008-11-17,entity_simplified
2008,RGA,NRG Energy,NRG Energy,"NRG ENERGY, INC.",50000,2008-04-16,entity_simplified
2008,RSLC,Edison Electric Institute,Edison Electric Institute,EDISON ELECTRIC INSTITUTE,45000,2008-04-25,entity_exact
2008,DGA,Dominion Energy,Dominion Resources,DOMINION RESOURCES,35000,2008-10-14,entity_exact
2008,RSLC,Dominion Energy,Dominion Resources,"DOMINION RESOURCES SERVICES, INC.",35000,2008-10-17,entity_simplified
2008,RSLC,American Gas Association,American Gas Association,AMERICAN GAS ASSOCIATION,34000,2008-05-30,entity_exact
2008,RSLC,American Electric Power,American Electric Power,AMERICAN ELECTRIC POWER SERVICE CORPORATION,30000,2008-10-10,entity_simplified
2008,DAGA,Dominion Energy,Dominion Resources,"DOMINION RESOURCES SERVICES, INC.",25000,2008-08-19,entity_simplified
2008,DAGA,Edison Electric Institute,Edison Electric Institute,EDISON ELECTRIC INSTITUTE,25000,2008-08-18,entity_exact
2008,DGA,AES Corporation,AES Corporation,AES CORPORATION,25000,2008-10-23,entity_exact
2008,DGA,Alliant Energy,Alliant Energy,ALLIANT ENERGY,25000,2008-12-08,entity_exact
2008,DGA,Calpine,Calpine,CALPINE CORPORATION,25000,2008-08-19,entity_word_boundary
2008,DGA,Edison Electric Institute,Edison Electric Institute,EDISON ELECTRIC INSTITUTE EEI,25000,2008-02-05,entity_simplified
2008,DGA,NextEra,FPL,"FPL ENERGY, LLC.",25000,2008-01-25,entity_word_boundary
2008,DGA,Nuclear Energy Institute,Nuclear Energy Institute,NUCLEAR ENERGY INSTITUTE,25000,2008-03-14,entity_exact
2008,DLCC,Berkshire Hathaway Energy,MidAmerican Energy,MIDAMERICAN ENERGY,25000,2008-07-29,entity_exact
2008,RGA,Southern Company,AGL,AGL RESOURCES,25000,2008-03-18,entity_word_boundary
2008,RGA,Calpine,Calpine,CALPINE CORPORATION,25000,2008-08-19,entity_word_boundary
2008,RGA,CenterPoint Energy,CenterPoint Energy Service,"CENTERPOINT ENERGY SERVICE COMPANY, LLC",25000,2008-04-09,entity_simplified
2008,RGA,Dominion Energy,Dominion Resources,"DOMINION RESOURCES, INC.",25000,2008-10-16,entity_simplified
2008,RGA,NextEra,Florida Power & Light,FLORIDA POWER AND LIGHT COMPANY,25000,2008-02-19,entity_simplified
2008,RGA,Nuclear Energy Institute,Nuclear Energy Institute,NUCLEAR ENERGY INSTITUTE,25000,2008-04-15,entity_exact
2008,RSLC,Duke Energy,Duke Energy,DUKE ENERGY/DUKE POWER COMPANY,25000,2008-05-09,entity_simplified
2008,DGA,American Gas Association,American Gas Association,AMERICAN GAS ASSOCIATION AGA,20000,2008-01-30,entity_simplified
2008,RGA,American Gas Association,American Gas Association,AMERICAN GAS ASSOCIATION,20000,2008-04-10,entity_exact
2008,RGA,Duke Energy,Progress Energy,"PROGRESS ENERGY SERVICE COMPANY, LLC",20000,2008-08-27,entity_simplified
2008,DLCC,Berkshire Hathaway Energy,MidAmerican Energy,MIDAMERICAN ENERGY,15000,2008-02-08,entity_exact
2008,RGA,Edison Electric Institute,Edison Electric Institute,EDISON ELECTRIC INSTITUTE,15000,2008-12-30,entity_exact
2008,RGA,Public Service Enterprise Group,PSEG,PSEG,15000,2008-09-30,entity_word_boundary
2008,RGA,Puget Sound Energy,Puget Sound Energy,PUGET SOUND ENERGY,15000,2008-10-09,entity_exact
2008,RSLC,American Gas Association,American Gas Association,AMERICAN GAS ASSOCIATION,15000,2008-07-28,entity_exact
2008,DLCC,Vistra Energy,Energy Future Holdings Corp,ENERGY FUTURE HOLDINGS,12000,2008-10-07,entity_simplified
2008,DLCC,Nuclear Energy Institute,Nuclear Energy Institute,NUCLEAR ENERGY INSTITUTE,12000,2008-12-10,entity_exact
2008,DGA,Calpine,Calpine,CALPINE CORPORATION,10000,2008-03-14,entity_word_boundary
2008,DGA,Exelon,Pepco,PEPCO,10000,2008-03-25,entity_word_boundary
2008,DGA,Southern Company,Southern Company Services,"SOUTHERN COMPANY SERVICES, INC.",10000,2008-09-04,entity_simplified
2008,DGA,WEC Energy,We Energies,WE ENERGIES,10000,2008-06-11,entity_exact
2008,DLCC,CMS Energy,Consumers Energy,CONSUMERS ENERGY COMPANY,10000,2008-10-21,entity_simplified
2008,DLCC,DTE Energy,DTE Energy,DTE ENERGY,10000,2008-10-27,entity_exact
2008,DLCC,Exelon,Exelon,EXELON CORPORATION,10000,2008-10-30,entity_word_boundary
2008,RGA,Calpine,Calpine,CALPINE CORPORATION,10000,2008-03-11,entity_word_boundary
2008,RGA,Duke Energy,Piedmont Natural Gas,PIEDMONT NATURAL GAS COMPANY,10000,2008-07-29,entity_simplified
2008,RGA,Duke Energy,Progress Energy,PROGRESS ENERGY,10000,2008-01-29,entity_exact
2008,RGA,Public Service Enterprise Group,PSEG,PSEG,10000,2008-08-04,entity_word_boundary
2008,RSLC,American Gas Association,American Gas Association,AMERICAN GAS ASSOCIATION,10000,2008-05-16,entity_exact
2008,RSLC,Vistra Energy,Energy Future Holdings Corp,ENERGY FUTURE HOLDINGS CORPORATE SERVICES COMPANY,10000,2008-11-06,entity_simplified
2008,DGA,Xcel Energy,Xcel Energy,XCEL ENERGY,6000,2008-08-07,entity_exact
2008,DAGA,Salt River Project,Salt River Project,SALT RIVER PROJECT,5000,2008-04-22,entity_exact
2008,DGA,Dominion Energy,Dominion Resources,DOMINION RESOURCES,5000,2008-03-25,entity_exact
2008,RGA,Berkshire Hathaway Energy,Nevada Power Company,NEVADA POWER COMPANY,5000,2008-10-14,entity_exact
2008,RGA,Berkshire Hathaway Energy,Pacificorp,PACIFICORP,5000,2008-10-06,entity_exact
2008,RGA,Southern Company,Southern Company Services,"SOUTHERN COMPANY SERVICES, INC.",5000,2008-08-22,entity_simplified
2008,RSLC,DTE Energy,DTE Energy,DTE ENERGY CORPORATION SERVICES LLC,5000,2008-11-21,entity_simplified
2008,RSLC,Nuclear Energy Institute,Nuclear Energy Institute,NUCLEAR ENERGY INSTITUTE,5000,2008-01-02,entity_exact
2008,RSLC,Puget Sound Energy,Puget Sound Energy,PUGET SOUND ENERGY,5000,2008-12-15,entity_exact
2008,DGA,Algonquin,Empire District,EMPIRE DISTRICT ELECTRIC COMPANY,3000,2008-10-14,entity_simplified
2008,DGA,Public Service Enterprise Group,PSEG,PSEG SERVICES,2500,2008-08-19,entity_word_boundary
2008,RSLC,American Gas Association,American Gas Association,AMERICAN GAS ASSOCIATION,2500,2008-06-24,entity_exact
2008,DGA,Algonquin,Empire District,EMPIRE DISTRICT ELECTRIC COMPANY,1000,2008-10-14,entity_simplified
2008,DLCC,Xcel Energy,Xcel Energy PAC,XCEL ENERGY PAC,1000,2008-12-11,entity_exact
2008,RGA,Southern Company,Southern Company Services,"SOUTHERN COMPANY SERVICES, INC.",900,2008-10-31,entity_simplified
2008,DLCC,American Electric Power,Appalachian Power,APPALACHIAN POWER COMPANY,750,2008-07-02,entity_exact
2008,RGA,Southern Company,AGL,AGL RESOURCES INC.,450,2008-10-29,entity_word_boundary
2008,RGA,American Electric Power,American Electric Power,AMERICAN ELECTRIC POWER,450,2008-11-10,entity_exact
2008,RGA,American Gas Association,American Gas Association,AMERICAN GAS ASSOCIATION,450,2008-10-13,entity_exact
2008,RGA,NextEra,Florida Power & Light,FLORIDA POWER AND LIGHT COMPANY,450,2008-11-06,entity_simplified
2008,RGA,Nuclear Energy Institute,Nuclear Energy Institute,NUCLEAR ENERGY INSTITUTE,450,2008-10-13,entity_exact
2008,RGA,Sempra Energy,Sempra Energy,SEMPRA ENERGY,450,2008-11-05,entity_exact
2008,RGA,Sempra Energy,Sempra Energy,SEMPRA ENERGY,450,2008-11-05,entity_exact
2008,RSLC,American Gas Association,American Gas Association,AMERICAN GAS ASSOCIATION,339,2008-09-30,entity_exact
2008,RSLC,Nuclear Energy Institute,Nuclear Energy Institute,NUCLEAR ENERGY INSTITUTE,299,2008-07-09,entity_exact
2008,DGA,Alliant Energy,Alliant Energy,ALLIANT ENERGY,250,2008-11-18,entity_exact
2008,DGA,American Electric Power,American Electric Power,AMERICAN ELECTRIC POWER AEP,250,2008-04-04,entity_simplified
2008,DGA,American Gas Association,American Gas Association,AMERICAN GAS ASSOCIATION AGA,250,2008-04-04,entity_simplified
2008,DGA,American Gas Association,American Gas Association,AMERICAN GAS ASSOCIATION AGA,250,2008-11-18,entity_simplified
2008,DGA,Dominion Energy,Dominion Resources,DOMINION RESOURCES,250,2008-10-16,entity_exact
2008,DGA,Duke Energy,Duke Energy,DUKE ENERGY CORPORATION,250,2008-04-04,entity_simplified
2008,DGA,Duke Energy,Duke Energy,DUKE ENERGY CORPORATION,250,2008-06-18,entity_simplified
2008,DGA,Duke Energy,Duke Energy,DUKE ENERGY CORPORATION,250,2008-07-01,entity_simplified
2008,DGA,Public Service Enterprise Group,PSEG,PSEG SERVICES,250,2008-04-04,entity_word_boundary
2008,DGA,Nuclear Energy Institute,Nuclear Energy Institute,NUCLEAR ENERGY INSTITUTE,150,2008-05-22,entity_exact
2008,RSLC,Edison Electric Institute,Edison Electric Institute,EDISON ELECTRIC INSTITUTE,36,2008-06-26,entity_exact
2007,RGA,Southern Company,Southern Company,SOUTHERN COMPANY,100000,2007-02-28,entity_exact
2007,DGA,American Electric Power,American Electric Power,AMERICAN ELECTRIC POWER AEP,50000,2007-04-13,entity_simplified
2007,RGA,American Electric Power,American Electric Power,AMERICAN ELECTRIC POWER,50000,2007-03-21,entity_exact
2007,RSLC,Edison Electric Institute,Edison Electric Institute,EDISON ELECTRIC INSTITUTE,50000,2007-04-05,entity_exact
2007,RGA,NextEra,Florida Power & Light,FLORIDA POWER AND LIGHT COMPANY,30000,2007-10-04,entity_simplified
2007,DAGA,Edison Electric Institute,Edison Electric Institute,EDISON ELECTRIC INSTITUTE,25000,2007-06-29,entity_exact
2007,DGA,Avista Corporation,Avista Corp,AVISTA CORP,25000,2007-10-09,entity_exact
2007,DGA,Dominion Energy,Dominion Resources,DOMINION RESOURCES,25000,2007-08-16,entity_exact
2007,DGA,DTE Energy,DTE Energy,DTE ENERGY,25000,2007-08-03,entity_exact
2007,DGA,Duke Energy,Duke Energy,DUKE ENERGY CORPORATION,25000,2007-10-09,entity_simplified
2007,DGA,Eversource,Northeast Utilities,NORTHEAST UTILITIES SERVICE COMPANY,25000,2007-04-13,entity_simplified
2007,DGA,Puget Sound Energy,Puget Sound Energy,PUGET SOUND ENERGY,25000,2007-11-30,entity_exact
2007,DGA,Xcel Energy,Xcel Energy,XCEL ENERGY,25000,2007-08-16,entity_exact
2007,RGA,CenterPoint Energy,CenterPoint Energy,CENTERPOINT ENERGY,25000,2007-03-01,entity_exact
2007,RGA,NextEra,Florida Power & Light,FLORIDA POWER AND LIGHT COMPANY,25000,2007-04-02,entity_simplified
2007,RGA,Berkshire Hathaway Energy,Nevada Power Company,NEVADA POWER COMPANY,25000,2007-08-31,entity_exact
2007,RGA,Xcel Energy,Xcel Energy,XCEL ENERGY,25000,2007-09-11,entity_exact
2007,RSLC,Dominion Energy,Dominion Resources,"DOMINION RESOURCES SERVICES, INC.",25000,2007-04-05,entity_simplified
2007,RGA,American Gas Association,American Gas Association,AMERICAN GAS ASSOCIATION,20000,2007-02-22,entity_exact
2007,DGA,Public Service Enterprise Group,PSEG,PSEG SERVICES,15000,2007-12-21,entity_word_boundary
2007,RGA,Edison Electric Institute,Edison Electric Institute,EDISON ELECTRIC INSTITUTE,15000,2007-11-20,entity_exact
2007,RGA,Public Service Enterprise Group,PSEG Services Corp,PSEG SERVICES CORP.,15000,2007-11-12,entity_simplified
2007,RSLC,American Electric Power,American Electric Power,AMERICAN ELECTRIC POWER SERVICE CORPORATION,15000,2007-10-18,entity_simplified
2007,RSLC,Duke Energy,Duke Energy,DUKE ENERGY/DUKE POWER COMPANY,15000,2007-10-12,entity_simplified
2007,DGA,Sempra Energy,Sempra Energy,SEMPRA ENERGY,12500,2007-10-18,entity_exact
2007,RGA,Sempra Energy,Sempra Energy,SEMPRA ENERGY,12500,2007-10-15,entity_exact
2007,DLCC,Edison Electric Institute,Edison Electric Institute,EDISON ELECTRIC INSTITUTE,12000,2007-09-26,entity_exact
2007,DGA,American Gas Association,American Gas Association,AMERICAN GAS ASSOCIATION AGA,10000,2007-01-22,entity_simplified
2007,DGA,Pinnacle West Capital,Arizona Public Service,ARIZONA PUBLIC SERVICE COMPANY,10000,2007-04-13,entity_simplified
2007,DGA,Calpine,Calpine,CALPINE CORPORATION,10000,2007-03-16,entity_word_boundary
2007,DGA,Edison Electric Institute,Edison Electric Institute,EDISON ELECTRIC INSTITUTE EEI,10000,2007-11-30,entity_simplified
2007,RGA,Southern Company,Alabama Power,ALABAMA POWER CO. EMPLOYEES STATE PAC,10000,2007-07-24,entity_simplified
2007,RGA,Calpine,Calpine,CALPINE CORPORATION,10000,2007-03-16,entity_word_boundary
2007,RGA,Exelon,Constellation Energy Group,"CONSTELLATION ENERGY GROUP, INC.",10000,2007-02-21,entity_simplified
2007,RGA,DTE Energy,DTE Energy,DTE ENERGY,10000,2007-04-03,entity_exact
2007,RGA,National Grid,National Grid,NATIONAL GRID,10000,2007-08-30,entity_exact
2007,RGA,Duke Energy,Progress Energy,"PROGRESS ENERGY, INC.",10000,2007-01-30,entity_simplified
2007,RSLC,American Gas Association,American Gas Association,AMERICAN GAS ASSOCIATION,10000,2007-01-12,entity_exact
2007,RSLC,American Gas Association,American Gas Association,AMERICAN GAS ASSOCIATION,10000,2007-02-13,entity_exact
2007,RSLC,Dominion Energy,Dominion Resources,"DOMINION RESOURCES SERVICES, INC.",10000,2007-07-27,entity_simplified
2007,RSLC,Exelon,Exelon,EXELON CORPORATION,10000,2007-06-22,entity_word_boundary
2007,DLCC,Nuclear Energy Institute,Nuclear Energy Institute,NUCLEAR ENERGY INSTITUTE,6000,2007-06-07,entity_exact
2007,DAGA,Salt River Project,Salt River Project,SALT RIVER PROJECT,5000,2007-04-17,entity_exact
2007,DLCC,WEC Energy,Wisconsin Public Service,WISCONSIN PUBLIC SERVICE CORPORATION,5000,2007-11-26,entity_simplified
2007,GOPAC,American Gas Association,American Gas Association,AMERICAN GAS ASSOCIATION,5000,2007-01-18,entity_exact
2007,RGA,Duke Energy,Duke Energy,DUKE ENERGY CORPORATION,5000,2007-06-19,entity_simplified
2007,RSLC,Exelon,Constellation Energy Group,CONSTELLATION ENERGY GROUP INC.,5000,2007-11-01,entity_simplified
2007,RSLC,DTE Energy,DTE Energy,DTE ENERGY CORPORATION SERVICES LLC,5000,2007-07-27,entity_simplified
2007,RSLC,Puget Sound Energy,Puget Sound Energy,PUGET SOUND ENERGY,5000,2007-08-24,entity_exact
2007,RSLC,Nuclear Energy Institute,Nuclear Energy Institute,NUCLEAR ENERGY INSTITUTE,2500,2007-06-08,entity_exact
2007,RGA,Pinnacle West Capital,Arizona Public Service,ARIZONA PUBLIC SERVICE COMPANY,2000,2007-02-28,entity_simplified
2007,DGA,American Gas Association,American Gas Association,AMERICAN GAS ASSOCIATION AGA,1300,2007-02-06,entity_simplified
2007,RSLC,American Gas Association,American Gas Association,AMERICAN GAS ASSOCIATION,399,2007-10-10,entity_exact
2007,DGA,American Gas Association,American Gas Association,AMERICAN GAS ASSOCIATION AGA,375,2007-03-29,entity_simplified
2007,DGA,Dominion Energy,Dominion Resources,DOMINION RESOURCES,250,2007-10-26,entity_exact
2006,DGA,FirstEnergy,First Energy,FIRST ENERGY CORP,100000,2006-04-12,entity_simplified
2006,RGA,FirstEnergy,FirstEnergy,FIRSTENERGY CORP.,100000,2006-07-28,entity_simplified
2006,RGA,Southern Company,Southern Company Services,"SOUTHERN COMPANY SERVICES, INC.",100000,2006-05-17,entity_simplified
2006,RSLC,Edison Electric Institute,Edison Electric Institute,EDISON ELECTRIC INSTITUTE,50000,2006-03-24,entity_exact
2006,DGA,FirstEnergy,Allegheny Energy,"ALLEGHENY ENERGY, INC.",25000,2006-09-22,entity_simplified
2006,DGA,American Electric Power,American Electric Power,AMERICAN ELECTRIC POWER AEP,25000,2006-09-20,entity_simplified
2006,DGA,American Electric Power,American Electric Power,AMERICAN ELECTRIC POWER CMTE FOR,25000,2006-06-13,entity_simplified
2006,DGA,Dominion Energy,Dominion Resources,DOMINION RESOURCES,25000,2006-06-29,entity_exact
2006,DGA,NextEra,FPL,"FPL ENERGY, LLC.",25000,2006-11-01,entity_word_boundary
2006,RGA,Exelon,Exelon,EXELON CORPORATION,25000,2006-02-10,entity_word_boundary
2006,RGA,NextEra,FPL,FPL,25000,2006-04-13,entity_word_boundary
2006,RGA,Eversource,Northeast Utilities,NORTHEAST UTILITIES SERVICE COMPANY,25000,2006-06-30,entity_simplified
2006,RSLC,Dominion Energy,Dominion Resources,"DOMINION RESOURCES SERVICES, INC.",25000,2006-06-16,entity_simplified
2006,RSLC,FirstEnergy,FirstEnergy,FIRSTENERGY CORP.,25000,2006-08-31,entity_simplified
2006,DGA,Edison Electric Institute,Edison Electric Institute,EDISON ELECTRIC INSTITUTE EEI,20000,2006-01-23,entity_simplified
2006,RGA,American Gas Association,American Gas Association,AMERICAN GAS ASSOCIATION,20000,2006-03-13,entity_exact
2006,DGA,Pinnacle West Capital,Pinnacle West,PINNACLE WEST CAPITAL CORP,15000,2006-03-31,entity_simplified
2006,DGA,Public Service Enterprise Group,PSEG,PSEG SERVICES,15000,2006-09-22,entity_word_boundary
2006,DLCC,Berkshire Hathaway Energy,MidAmerican Energy,MIDAMERICAN ENERGY,15000,2006-08-30,entity_exact
2006,RGA,Edison Electric Institute,Edison Electric Institute,EDISON ELECTRIC INSTITUTE,15000,2006-12-04,entity_exact
2006,DLCC,Duke Energy,Progress Energy,PROGRESS ENERGY,13000,2006-05-12,entity_exact
2006,RSLC,Duke Energy,Progress Energy,"PROGRESS ENERGY, INC. ?",13000,2006-05-19,entity_simplified
2006,DLCC,Exelon,Constellation Energy Group,CONSTELLATION ENERGY GROUP,12000,2006-10-27,entity_exact
2006,DLCC,Duke Energy,Duke Energy,DUKE ENERGY CORPORATION,12000,2006-04-27,entity_simplified
2006,RSLC,Duke Energy,Duke Energy,DUKE ENERGY,12000,2006-03-31,entity_exact
2006,DGA,American Gas Association,American Gas Association,AMERICAN GAS ASSOCIATION AGA,10000,2006-11-03,entity_simplified
2006,DGA,Berkshire Hathaway Energy,MidAmerican Energy,MIDAMERICAN ENERGY HOLDINGS COMPANY,10000,2006-11-02,entity_simplified
2006,DGA,NRG Energy,NRG Energy,NRG ENERGY INC.,10000,2006-08-24,entity_simplified
2006,DGA,Nuclear Energy Institute,Nuclear Energy Institute,NUCLEAR ENERGY INSTITUTE,10000,2006-10-26,entity_exact
2006,DGA,Berkshire Hathaway Energy,Pacificorp,PACIFICORP,10000,2006-10-12,entity_exact
2006,DGA,Xcel Energy,Xcel Energy,XCEL ENERGY,10000,2006-08-28,entity_exact
2006,RGA,CMS Energy,CMS Energy,CMS ENERGY CORPORATION,10000,2006-07-25,entity_simplified
2006,RGA,DTE Energy,DTE Energy,DTE ENERGY,10000,2006-03-22,entity_exact
2006,RGA,National Grid,National Grid,NATIONAL GRID USA,10000,2006-07-11,entity_simplified
2006,RGA,Nuclear Energy Institute,Nuclear Energy Institute,NUCLEAR ENERGY INSTITUTE,10000,2006-11-22,entity_exact
2006,RGA,Pinnacle West Capital,Pinnacle West,PINNACLE WEST CAPITAL CORPORATION,10000,2006-09-19,entity_simplified
2006,RGA,Duke Energy,Progress Energy,"PROGRESS ENERGY, INC.",10000,2006-03-16,entity_simplified
2006,RGA,Xcel Energy,Xcel Energy Services,XCEL ENERGY SERVICES INC.,10000,2006-04-27,entity_simplified
2006,DLCC,Duke Energy,Piedmont Natural Gas,PIEDMONT NATURAL GAS CO.,8500,2006-08-24,entity_simplified
2006,DGA,Nuclear Energy Institute,Nuclear Energy Institute,NUCLEAR ENERGY INSTITUTE,5000,2006-03-07,entity_exact
2006,DGA,Xcel Energy,Xcel Energy,XCEL ENERGY,5000,2006-10-31,entity_exact
2006,GOPAC,American Gas Association,American Gas Association,AMERICAN GAS ASSOCIATION,5000,2006-01-03,entity_exact
2006,RGA,Xcel Energy,Xcel Energy,XCEL ENERGY,5000,2006-09-14,entity_exact
2006,RSLC,American Gas Association,American Gas Association,AMERICAN GAS ASSOCIATION,5000,2006-01-04,entity_exact
2006,RSLC,American Gas Association,American Gas Association,AMERICAN GAS ASSOCIATION,5000,2006-01-27,entity_exact
2006,RSLC,American Gas Association,American Gas Association,AMERICAN GAS ASSOCIATION,5000,2006-02-03,entity_exact
2006,RSLC,Dominion Energy,Dominion Resources,"DOMINION RESOURCES SERVICES, INC.",5000,2006-05-08,entity_simplified
2006,RSLC,Puget Sound Energy,Puget Sound Energy,PUGET SOUND ENERGY,5000,2006-10-17,entity_exact
2006,RSLC,American Gas Association,American Gas Association,AMERICAN GAS ASSOCIATION,3500,2006-08-21,entity_exact
2006,DGA,Dominion Energy,Dominion Resources,DOMINION RESOURCES,2500,2006-10-31,entity_exact
2006,GOPAC,NextEra,Florida Power & Light,FLORIDA POWER AND LIGHT,2500,2006-12-19,entity_exact
2006,RGA,Exelon,Exelon,EXELON,2500,2006-06-21,entity_word_boundary
2006,RSLC,American Gas Association,American Gas Association,AMERICAN GAS ASSOCIATION,1500,2006-08-04,entity_exact
2006,GOPAC,NextEra,FPL,FPL PAC,1000,2006-12-29,entity_word_boundary
2006,RGA,American Gas Association,American Gas Association,AMERICAN GAS ASSOCIATION,500,2006-04-12,entity_exact
2006,RSLC,CenterPoint Energy,Vectren,VECTREN EMPLOYEES FEDERAL PAC,500,2006-12-28,entity_word_boundary
2006,RGA,American Gas Association,American Gas Association,AMERICAN GAS ASSOCIATION,425,2006-11-08,entity_exact
2006,RGA,American Gas Association,American Gas Association,AMERICAN GAS ASSOCIATION,425,2006-11-21,entity_exact
2006,RGA,DTE Energy,DTE Energy,DTE ENERGY,425,2006-11-13,entity_exact
2006,RGA,Nuclear Energy Institute,Nuclear Energy Institute,NUCLEAR ENERGY INSTITUTE,425,2006-12-01,entity_exact
2006,RGA,Public Service Enterprise Group,PSEG,PSEG,425,2006-12-01,entity_word_boundary
2006,DGA,American Gas Association,American Gas Association,AMERICAN GAS ASSOCIATION AGA,390,2006-10-02,entity_simplified
2006,GOPAC,Spire,Spire,MS. JOAN E SPIRE,100,2006-08-14,entity_word_boundary
2006,GOPAC,Spire,Spire,MS. JOAN E. SPIRE,25,2006-10-30,entity_word_boundary
2005,DGA,American Gas Association,American Gas Association,AMERICAN GAS ASSOCIATION,25000,2005-01-18,entity_exact
2005,DGA,Sempra Energy,Sempra Energy,SEMPRA ENERGY,25000,2005-07-15,entity_exact
2005,RGA,Southern Company,AGL,AGL RESOURCES INC.,25000,2005-03-28,entity_word_boundary
2005,RGA,Calpine,Calpine,CALPINE CORPORATION,25000,2005-11-22,entity_word_boundary
2005,RGA,Berkshire Hathaway Energy,Nevada Power Company,NEVADA POWER COMPANY,25000,2005-02-10,entity_exact
2005,RGA,American Gas Association,American Gas Association,AMERICAN GAS ASSOCIATION,20000,2005-01-20,entity_exact
2005,RGA,American Gas Association,American Gas Association,AMERICAN GAS ASSOCIATION,20000,2005-02-11,entity_exact
2005,DGA,Pinnacle West Capital,Pinnacle West,PINNACLE WEST CAPITAL CORP,15000,2005-04-13,entity_simplified
2005,RGA,Public Service Enterprise Group,Public Service Enterprise Group,PUBLIC SERVICE ENTERPRISE GROUP (PSEG),15000,2005-08-30,entity_simplified
2005,DLCC,Duke Energy,Duke Energy,DUKE ENERGY CORPORATION,12000,2005-07-11,entity_simplified
2005,DGA,Calpine,Calpine,CALPINE CORPORATION,10000,2005-12-05,entity_word_boundary
2005,DGA,Exelon,Constellation Energy Group,CONSTELLATION ENERGY GROUP CONFERENCE,10000,2005-10-21,entity_simplified
2005,DGA,Public Service Enterprise Group,PSEG,PSEG SERVICES,10000,2005-01-18,entity_word_boundary
2005,DGA,Salt River Project,Salt River Project,SALT RIVER PROJECT,10000,2005-04-08,entity_exact
2005,DGA,WEC Energy,Wisconsin Public Service,WISCONSIN PUBLIC SERVICE CORP,10000,2005-10-28,entity_simplified
2005,RGA,Exelon,Constellation Energy Group,CONSTELLATION ENERGY GROUP,10000,2005-07-07,entity_exact
2005,RGA,NextEra,Florida Power & Light,FLORIDA POWER AND LIGHT COMPANY,10000,2005-05-05,entity_simplified
2005,RGA,AES Corporation,AES Ohio,THE DAYTON POWER AND LIGHT COMPANY,10000,2005-04-15,entity_simplified
2005,RSLC,American Gas Association,American Gas Association,AMERICAN GAS ASSOCIATION,10000,2005-01-04,entity_exact
2005,RSLC,American Gas Association,American Gas Association,AMERICAN GAS ASSOCIATION,10000,2005-02-01,entity_exact
2005,DGA,MGE Energy,Madison Gas and Electric Company,MADISON GAS AND ELECTRIC COMPANY,5000,2005-05-09,entity_exact
2005,DGA,Public Service Enterprise Group,PSEG,PSEG SERVICES,5000,2005-11-21,entity_word_boundary
2005,RGA,Avista Corporation,Avista Corporation,AVISTA CORPORATION,5000,2005-01-11,entity_exact
2005,RGA,Dominion Energy,Dominion PAC,DOMINION POLITICAL ACTION COMMITTEE,5000,2005-09-09,entity_exact
2005,RGA,Nuclear Energy Institute,Nuclear Energy Institute,NUCLEAR ENERGY INSTITUTE,5000,2005-10-05,entity_exact
2005,RGA,Southern Company,Southern Company PAC,SOUTHERN COMPANY EMPLOYEES PAC,5000,2005-03-02,entity_exact
2005,RSLC,American Gas Association,American Gas Association,AMERICAN GAS ASSOCIATION,5000,2005-08-22,entity_exact
2005,RSLC,American Gas Association,American Gas Association,AMERICAN GAS ASSOCIATION,5000,2005-11-07,entity_exact
2005,RSLC,Puget Sound Energy,Puget Sound Energy,PUGET SOUND ENERGY,5000,2005-05-20,entity_exact
2005,RGA,American Gas Association,American Gas Association,AMERICAN GAS ASSOCIATION,3000,2005-03-21,entity_exact
2005,GOPAC,NextEra,Florida Power & Light,FLORIDA POWER AND LIGHT CO.,2500,2005-05-31,entity_simplified
2005,DGA,American Gas Association,American Gas Association,AMERICAN GAS ASSOCIATION,1103,2005-05-18,entity_exact
2005,RGA,Calpine,Calpine,CALPINE CORPORATION,750,2005-01-11,entity_word_boundary
2005,RGA,Calpine,Calpine,CALPINE CORPORATION,425,2005-11-07,entity_word_boundary
2005,RGA,Exelon,Exelon,EXELON CORPORATION,425,2005-11-07,entity_word_boundary
2005,RGA,Nuclear Energy Institute,Nuclear Energy Institute,NUCLEAR ENERGY INSTITUTE,425,2005-11-07,entity_exact
2005,RGA,Public Service Enterprise Group,Public Service Enterprise Group,PUBLIC SERVICE ENTERPRISE GROUP (PSEG),425,2005-11-15,entity_simplified
2005,RGA,Public Service Enterprise Group,Public Service Enterprise Group,PUBLIC SERVICE ENTERPRISE GROUP (PSEG),425,2005-11-15,entity_simplified
2005,RGA,American Gas Association,American Gas Association,AMERICAN GAS ASSOCIATION,418,2005-07-29,entity_exact
2005,RGA,Public Service Enterprise Group,PSEG,PSEG,375,2005-01-06,entity_word_boundary
2005,RGA,Public Service Enterprise Group,PSEG,PSEG,375,2005-01-06,entity_word_boundary
2004,RGA,American Gas Association,American Gas Association,AMERICAN GAS ASSOCIATION,175000,2004-09-01,entity_exact
2004,RGA,American Gas Association,American Gas Association,AMERICAN GAS ASSOCIATION,75000,2004-08-18,entity_exact
2004,DGA,American Gas Association,American Gas Association,AMERICAN GAS ASSOCIATION,25000,2004-06-21,entity_exact
2004,DGA,Exelon,Exelon Business Services,EXELON BUSINESS SERVICES,25000,2004-10-19,entity_exact
2004,RGA,Calpine,Calpine,CALPINE CORPORATION,25000,2004-11-08,entity_word_boundary
2004,DGA,Edison Electric Institute,Edison Electric Institute,EDISON ELECTRIC INSTITUTE,20000,2004-02-24,entity_exact
2004,DGA,Edison Electric Institute,Edison Electric Institute,EDISON ELECTRIC INSTITUTE,20000,2004-10-18,entity_exact
2004,RGA,American Gas Association,American Gas Association,AMERICAN GAS ASSOCIATION,20000,2004-02-12,entity_exact
2004,RGA,Edison Electric Institute,Edison Electric Institute,EDISON ELECTRIC INSTITUTE (EEI),15000,2004-03-23,entity_simplified
2004,RGA,Edison Electric Institute,Edison Electric Institute,EDISON ELECTRIC INSTITUTE (EEI),15000,2004-10-15,entity_simplified
2004,RGA,Edison Electric Institute,Edison Electric Institute,EDISON ELECTRIC INSTITUTE (EEI),15000,2004-10-15,entity_simplified
2004,RGA,Exelon,Exelon,EXELON CORPORATION,15000,2004-02-18,entity_word_boundary
2004,RSLC,American Gas Association,American Gas Association,AMERICAN GAS ASSOCIA,15000,2004-03-16,entity_simplified
2004,RSLC,American Gas Association,American Gas Association,AMERICAN GAS ASSOCIATION,15000,2004-03-16,entity_exact
2004,DLCC,Duke Energy,Duke Energy,DUKE ENERGY CORPORATION,12000,2004-06-14,entity_simplified
2004,DGA,American Gas Association,American Gas Association,AMERICAN GAS ASSOCIATION,10000,2004-02-10,entity_exact
2004,DGA,American Gas Association,American Gas Association,AMERICAN GAS ASSOCIATION,10000,2004-08-05,entity_exact
2004,DGA,Pinnacle West Capital,Pinnacle West,PINNACLE WEST CAPITAL CORP,10000,2004-03-29,entity_simplified
2004,DGA,Public Service Enterprise Group,PSEG,PSEG SERVICES,10000,2004-09-22,entity_word_boundary
2004,DGA,WEC Energy,Wisconsin Public Service,WISCONSIN PUBLIC SERVICE CORP,10000,2004-04-27,entity_simplified
2004,DGA,WEC Energy,Wisconsin Public Service,WISCONSIN PUBLIC SERVICE CORP,10000,2004-11-30,entity_simplified
2004,RGA,DTE Energy,DTE Energy,DTE ENERGY,10000,2004-01-27,entity_exact
2004,RGA,DTE Energy,DTE Energy,DTE ENERGY,10000,2004-11-15,entity_exact
2004,RGA,Duke Energy,Duke Energy,DUKE ENERGY CORPORATION,10000,2004-03-25,entity_simplified
2004,RGA,Public Service Enterprise Group,PSEG,PSEG,10000,2004-07-31,entity_word_boundary
2004,RGA,Public Service Enterprise Group,PSEG,PSEG,10000,2004-10-27,entity_word_boundary
2004,RGA,Southern Company,Southern Company,SOUTHERN COMPANY,6000,2004-02-07,entity_exact
2004,DGA,Salt River Project,Salt River Project,SALT RIVER PROJECT,5000,2004-04-20,entity_exact
2004,DGA,Salt River Project,Salt River Project,SALT RIVER PROJECT,5000,2004-10-22,entity_exact
2004,DLCC,Avista Corporation,Avista Corporation,AVISTA CORPORATION,5000,2004-10-18,entity_exact
2004,RGA,Southern Company,Alabama Power,ALABAMA POWER COMPANY,5000,2004-06-28,entity_simplified
2004,RGA,Edison Electric Institute,Edison Electric Institute,EDISON ELECTRIC INSTITUTE (EEI),5000,2004-01-27,entity_simplified
2004,RGA,Edison Electric Institute,Edison Electric Institute,EDISON ELECTRIC INSTITUTE (EEI),5000,2004-10-19,entity_simplified
2004,RGA,Nuclear Energy Institute,Nuclear Energy Institute,NUCLEAR ENERGY INSTITUTE,5000,2004-09-22,entity_exact
2004,RGA,American Gas Association,American Gas Association,AMERICAN GAS ASSOCIATION,4604,2004-02-17,entity_exact
2004,GOPAC,Edison International,Southern California Edison,SOUTHERN CALIFORNIA EDISON,2500,2004-08-25,entity_exact
2004,RGA,Exelon,Constellation Energy Group,CONSTELLATION ENERGY GROUP,2500,2004-08-11,entity_exact
2004,RGA,Duke Energy,Progress Energy,"PROGRESS ENERGY, INC.",2500,2004-04-05,entity_simplified
2004,RGA,Duke Energy,Progress Energy,"PROGRESS ENERGY, INC.",2500,2004-04-05,entity_simplified
2004,DGA,American Gas Association,American Gas Association,AMERICAN GAS ASSOCIATION,2000,2004-11-12,entity_exact
2004,RGA,American Gas Association,American Gas Association,AMERICAN GAS ASSOCIATION,2000,2004-09-30,entity_exact
2004,RSLC,Duke Energy,Progress Energy,PROGRESS ENERGY EMPLOYEES' CAROLINAS PAC,2000,2004-04-16,entity_simplified
2004,DLCC,Berkshire Hathaway Energy,MidAmerican Energy,MIDAMERICAN ENERGY COMPANY,1000,2004-09-29,entity_simplified
2004,RGA,Calpine,Calpine,CALPINE CORPORATION,695,2004-07-28,entity_word_boundary
2004,RGA,Edison Electric Institute,Edison Electric Institute,EDISON ELECTRIC INSTITUTE (EEI),695,2004-08-04,entity_simplified
2004,RGA,Edison Electric Institute,Edison Electric Institute,EDISON ELECTRIC INSTITUTE (EEI),695,2004-08-06,entity_simplified
2004,RGA,Public Service Enterprise Group,PSEG,PSEG,695,2004-08-23,entity_word_boundary
2004,RGA,Public Service Enterprise Group,PSEG,PSEG,695,2004-08-23,entity_word_boundary
2004,RGA,Public Service Enterprise Group,PSEG,PSEG,695,2004-08-24,entity_word_boundary
2004,DGA,American Gas Association,American Gas Association,AMERICAN GAS ASSOCIATION,566,2004-10-07,entity_exact
2004,RGA,American Electric Power,American Electric Power,"AMERICAN ELECTRIC POWER COMPANY, INC.",425,2004-11-08,entity_simplified
2004,RGA,American Gas Association,American Gas Association,AMERICAN GAS ASSOCIATION,425,2004-11-04,entity_exact
2004,RGA,American Gas Association,American Gas Association,AMERICAN GAS ASSOCIATION,425,2004-11-04,entity_exact
2004,RGA,Calpine,Calpine,CALPINE CORPORATION,425,2004-11-11,entity_word_boundary
2004,RGA,Calpine,Calpine,CALPINE CORPORATION,425,2004-11-30,entity_word_boundary
2004,RGA,DTE Energy,DTE Energy,DTE ENERGY,425,2004-11-08,entity_exact
2004,RGA,Edison Electric Institute,Edison Electric Institute,EDISON ELECTRIC INSTITUTE (EEI),425,2004-11-04,entity_simplified
2004,RGA,Exelon,Exelon,EXELON CORPORATION,425,2004-11-08,entity_word_boundary
2004,RGA,Nuclear Energy Institute,Nuclear Energy Institute,NUCLEAR ENERGY INSTITUTE,425,2004-11-03,entity_exact
2004,RGA,Exelon,Exelon,EXELON CORPORATION,-425,2004-11-30,entity_word_boundary
2003,RGA,Calpine,Calpine,CALPINE CORPORATION,25000,2003-11-13,entity_word_boundary
2003,RGA,Eversource,Northeast Utilities,NORTHEAST UTILITIES SYSTEMS,25000,2003-10-24,entity_simplified
2003,DGA,Edison Electric Institute,Edison Electric Institute,EDISON ELECTRIC INSTITUTE,20000,2003-03-14,entity_exact
2003,DGA,Berkshire Hathaway Energy,MidAmerican Energy,MIDAMERICAN ENERGY HOLDINGS COMPANY,20000,2003-03-06,entity_simplified
2003,DGA,Puget Sound Energy,Puget Sound Energy,PUGET SOUND ENERGY,15000,2003-03-24,entity_exact
2003,RGA,American Gas Association,American Gas Association,AMERICAN GAS ASSOCIATION,15000,2003-03-10,entity_exact
2003,RGA,Edison Electric Institute,Edison Electric Institute,EDISON ELECTRIC INSTITUTE (EEI),15000,2003-03-19,entity_simplified
2003,RGA,Public Service Enterprise Group,PSEG,PSEG,15000,2003-07-22,entity_word_boundary
2003,DLCC,Duke Energy,Duke Energy,DUKE ENERGY CORPORATION,12000,2003-07-28,entity_simplified
2003,DGA,American Gas Association,American Gas Association,AMERICAN GAS ASSOCIATION,10000,2003-04-03,entity_exact
2003,DGA,Public Service Enterprise Group,PSEG,PSEG SERVICES,10000,2003-12-16,entity_word_boundary
2003,RGA,Exelon,Exelon,EXELON CORPORATION,10000,2003-04-30,entity_word_boundary
2003,RGA,FirstEnergy,FirstEnergy,FIRSTENERGY CORPORATION,10000,2003-05-02,entity_simplified
2003,DGA,Calpine,Calpine,CALPINE CORPORATION,7500,2003-03-14,entity_word_boundary
2003,DGA,Exelon,Exelon PAC,EXELON PAC,7500,2003-11-04,entity_exact
2003,DGA,American Gas Association,American Gas Association,AMERICAN GAS ASSOCIATION,5000,2003-12-31,entity_exact
2003,DGA,Salt River Project,Salt River Project,SALT RIVER PROJECT,5000,2003-03-24,entity_exact
2003,DLCC,AES Corporation,AES Corporation,"AES SHADY POINT, LLC",5000,2003-04-09,entity_word_boundary
2003,RGA,American Gas Association,American Gas Association,AMERICAN GAS ASSOCIATION,5000,2003-07-31,entity_exact
2003,RGA,American Gas Association,American Gas Association,AMERICAN GAS ASSOCIATION,5000,2003-08-04,entity_exact
2003,RGA,Edison Electric Institute,Edison Electric Institute,EDISON ELECTRIC INSTITUTE,5000,2003-08-05,entity_exact
2003,RGA,Edison Electric Institute,Edison Electric Institute,EDISON ELECTRIC INSTITUTE (EEI),5000,2003-08-06,entity_simplified
2003,RGA,Exelon,Exelon,EXELON CORPORATION,5000,2003-07-22,entity_word_boundary
2003,RGA,NextEra,Florida Power & Light,FLORIDA POWER AND LIGHT,5000,2003-02-07,entity_exact
2003,RGA,NextEra,Florida Power & Light,FLORIDA POWER AND LIGHT COMPANY,5000,2003-02-07,entity_simplified
2003,RGA,Duke Energy,Progress Energy,PROGRESS ENERGY EMPLOYEES FLORIDA STATE PAC,5000,2003-07-02,entity_simplified
2003,RSLC,American Gas Association,American Gas Association,AMERICAN GAS ASSOCIATION,5000,2003-02-07,entity_exact
2003,RSLC,American Gas Association,American Gas Association,AMERICAN GAS ASSOCIATION,5000,2003-04-11,entity_exact
2003,DLCC,DTE Energy,DTE Energy,DTE ENERGY,2500,2003-07-08,entity_exact
2003,DLCC,Alta Gas,SEMCO Energy,SEMCO ENERGY,2500,2003-07-01,entity_exact
2003,RGA,Southern Company,Mississippi Power,MISSISSIPPI POWER COMPANY PAC,2000,2003-09-16,entity_simplified
2003,RGA,Southern Company,Mississippi Power,MISSISSIPPI POWER COMPANY STATE PAX,1000,2003-09-11,entity_simplified
2003,RGA,Southern Company,Mississippi Power,MISSISSIPPI POWER COMPANY STATE PAX,1000,2003-09-22,entity_simplified
2003,RGA,American Gas Association,American Gas Association,AMERICAN GAS ASSOCIATION,600,2003-07-02,entity_exact
2003,RGA,American Gas Association,American Gas Association,AMERICAN GAS ASSOCIATION,600,2003-07-07,entity_exact
2003,RGA,Exelon,Exelon,EXELON CORPORATION,565,2003-10-29,entity_word_boundary
2003,RGA,Exelon,Exelon,EXELON CORPORATION,565,2003-11-12,entity_word_boundary
2003,RGA,American Gas Association,American Gas Association,AMERICAN GAS ASSOCIATION,395,2003-10-31,entity_exact
2003,RGA,American Gas Association,American Gas Association,AMERICAN GAS ASSOCIATION,395,2003-11-14,entity_exact
2003,RGA,Calpine,Calpine,CALPINE CORPORATION,395,2003-11-12,entity_word_boundary
2003,RGA,Calpine,Calpine,CALPINE CORPORATION,395,2003-11-12,entity_word_boundary
2003,RGA,Edison Electric Institute,Edison Electric Institute,EDISON ELECTRIC INSTITUTE (EEI),395,2003-11-03,entity_simplified
2003,RGA,Edison Electric Institute,Edison Electric Institute,EDISON ELECTRIC INSTITUTE (EEI),395,2003-11-07,entity_simplified
2003,RGA,Edison Electric Institute,Edison Electric Institute,EDISON ELECTRIC INSTITUTE (EEI),395,2003-11-13,entity_simplified
2003,RGA,Eversource,Northeast Utilities,NORTHEAST UTILITIES SYSTEMS,395,2003-11-10,entity_simplified
2003,RGA,PG&E Corp,PG&E Corporation,PGANDE CORPORATION,395,2003-10-31,entity_exact
2003,RGA,Duke Energy,Progress Energy,"PROGRESS ENERGY, INC.",395,2003-10-29,entity_simplified
2003,RGA,Public Service Enterprise Group,PSEG,PSEG,395,2003-10-29,entity_word_boundary
2003,RGA,Public Service Enterprise Group,PSEG,PSEG,395,2003-11-05,entity_word_boundary
2003,RGA,Calpine,Calpine,CALPINE CORPORATION,350,2003-04-28,entity_word_boundary
2003,RGA,American Gas Association,American Gas Association,AMERICAN GAS ASSOCIATION,-395,2003-12-03,entity_exact
2003,RGA,Duke Energy,Progress Energy,"PROGRESS ENERGY, INC.",-395,2003-12-03,entity_simplified
2003,RGA,Public Service Enterprise Group,PSEG,PSEG,-395,2003-12-03,entity_word_boundary
2002,RGA,FirstEnergy,FirstEnergy,FIRSTENERGY CORPORATION,100000,2002-10-11,entity_simplified
2002,RGA,DTE Energy,DTE Energy,DTE ENERGY,25000,2002-10-08,entity_exact
2002,RGA,Eversource,Northeast Utilities,NORTHEAST UTILITIES SYSTEMS,25000,2002-10-25,entity_simplified
2002,RGA,Exelon,Exelon,EXELON CORPORATION,20000,2002-10-08,entity_word_boundary
2002,RGA,Calpine,Calpine,CALPINE CORPORATION,15000,2002-11-15,entity_word_boundary
2002,RGA,CMS Energy,CMS Energy,CMS ENERGY CORPORATION,10000,2002-10-25,entity_simplified
2002,RGA,Pinnacle West Capital,Pinnacle West,PINNACLE WEST CAPITAL CORPORATION,5000,2002-11-15,entity_simplified
2002,RGA,DTE Energy,DTE Energy,DTE ENERGY,539,2002-11-08,entity_exact
2002,RGA,DTE Energy,DTE Energy,DTE ENERGY,539,2002-11-08,entity_exact
2002,RGA,Exelon,PECO Energy,PECO ENERGY CO.,539,2002-12-12,entity_simplified
2002,RGA,American Gas Association,American Gas Association,AMERICAN GAS ASSOCIATION,350,2002-11-07,entity_exact
2002,RGA,American Gas Association,American Gas Association,AMERICAN GAS ASSOCIATION,350,2002-12-12,entity_exact
2002,RGA,Edison Electric Institute,Edison Electric Institute,EDISON ELECTRIC INSTITUTE (EEI),350,2002-12-10,entity_simplified
